a,b,count_a,count_b,succ_cos,pred_cos,score
or,s,390,328,0.926951397325164,0.5903638699218879,0.8259751391041811
shedy,chedy,255,341,0.8244435890686956,0.7872061344777631,0.8132723526914158
s,r,328,196,0.9055021088143459,0.5624363473967913,0.8025823803890795
chor,chol,215,367,0.8400881569418005,0.7058930472727876,0.7998296240410966
ar,or,449,390,0.8056724147069868,0.7492266183533717,0.7887386758009023
chey,chedy,510,341,0.7900119448191123,0.7788341822876734,0.7866586160596807
chol,cthol,367,55,0.8097190322950749,0.7255392687835124,0.7844651032416061
or,r,390,196,0.9027017348544527,0.5005837761581816,0.7820663472455713
shey,chey,344,510,0.7706556308502859,0.7895476689819738,0.7763232422897921
shey,chedy,344,341,0.7950636185739947,0.7219054112659959,0.7731161563815949
or,ol,390,588,0.7741561780569232,0.7564050435724439,0.7688308377115793
chey,ol,510,588,0.7343149679910664,0.8063725773271374,0.7559322507918877
ar,al,449,311,0.7456232195478335,0.6992018231087946,0.7316968006161217
shol,chol,176,367,0.7901260536587772,0.5765279930236082,0.7260466354682265
chor,cthol,215,55,0.7409853879646103,0.6455450232402459,0.712353278547301
cthy,cthol,100,55,0.7088824205186848,0.7163822196910589,0.711132360270397
shey,shedy,344,255,0.7451923785677664,0.6217077741958185,0.708146997256182
y,ol,210,588,0.7457098242105502,0.617861381782839,0.7073552914822369
chey,shedy,510,255,0.7040994211077143,0.7071711423208902,0.705020937471667
shey,ol,344,588,0.6933818683243003,0.728460915347725,0.7039055824313276
d,o,53,114,0.7802496907751517,0.5238984277966047,0.7033443118815876
ain,al,149,311,0.7025136935673962,0.7009024145746626,0.7020303098695762
cthy,chy,100,197,0.733538342445397,0.6037746998867077,0.6946092496777901
ol,al,588,311,0.7211052021977146,0.6292235987164366,0.6935407211533312
ar,s,449,328,0.809185017174019,0.4043817181796383,0.6877440274757047
ar,ol,449,588,0.6809860183048636,0.7031682926400952,0.687640700605433
r,ol,196,588,0.7780235914183343,0.47176896947088415,0.6861472048340992
dar,ol,287,588,0.7256633881594325,0.5923325414022563,0.6856641341322797
chol,cthy,367,100,0.7390016929809089,0.5568595044117459,0.68435903641016
s,ol,328,588,0.7367520547326509,0.5550684462417572,0.6822469721853828
chor,chy,215,197,0.6682602230071863,0.7122210424733455,0.6814484688470341
s,d,328,53,0.7990913212610186,0.4031157264192343,0.6802986428084832
cthy,cthor,100,45,0.6597101924058243,0.7266953643431432,0.6798057439870199
ol,l,588,156,0.8195704222705626,0.3502650714826588,0.6787788170341914
cthol,cthor,55,45,0.6924791157738337,0.6387836232292368,0.6763704680104545
s,sar,328,77,0.8131960252239462,0.35410818266677185,0.6754696724567938
ar,ain,449,149,0.6545874100626873,0.7220889464928808,0.6748378709917453
or,sar,390,77,0.8209636632702185,0.33146462327128823,0.6741139512705394
or,cheo,390,75,0.7311745518578627,0.5385122106672763,0.6733758495006867
dain,ol,173,588,0.7202848610705634,0.5636662846621028,0.6732992881480252
r,lor,196,38,0.7212872353155702,0.5584687084566007,0.6724416772578793
dain,chey,173,510,0.7062859561728965,0.5882426930019898,0.6708729772216244
shol,chor,176,215,0.7076414873612855,0.5850586867572685,0.6708666471800804
chol,chy,367,197,0.6654209255046537,0.6818097585414573,0.6703375754156948
ain,ol,149,588,0.7107370046306856,0.5699110615372429,0.6684892217026528
chor,cthy,215,100,0.7024713768650165,0.58780098511986,0.6680702593414695
r,sar,196,77,0.8267226221981496,0.29367046203550273,0.6668069741493555
chey,chckhy,510,141,0.6604742304537815,0.6806989319224882,0.6665416408943935
ar,air,449,95,0.6326966409483024,0.740019627796351,0.6648935370027169
s,cheo,328,75,0.726247432683652,0.5198293511896379,0.6643220082354477
ar,r,449,196,0.7761988733846295,0.4011145923939788,0.6636735890874342
dain,chol,173,367,0.694126892573311,0.592137189306741,0.6635299815933399
or,d,390,53,0.7682511425340139,0.4057479029786118,0.6595001706673933
ain,air,149,95,0.6435443793921138,0.691892931913091,0.658048945148407
dal,ol,190,588,0.6866492390876865,0.5886652934260936,0.6572540553892086
dar,dal,287,190,0.6629093994865988,0.643877763768533,0.6571999087711791
or,ches,390,44,0.7728943347207394,0.3812256575678919,0.6553937315748851
dain,qoky,173,137,0.7192333118643417,0.5055237005485554,0.6551204284696058
sol,qol,63,147,0.7520674358241188,0.42200571697400596,0.6530489201690849
dain,dal,173,190,0.6738991007553746,0.6011180229021728,0.652064777399414
shol,cthol,176,55,0.680092580815173,0.5864400782998352,0.6519968300605716
ol,qol,588,147,0.7921286960749138,0.3245007031649228,0.6518402982019165
chey,chcthy,510,84,0.6215358112767468,0.7143670965401945,0.6493851968557811
s,ches,328,44,0.7504666521774201,0.40949273364551936,0.6481744766178499
shol,cthy,176,100,0.6634271256804463,0.6101269031998694,0.6474370589362731
d,cheo,53,75,0.7824019285365916,0.33238314919769124,0.6473962947349214
qoky,qol,137,147,0.6850119934676883,0.5592353408710308,0.647278997688691
qol,l,147,156,0.7797666704968295,0.33020367953395263,0.6448977732079664
r,ches,196,44,0.7853834417038461,0.31508698061455676,0.6442945033770593
ar,char,449,79,0.7119777306082845,0.48628222195337184,0.6442690780118107
y,al,210,311,0.646867014604279,0.6314074013399829,0.6422291306249901
ches,sar,44,77,0.7910554157438426,0.29262540838011597,0.6415264135347246
dain,dar,173,287,0.6714099601346333,0.5615947116294734,0.6384653855830853
dain,chor,173,215,0.6632863148439193,0.5738943604395176,0.6364687285225987
ar,dar,449,287,0.7379457891478897,0.39757349310212925,0.6358341003341614
s,kar,328,58,0.6796429577892859,0.5316953637598841,0.6352586795804653
r,d,196,53,0.7506675853037335,0.3593135731538195,0.6332613816587592
ar,sar,449,77,0.8085197856116694,0.2213209309963958,0.6323601292270873
chor,cthor,215,45,0.6890183787778222,0.4959648912938797,0.6311023325326395
s,lor,328,38,0.7147183511622597,0.4339793798198923,0.6304966597595494
ol,sor,588,43,0.7448511546906255,0.35809463124737506,0.6288241976576503
sho,chol,118,367,0.6466418516998699,0.5860714980544562,0.6284707456062457
shey,chcthy,344,84,0.5843896548992843,0.7297445311096411,0.6279961177623913
ol,chedy,588,341,0.5943151004336303,0.7023479989172555,0.6267249699787178
or,al,390,311,0.5888379004723133,0.7072948184430004,0.6243749758635194
chol,dor,367,63,0.6645578192442666,0.529041188259192,0.6239028299487441
ol,cheo,588,75,0.646697583982301,0.5685914924786573,0.6232657565312079
chy,dy,197,204,0.6413717620771793,0.577784244401416,0.6222955067744502
chey,dy,510,204,0.6410295195328819,0.5784984510925388,0.622270199000779
chor,dor,215,63,0.6616374085389405,0.5248821178357693,0.6206108213279891
shey,dal,344,190,0.6337177433054846,0.5870360940267918,0.6197132485218767
r,cheo,196,75,0.7345999631235023,0.3516170385543029,0.6197050857527424
chey,al,510,311,0.6820206874326297,0.47218567107985365,0.6190701825267968
y,or,210,390,0.6075050273652519,0.6435596892353206,0.6183214259262725
ol,chckhy,588,141,0.591799054354317,0.679876278006595,0.6182222214500004
ol,ches,588,44,0.6789305148981974,0.4765645356232003,0.6182207211156983
s,o,328,114,0.6750017516282499,0.4839055358127868,0.617672886883611
dain,chy,173,197,0.6335761465795972,0.5796371091370943,0.6173944353468462
ar,ches,449,44,0.7435440887680346,0.32230807441196824,0.6171732844612146
chey,dal,510,190,0.6224345924412266,0.602453273569477,0.6164401967797016
dar,dair,287,93,0.6563788155951292,0.5218145192866619,0.616009526702589
dal,qoky,190,137,0.6673403135455979,0.4960208552790505,0.6159444760656336
chy,cthol,197,55,0.5955199440120427,0.6634513474322365,0.6158993650381008
dar,al,287,311,0.7512700916596365,0.2953036589475438,0.6144801618460086
shol,sho,176,118,0.6647392626020251,0.4964323703373845,0.6142471949226329
shol,chy,176,197,0.633307188475328,0.5696306620910611,0.6142042305600478
ol,tar,588,43,0.6996361988706595,0.4146139914483856,0.6141295366439773
y,o,210,114,0.6134574637189256,0.6117944530887711,0.6129585605298793
chol,kol,367,35,0.667974177718125,0.47877790155892547,0.6112152948703651
or,lor,390,38,0.7230214237100101,0.34923841003303996,0.6108865196069191
chdy,chey,108,510,0.6242366645063726,0.5795108997580237,0.6108189350818679
s,tar,328,43,0.6833312593586274,0.4398200443123061,0.6102778948447309
dain,dol,173,97,0.6227106859333176,0.5794675493082695,0.6097377449458031
ol,sol,588,63,0.7030808976639608,0.39126025529090197,0.6095347049520431
s,char,328,79,0.6720935301145724,0.4615528191351333,0.6089313168207406
or,o,390,114,0.6321773187354858,0.553342455233122,0.6085268596847766
ol,sar,588,77,0.6917272229486556,0.4133111505776829,0.6082024012373638
ol,lor,588,38,0.7087946348930236,0.37305358632630786,0.6080723203230088
kar,tar,58,43,0.6907325641999276,0.41454651366108924,0.607876749038276
shol,dain,176,173,0.6515365734314662,0.5048107528324774,0.6075188272517695
s,dar,328,287,0.6372918252106662,0.5370913430676305,0.6072316805677554
shol,dy,176,204,0.6335285451285927,0.545468337487868,0.6071104828363753
shol,shor,176,91,0.6792429394636439,0.43215768085880785,0.605117361882193
shey,qol,344,147,0.7332060968853452,0.30494900474173964,0.6047289692422635
dain,cthy,173,100,0.6403564062721655,0.5199944672575395,0.6042478245677777
or,char,390,79,0.6463493714753563,0.5056128720862519,0.604128421658625
qoky,sol,137,63,0.6797919339619689,0.4275083291550284,0.6041068525198867
dain,dy,173,204,0.6361807505281182,0.5288291109950113,0.6039752586681861
cheo,o,75,114,0.7046021942326397,0.36716927704847363,0.6033723190773899
dain,chckhy,173,141,0.6544016899856699,0.47922705313817976,0.6018492989314228
chor,cho,215,77,0.6554221602576749,0.4733185441148033,0.6007910754148134
d,sar,53,77,0.6725023056136987,0.43335734271547965,0.600758816744233
dain,shy,173,94,0.6798371602992461,0.4033436675656287,0.5968891124791609
dal,chedy,190,341,0.5984198923228327,0.5932245477306985,0.5968612889451924
chcthy,chckhy,84,141,0.6011748097568994,0.5867100872226101,0.5968353929966126
sol,l,63,156,0.7198098706935291,0.3090003976177965,0.5965670287708092
chdy,chcthy,108,84,0.6453867242839965,0.48196425688895733,0.5963599840654847
dain,shey,173,344,0.6249566521145123,0.5232023440168614,0.5944303596852171
ar,y,449,210,0.5717497687630059,0.6458711373225254,0.5939861793308617
chol,chody,367,80,0.582934898009858,0.6191547543870206,0.5938008549230067
dain,chody,173,80,0.6369125974287939,0.4931029484629663,0.5937697027390456
r,tar,196,43,0.678936774684229,0.3948801673814363,0.5937197924933911
y,chey,210,510,0.6101229571734652,0.5553049127458717,0.5936775438451871
cthy,chody,100,80,0.6470023026818308,0.4691035406743383,0.593632674079583
shey,dar,344,287,0.5967419781400847,0.5861622016049576,0.5935680451795465
dar,chey,287,510,0.6125660941150202,0.548781590220492,0.5934307429466616
r,sor,196,43,0.7200369715432349,0.2966180594657906,0.5930112979200015
ol,shedy,588,255,0.552442396426245,0.6858104612192732,0.5924528158641534
or,tar,390,43,0.6938489272310087,0.354651921114665,0.5920898253961056
chey,qoky,510,137,0.674130340166446,0.39885831957452467,0.5915487339888695
shol,kol,176,35,0.6125425022049892,0.541898099349669,0.5913491813483931
chdy,shey,108,344,0.5999671946452241,0.5703708168282743,0.5910882813001391
chdy,chedy,108,341,0.5858594205810262,0.6025340818997509,0.5908618189766436
ol,qoky,588,137,0.6839137741855814,0.37258096124427,0.590513930303188
al,air,311,95,0.5733820976462797,0.6302729906990824,0.5904493655621205
char,dar,79,287,0.6325946723729219,0.4905774738272402,0.5899895128092174
chol,cthor,367,45,0.6703913813530599,0.40129104773671287,0.5896612812681556
chor,sho,215,118,0.610219654386961,0.5401769740924126,0.5892068502985964
or,chos,390,42,0.6846498891037742,0.36474117765108127,0.5886772756679663
dar,tar,287,43,0.6526672103505734,0.43678314486798464,0.5879019907057967
chey,shy,510,94,0.6141132862248604,0.5263167821493735,0.5877743350022143
chey,chy,510,197,0.5762039442681105,0.613217401121948,0.5873079813242618
ol,dol,588,97,0.6214598256557784,0.506962378171359,0.5871105914104525
cho,ol,77,588,0.6307837851430764,0.4850707023405928,0.5870698603023312
chcthy,chedy,84,341,0.5573145548573999,0.6539677805712757,0.5863105225715626
ol,dair,588,93,0.6406088097925211,0.4587558941178955,0.5860529350901333
dain,dair,173,93,0.601627690629791,0.5488345803595271,0.5857897575487119
or,dar,390,287,0.6309795170870331,0.4793432406992949,0.5854886341707116
or,kar,390,58,0.6610872403628162,0.4085071350049923,0.585313208755469
s,sor,328,43,0.684051186503038,0.3532033533987257,0.5847968365717442
ar,chos,449,42,0.6695835220865395,0.38615888585960784,0.58455613121846
dal,qol,190,147,0.6664202083624886,0.39296888219398,0.584384810511936
shey,chckhy,344,141,0.5528402103946002,0.6574853346553816,0.5842337476728345
y,shey,210,344,0.5903575140061216,0.5685070395213613,0.5838023716606935
y,chor,210,215,0.599144279043871,0.5478824102287572,0.5837657183993368
shey,dy,344,204,0.5760393473018046,0.6000701975844106,0.5832486023865864
ol,air,588,95,0.6070384463926861,0.5238208482731765,0.5820731669568332
ar,o,449,114,0.6180487799618083,0.4978987549968661,0.5820037724723256
dar,chckhy,287,141,0.6083511725044479,0.5197084031546715,0.5817583416995149
shol,y,176,210,0.621070721342073,0.4788395010017898,0.578401355239988
ain,tar,149,43,0.7182491584749885,0.25149130796117175,0.5782218033208434
chor,shy,215,94,0.6252903511437602,0.46819980416450485,0.5781631870499835
chol,cho,367,77,0.655296869827038,0.39787849325376884,0.5780713568550573
y,chol,210,367,0.6204117212742408,0.4792100505320171,0.5780512200515737
y,dain,210,173,0.6490873177131303,0.41224999150260233,0.5780361198499719
or,sor,390,43,0.6920206702321807,0.31183150594507225,0.5779639209460481
s,chos,328,42,0.6771620605591546,0.34582798980528856,0.5777618393329947
chol,dy,367,204,0.5754078021067537,0.5827740100688593,0.5776176644953853
s,dair,328,93,0.6253166132149169,0.4652202206883141,0.577287695456936
ol,chcthy,588,84,0.5531956367317141,0.6334713730704937,0.577278357633348
ar,kar,449,58,0.670413812924717,0.3594952477690484,0.5771382433780164
chckhy,chedy,141,341,0.5991397972025636,0.5236607576661304,0.5764960853416337
chol,shy,367,94,0.6485940932463629,0.40704919441924414,0.5761306235982272
chey,oly,510,65,0.5450805715659351,0.6457327686308407,0.5752762306854068
chey,sol,510,63,0.6321760290052454,0.4419400105130213,0.5751052234575782
dar,sor,287,43,0.6426752461357257,0.41722369186433406,0.5750397798543081
char,ol,79,588,0.5599020732754264,0.608841747459699,0.5745839755307082
r,kar,196,58,0.6360520541869928,0.4290937460837328,0.5739645617560147
cthol,dor,55,63,0.6069127119151312,0.4931912181291872,0.572796263779348
y,s,210,328,0.6237534414354136,0.4514111947058288,0.572050767416538
dal,chckhy,190,141,0.5858498566229468,0.539813252351892,0.5720388753416303
dar,kar,287,58,0.6354969246395663,0.42281148755133413,0.5716912935130967
kol,cthol,35,55,0.6167469416870546,0.4641493000872989,0.5709676492071278
shey,shckhy,344,55,0.5625112383067845,0.5900920621729066,0.5707854854666211
chdy,shedy,108,255,0.5638714929370692,0.5854561820770537,0.5703468996790646
dair,tar,93,43,0.6605499003589662,0.3583739633691694,0.5698971192620271
char,kar,79,58,0.6179651873057954,0.4574570180599974,0.569812736532056
dar,l,287,156,0.662423502867141,0.35202020474291096,0.5693025134298719
o,sar,114,77,0.636581894669195,0.4105601914237342,0.5687753836955567
ar,tar,449,43,0.6862968132872597,0.2944737146317624,0.5687498836906105
ol,o,588,114,0.5713123457158404,0.5613049065514694,0.5683101139665291
shey,al,344,311,0.5901597910550327,0.5158138103160292,0.5678559968333317
ar,cheo,449,75,0.6445422707834112,0.38882387992128786,0.5678267535247742
sho,chy,118,197,0.5840816579005949,0.5286702880058195,0.5674582469321622
r,o,196,114,0.6350831459661525,0.40924699576355794,0.5673323009053741
chal,ol,59,588,0.5813503444249025,0.5342756858460086,0.5672279468512343
dy,oty,204,114,0.6026628098674222,0.4835808214425107,0.5669382133399486
al,aly,311,39,0.4973807541339908,0.7290328746177371,0.5668763902791147
dain,chedy,173,341,0.5972606818510078,0.49529856868392674,0.5666720479008834
chor,chody,215,80,0.561497227676395,0.5783063251645569,0.5665399569228435
cho,cheo,77,75,0.643402441635675,0.3835388861887474,0.5654433750015967
y,ain,210,149,0.5745038684946334,0.5415198744596659,0.5646086702841431
ar,dair,449,93,0.6871552837255076,0.27685980297009355,0.5640666394988834
dar,chedy,287,341,0.5580578016919603,0.5780580035808297,0.5640578622586211
sho,dy,118,204,0.5646652165795508,0.562517886270595,0.5640210174868641
shol,dol,176,97,0.5691371933206384,0.5518052503359231,0.5639376104252237
dain,cthey,173,47,0.5765997183490911,0.5343821707934708,0.563934454082405
chol,shor,367,91,0.6503245559708031,0.3619887216700335,0.5638238056805722
kar,ches,58,44,0.5690679169122808,0.5501778368617853,0.5634008928971321
cthy,dy,100,204,0.5873067325172067,0.5052136037318561,0.5626787938816015
dar,oty,287,114,0.5644922765128552,0.5584178919434462,0.5626699611420325
chol,dol,367,97,0.5369419742997777,0.6200377838013434,0.5618707171502475
d,lor,53,38,0.6429230091471063,0.3718885585485834,0.5616126739675494
ain,chey,149,510,0.6351207899965214,0.3891229316933611,0.5613214325055733
al,l,311,156,0.6860771024201814,0.2701215408444555,0.5612904339474636
dain,cthol,173,55,0.5889689681552159,0.4960015498461297,0.56107874266249
dair,al,93,311,0.6488956505083251,0.3556891808014232,0.5609337095962544
dar,sar,287,77,0.6020764767122552,0.46461677178893795,0.56083856523526
chy,cho,197,77,0.6293137177171094,0.3998658705247894,0.5604793635594134
y,dair,210,93,0.6033242587862145,0.4593565728610104,0.5601339530086533
chey,qo,510,51,0.6611246203533566,0.3239080010683365,0.5599596345678506
dain,sor,173,43,0.6550831778185963,0.3368230320241786,0.5596051340802709
shy,dy,94,204,0.587986002437558,0.4921239177169875,0.5592273770213869
dar,dol,287,97,0.5653401698447299,0.5442110846468052,0.5590014442853525
chy,cthor,197,45,0.554342053598365,0.569516205120133,0.5588942990548953
y,dar,210,287,0.6065397125042215,0.4469886996623091,0.5586744086516477
shol,shody,176,50,0.599190628539389,0.4617790330768688,0.5579671499006329
y,dal,210,190,0.6062571192919877,0.44503701626216496,0.5578910883830408
or,ain,390,149,0.5292781827684953,0.6240797050151609,0.5577186394424949
chor,dy,215,204,0.5397978542290619,0.5991493898185836,0.5576033149059184
or,air,390,95,0.5019160831791525,0.6873743848694314,0.5575535736862361
cheo,ches,75,44,0.6471147893449397,0.3485714771589848,0.5575517956891531
dain,cho,173,77,0.6291692922924963,0.38726746312616317,0.5565987435425963
chey,l,510,156,0.6771613016971855,0.27311844374949956,0.5559484443128797
shey,qoky,344,137,0.6222191420051746,0.39958295800092986,0.5554282868039011
dar,qol,287,147,0.6236890865198513,0.39546644661155794,0.5552222945473633
shol,oty,176,114,0.5836004879910046,0.4881075789499894,0.5549526152787
chy,chody,197,80,0.5685038028925659,0.5232713875665493,0.5549340782947608
shol,ol,176,588,0.5857901757728008,0.48213146092633763,0.5546925613188618
qol,chedy,147,341,0.6429116985628727,0.3473533346630834,0.5542441893929358
dain,kol,173,35,0.562966972472557,0.5327229300403533,0.5538937597428959
chey,cheo,510,75,0.5233939627714699,0.6246251799921171,0.553763327937664
qoky,l,137,156,0.6564092761518739,0.3129759619822895,0.5533792819009986
dain,qol,173,147,0.6199983739401322,0.39782460321214175,0.553346242721735
d,ol,53,588,0.6202059338251655,0.3968183721093869,0.5531896653104319
dal,dy,190,204,0.5532942546536195,0.5528893024430153,0.5531727689904382
dain,al,173,311,0.6476834294689575,0.33224387846541853,0.5530515641678958
cheo,sar,75,77,0.6584187143005603,0.30682080136356077,0.5529393404194605
shey,sol,344,63,0.6421908844940548,0.34436773888741995,0.5528439408120643
dain,sol,173,63,0.6306105676399103,0.3709000470743919,0.5526974114702548
ar,chey,449,510,0.5477882327014125,0.5629262482504616,0.5523296373661273
d,l,53,156,0.535778263849136,0.5892939629081946,0.5518329735668536
ol,kar,588,58,0.6117764308264044,0.4117892584499277,0.5517802791134614
or,chey,390,510,0.4855248777121334,0.7055609387089518,0.5515356960111788
y,dy,210,204,0.5884966256588735,0.4642889952133791,0.5512343365252251
qol,shedy,147,255,0.6613821558678581,0.2941762206203564,0.5512203752936076
chor,kol,215,35,0.6410141944985641,0.33842702268194336,0.5502380429535778
y,cho,210,77,0.6083114184113151,0.4140337120463081,0.550028106501813
sho,dor,118,63,0.5898045046378783,0.4563601243610096,0.5497711905548176
dar,chcthy,287,84,0.5518945087306817,0.5446482072688928,0.549720618292145
r,dar,196,287,0.6166172883006583,0.392220714064668,0.5492983160298612
or,dair,390,93,0.5927459161699793,0.4472383088907124,0.5490936339861991
chckhy,qoky,141,137,0.6054032078099801,0.4176769520776936,0.5490853310902941
shey,ain,344,149,0.6485361019315794,0.3159966961128807,0.5487742801859697
dain,tar,173,43,0.5536182512647096,0.5345318416295577,0.547892328374164
shol,chey,176,510,0.5816240724492563,0.46831949776598725,0.5476327000442756
shol,dor,176,63,0.6026507613513324,0.4183738945259704,0.5473677013037238
chcthy,dy,84,204,0.5776873113344889,0.474543140112493,0.5467440599678901
dal,chcthy,190,84,0.5605799150915228,0.5130892865269192,0.5463327265221417
kar,lor,58,38,0.6114370675401987,0.3937894344219402,0.5461427776047211
char,chey,79,510,0.5307757543358721,0.58164542371079,0.5460366551483474
cthol,chody,55,80,0.5435537735420207,0.5509098721534759,0.5457606031254573
y,shy,210,94,0.5576776219737699,0.5170095780345495,0.5454772087920038
dain,l,173,156,0.6372682644753058,0.33128522944854333,0.545473353967277
chey,dol,510,97,0.5524463985740671,0.5290436218931343,0.5454255655697872
s,al,328,311,0.6119559197884258,0.3891873130503935,0.545125337767016
r,l,196,156,0.601951761575313,0.41245340679902925,0.5451022551424278
dair,sor,93,43,0.6305318887189058,0.34415000583951333,0.544617323855088
qoty,qoky,84,137,0.5856974656927187,0.44750401457604144,0.5442394303577155
dal,al,190,311,0.6364745494360068,0.3285018491498885,0.5440827393501713
dain,sho,173,118,0.5683437135556962,0.48745933167606265,0.5440783989918061
qoky,chedy,137,341,0.6100309341992944,0.3879915064847569,0.5434191058849331
sar,lor,77,38,0.6015590665419719,0.40769742219181165,0.5434005732369238
dy,chckhy,204,141,0.5792515052681603,0.4581203449624334,0.5429121571764421
ckhey,cthy,32,100,0.6570418673579962,0.27638963102084446,0.5428461964568506
dol,dor,97,63,0.5526149133601275,0.5199435516749173,0.5428135048545644
she,ol,41,588,0.5472020095557135,0.5302390396353698,0.5421131185796104
chey,qol,510,147,0.6407367000574251,0.311607448036793,0.5419979244512354
sor,ches,43,44,0.6173803722306589,0.36341632953326225,0.5411911594214398
shey,dol,344,97,0.5666151684826578,0.4816687576446178,0.5411312452312458
chor,shor,215,91,0.5976507554936197,0.4085214928821479,0.5409119767101781
char,sor,79,43,0.6037741603029219,0.39423189067125897,0.540911479413423
ol,shy,588,94,0.5465146137817176,0.5278155851198095,0.5409049051831452
chey,chody,510,80,0.5470286142639038,0.5261535594080733,0.5407660978071546
char,dair,79,93,0.6100800729538007,0.37862764877200794,0.5406443456992629
y,chy,210,197,0.544991375893849,0.5304551538744046,0.5406305092880157
dar,ain,287,149,0.6877146285886488,0.19496608846290273,0.539890066550925
chy,ol,197,588,0.5171189696575073,0.5918391641879973,0.5395350280166542
cthol,dy,55,204,0.5496323351179361,0.5149054626693115,0.5392142733833487
chey,dair,510,93,0.5663246819107586,0.4759416411270121,0.5392097696756346
dal,chody,190,80,0.5329087846993636,0.553476558532219,0.5390791168492202
dar,lor,287,38,0.6092588203429622,0.37403519193620793,0.5386917318209359
tar,lor,43,38,0.6352599204620237,0.3131939491307931,0.5386401290626545
chody,dy,80,204,0.5276021986373852,0.5631726269566869,0.5382733271331757
chy,shy,197,94,0.5863830802100575,0.4249411466169176,0.5379505001321154
y,oky,210,103,0.5662747697859758,0.4717448876179906,0.5379158051355802
ckhy,cthor,38,45,0.5423107393706386,0.5265582717236369,0.537584999076538
dal,l,190,156,0.6272705888724333,0.32816889276062144,0.5375400800388896
char,ches,79,44,0.5738850021239281,0.45272073836484106,0.537535722996202
sor,tar,43,43,0.5970042949186046,0.3982125697775787,0.5373667773762968
shol,cho,176,77,0.6187236318473467,0.3466677526449382,0.5371068680866241
y,dol,210,97,0.5922287632508522,0.40714131987545304,0.5367025302382324
dain,chcthy,173,84,0.5653182364870636,0.4693136178719821,0.5365168509025391
shol,chody,176,80,0.5512198473419533,0.5018565368565181,0.5364108541963227
s,cho,328,77,0.5710647273409872,0.4553633613841064,0.5363543175539229
char,chckhy,79,141,0.5414629429151293,0.5243741504558146,0.5363363051773349
ol,chl,588,33,0.4683175561781447,0.6935419821470657,0.535884883968821
dal,shedy,190,255,0.5752914225324963,0.4436392161241567,0.5357957606099943
chos,sar,42,77,0.6523645732034379,0.26353422915515373,0.5357154699889526
y,chody,210,80,0.5485108568634067,0.5057892001820801,0.5356943598590087
or,cho,390,77,0.5269601257136224,0.555875198309496,0.5356346474923844
chor,ol,215,588,0.4998671698135954,0.6179900980452263,0.5353040482830846
chcthy,shedy,84,255,0.5288517687754297,0.5502183044980661,0.5352617294922206
cthy,shy,100,94,0.5993384046351824,0.38470359998514975,0.5349479632401726
dal,sol,190,63,0.5957972805251356,0.39154608593211077,0.5345219221472282
shol,shy,176,94,0.5994687916721737,0.38153415609460595,0.5340884009989033
ol,oly,588,65,0.4706763103463948,0.6817810046937727,0.5340077186506081
dar,dy,287,204,0.5164173682597941,0.5749484159616336,0.5339766825703459
al,o,311,114,0.5186840180985962,0.5691246734796981,0.5338162147129267
cthy,kchy,100,36,0.6057821728871456,0.3656555697750873,0.5337441919535281
dain,oty,173,114,0.5730633052698764,0.44152507932020746,0.5336018374849757
shol,cthor,176,45,0.5791661827250196,0.42663033234088643,0.5334054276097796
chcthy,shckhy,84,55,0.4981186608148477,0.6146346141622713,0.5330734468190748
y,chckhy,210,141,0.584851573071266,0.4099445981502669,0.5323794805949662
chcthy,oly,84,65,0.5200398282668316,0.5606210970477159,0.5322142089010968
y,r,210,196,0.6049413549756077,0.36152226289670636,0.5319156273519373
chy,chckhy,197,141,0.5588013102622962,0.4689474337493422,0.5318451473084099
shody,cthor,50,45,0.5377771452320433,0.5176645951119269,0.5317433801960083
ol,dy,588,204,0.544041731354828,0.5027148222376912,0.5316436586196869
chey,cho,510,77,0.5483050258742804,0.49198129253929085,0.5314079058737835
chdy,ol,108,588,0.5165687022964238,0.5658507104485702,0.5313533047420678
sho,cthy,118,100,0.5472882795631289,0.4933559092567595,0.531108568471218
shy,chckhy,94,141,0.598746099510716,0.37242078659792865,0.5308485056368798
cho,o,77,114,0.5947819086987163,0.3813242686113465,0.5307446166725053
ckhey,chol,32,367,0.6413405727977329,0.272496451762429,0.5306873364871417
r,chos,196,42,0.5975252301180752,0.37420912859143096,0.5305303996600819
char,al,79,311,0.6067608482859067,0.3511153220717335,0.5300671904216547
cthy,shor,100,91,0.5836829659441349,0.4048921821547704,0.5300457308073255
dain,cthor,173,45,0.5717699542469703,0.4306252182317654,0.5294265334424088
cho,shy,77,94,0.5553030856705794,0.46840154018675867,0.5292326220254331
tar,sar,43,77,0.6099281241402912,0.34022426577245807,0.5290169666299412
dair,cthey,93,47,0.5640821199688998,0.4468565741289466,0.5289144562169138
chal,chey,59,510,0.5520178756586896,0.47488398822848277,0.5288777094296275
chckhy,oty,141,114,0.5612395509689291,0.4527449474832773,0.5286911699232335
dain,qoty,173,84,0.585466919010949,0.39603243607141775,0.5286365741290897
sho,cthol,118,55,0.5484160352401716,0.48145991976987146,0.5283292005990815
ol,oty,588,114,0.523603471479896,0.5385003496282904,0.5280725349244143
ol,chody,588,80,0.5361811620244409,0.5089798650134155,0.5280207729211333
chy,oty,197,114,0.5898031210122596,0.3826443408290538,0.5276554869572978
chol,ol,367,588,0.5328388385794262,0.5155045104626911,0.5276385401444056
oky,ol,103,588,0.557424814130588,0.4578779154982976,0.5275607445409009
ain,l,149,156,0.6721764749318884,0.18983420099121037,0.5274737927496849
dar,ches,287,44,0.5882863488152195,0.38498823812088445,0.5272969156069189
y,l,210,156,0.6271170666278079,0.2942867726691498,0.5272679784402104
chey,key,510,33,0.5672257739964384,0.43242443737575137,0.5267853730102322
dain,oly,173,65,0.546891090461546,0.4788931420828259,0.5264917059479299
shey,l,344,156,0.6430031664513567,0.2546233506884641,0.5264892217224889
sor,lor,43,38,0.6078943889252679,0.33517751522573647,0.5260793268154085
chy,dor,197,63,0.5241357533674836,0.5299319249678258,0.5258746048475862
qoty,dy,84,204,0.5697384270025888,0.42271346967673507,0.5256309398048327
sho,cho,118,77,0.5642018406976597,0.43524566349563937,0.5255149875370535
al,chedy,311,341,0.5941117970074934,0.3625017934038229,0.5246287959263922
cheo,lor,75,38,0.6351234750810913,0.2665766811608363,0.5245594369050148
ar,d,449,53,0.6387042532876233,0.25756251835330624,0.5243617328073281
r,dair,196,93,0.5751821209236754,0.40573189154084344,0.5243470521088257
dal,dol,190,97,0.5585645201300397,0.441806030493802,0.5235369732391684
chckhy,daly,141,33,0.5369472934950013,0.4920439006980301,0.5234762756559099
dain,kal,173,30,0.5528807126070691,0.45374770239912243,0.523140809544685
oly,chckhy,65,141,0.5270547234097325,0.5137880418532993,0.5230747189428024
shy,qoky,94,137,0.6345072863067586,0.2626760895455419,0.5229579272783935
cthol,shor,55,91,0.5972304892608002,0.3491951868402041,0.5228198985346214
dain,dor,173,63,0.5427858799244746,0.4760180009778011,0.5227555162404725
dor,dy,63,204,0.5339906060543883,0.4964323404696452,0.5227231263789653
dol,dy,97,204,0.525728131177812,0.5150157157054241,0.5225144065360956
shol,shey,176,344,0.5271254004147418,0.5103387881381445,0.5220894167317626
chckhy,shedy,141,255,0.531087030688849,0.5000018568041228,0.521761478523431
sol,shedy,63,255,0.5929221150898228,0.3534143165803451,0.5210697755369795
al,tar,311,43,0.6460806878140164,0.2276928303032573,0.5205643305607887
dain,kchy,173,36,0.6111082705504878,0.30797918416871056,0.5201695446359547
al,shy,311,94,0.5735776143917962,0.39546975254482064,0.5201452558377035
chey,shckhy,510,55,0.5055828123026235,0.5528237901089796,0.5197551056445303
s,dain,328,173,0.5130611512398916,0.5347301104044434,0.5195618389892571
ar,sor,449,43,0.6265103531611123,0.2699653397458771,0.5195468491365417
chy,cthey,197,47,0.5362692860364792,0.4803202270946358,0.5194845683539261
d,cho,53,77,0.5993344423908242,0.33316166008235765,0.5194826076982842
chody,shy,80,94,0.5444608328216924,0.46101068231993514,0.5194257876711652
l,lor,156,38,0.5977722143237871,0.33597150522773095,0.5192320015949703
y,oty,210,114,0.5527475380336853,0.4408343556574796,0.5191735833208235
dar,kal,287,30,0.5167538019348905,0.5237451605532767,0.5188512095204063
tar,ches,43,44,0.5863635530850758,0.360965259224966,0.5187440649270428
chdy,dar,108,287,0.5217841292789694,0.5104805005898198,0.5183930406722245
dar,cthey,287,47,0.5619942366297036,0.41647487050889437,0.5183384267934608
dol,sol,97,63,0.5620729301084724,0.4161029977201205,0.5182819503919668
dain,daly,173,33,0.5255242393990882,0.5012621936319416,0.5182456256689442
dain,ain,173,149,0.6436888667712485,0.22415438885505723,0.5178285233963911
shol,dar,176,287,0.5425129979843143,0.45992978901155385,0.5177380352924861
chey,cthey,510,47,0.5667038529523636,0.4006848199454268,0.5168981430502826
al,chckhy,311,141,0.586703633945844,0.352889429078987,0.5165593724857869
sor,kar,43,58,0.5688284209344954,0.3940552031195506,0.5163964555900119
y,cheo,210,75,0.5814109235417992,0.36382065834301675,0.5161338439821644
dal,daly,190,33,0.46484810481300715,0.6357007590218221,0.5161039010756516
chor,chey,215,510,0.4696518631384228,0.623040299878363,0.5156683941604048
r,al,196,311,0.6049015601606954,0.30614876731370083,0.515275722306597
dal,oty,190,114,0.5338675808931703,0.471335334384746,0.515107906940643
shol,dal,176,190,0.5391632760984996,0.4578171292814678,0.5147594320533899
cthy,chckhy,100,141,0.5236335692492762,0.4937125869500079,0.5146572745594957
shey,chal,344,59,0.5295600620172976,0.47986076308251685,0.5146502723368633
s,chey,328,510,0.47756361325842117,0.6011571982196007,0.5146416887467751
ain,dair,149,93,0.6442466018346744,0.21180779518259282,0.5145149598390499
dair,kar,93,58,0.5819257037752972,0.35647134976659767,0.5142893975726873
chdy,dy,108,204,0.5104303980011279,0.5230780280602989,0.5142246870188791
chol,chey,367,510,0.5114445043348094,0.520471317359236,0.5141525482421373
chckhy,shckhy,141,55,0.4932145354790856,0.5628785442932435,0.5141137381233329
ar,cho,449,77,0.5239313036281565,0.48939469383115713,0.5135703206890567
chal,chedy,59,341,0.5639027000282023,0.39589073572015115,0.5134991107357869
y,sor,210,43,0.5963836954894705,0.3200448152019433,0.5134820314032122
chy,sor,197,43,0.5725445048884119,0.3742120026286373,0.5130447542104795
dy,chedy,204,341,0.5335172495977337,0.4651749241421034,0.5130145519610446
s,chor,328,215,0.4778253961445007,0.593470504772989,0.5125189287330472
chal,dar,59,287,0.5313855404221767,0.467160033739469,0.5121178884173643
shey,shy,344,94,0.5292475908923665,0.4715033829127772,0.5119243284984897
ches,lor,44,38,0.6028780803084459,0.29964380148267755,0.5119077966607154
r,chey,196,510,0.5140870028081946,0.5064569241066629,0.5117979791977351
char,dal,79,190,0.5206523180414412,0.4903853750857489,0.5115722351547335
r,char,196,79,0.5863236251224053,0.33672819360802264,0.5114449956680905
ain,qol,149,147,0.676403923740055,0.12644966662756538,0.5114176466063081
chy,ody,197,38,0.5767706105258805,0.35806562735418707,0.5111591155743724
cthy,dor,100,63,0.5609879955416874,0.39403852889363955,0.5109031555472731
char,sar,79,77,0.5569704714368076,0.40302217692932746,0.5107859830845635
tar,l,43,156,0.5940540280055951,0.31480487281559444,0.5102792814485949
dain,chal,173,59,0.5518784670910436,0.41302424997446846,0.510222201956071
cthol,dol,55,97,0.4563822203724637,0.6348525455944757,0.5099233179390672
she,oky,41,103,0.5405027301846326,0.4384525876782927,0.5098876874327306
shol,kchy,176,36,0.6035186640351129,0.2913262003980633,0.509860924943998
kar,chos,58,42,0.5498868661923649,0.4138906205291049,0.5090879924933869
y,she,210,41,0.5640531903967242,0.3806647611447092,0.5090366616211197
chol,kchy,367,36,0.6191581164089174,0.2509561212178045,0.5086975178515835
dal,shy,190,94,0.565403295710659,0.37463784395462274,0.508173660183848
chal,chckhy,59,141,0.49821900677773506,0.5313017567945653,0.5081438317827841
y,daly,210,33,0.511185609187071,0.5006138134845785,0.5080140704763232
chy,qoky,197,137,0.574851807349847,0.3518299592604493,0.5079452529230276
ar,lor,449,38,0.621859011717084,0.2415635166639236,0.5077703632011359
char,d,79,53,0.5614916101333164,0.3821264887859156,0.5076820737290961
y,d,210,53,0.5486385073227862,0.4112772011310776,0.5074301154652736
cho,dor,77,63,0.5424743745061495,0.4255735011464515,0.5074041124982401
shol,cthey,176,47,0.5295061010206846,0.45554738178317333,0.5073184852494312
ar,chckhy,449,141,0.5459970210856232,0.416468578749738,0.5071384883848576
o,l,114,156,0.5301585576461302,0.45342265631875733,0.5071377872479184
shol,chckhy,176,141,0.5662459285016846,0.36794568537039746,0.5067558555622985
shol,s,176,328,0.512284636106826,0.4936533121293483,0.5066952389135826
dain,ckhey,173,32,0.5393569731163689,0.42996420092732635,0.5065391414596561
cthey,al,47,311,0.559175505874407,0.3835990463895377,0.5065025680289462
chey,sor,510,43,0.5935115090874467,0.30251992511975806,0.50621403389714
ckhey,chey,32,510,0.5540578928954596,0.394384430181334,0.5061558540812219
chey,oty,510,114,0.5144849184990372,0.4858686461541815,0.5059000367955805
shckhy,chedy,55,341,0.5231856497421631,0.46492099532136283,0.505706253415923
am,al,115,311,0.3899604161062674,0.7748140300868224,0.5054165003004338
qoky,shedy,137,255,0.5753535289998083,0.3417108098099976,0.505260713242865
dar,chos,287,42,0.5386768683746056,0.4270112982694354,0.5051771973430546
dar,sol,287,63,0.535107255352698,0.43531426123529776,0.5051693571174779
shol,tol,176,42,0.5448244280060637,0.4123710251721978,0.5050884071559039
qoty,qol,84,147,0.5292428245037158,0.448408134688564,0.5049924175591702
chy,dal,197,190,0.5122444339354938,0.48703839703794516,0.5046826228662291
chy,dair,197,93,0.47794878811111485,0.5670162019506783,0.5046690122629838
s,l,328,156,0.5685921174619284,0.3552663085412591,0.5045943747857276
oly,dy,65,204,0.5164519608591902,0.4753604322766908,0.5041245022844403
chody,cthor,80,45,0.563256853152622,0.3660587085393421,0.504097409768638
chody,dol,80,97,0.47575305051962735,0.5698425856095312,0.5039799110465984
shey,she,344,41,0.49634762279906713,0.5212175480690862,0.5038086003800728
dy,qoky,204,137,0.5664605380339709,0.3575217786775974,0.5037789102270588
sol,chedy,63,341,0.551741867354595,0.3918182089486225,0.5037647698328032
dar,qoky,287,137,0.5383041322848755,0.4228789991123021,0.5036765923331035
cthy,kol,100,35,0.5160932460029356,0.47306055245210055,0.503183437937685
sy,ckhy,40,38,0.5360562674188972,0.42492713632818413,0.5027175280916832
r,ain,196,149,0.5799577606794591,0.32206377542406706,0.5025895651028415
y,ody,210,38,0.47113904696742753,0.5748105119793254,0.5022404864709968
cho,dy,77,204,0.5103545438827407,0.4828362481674098,0.5020990551681415
dam,cthor,59,45,0.43638404471607184,0.6553840845703923,0.5020840566723679
dal,sor,190,43,0.5619726825818873,0.3617056362902964,0.50189256869441
cthor,chckhy,45,141,0.5029084022614478,0.49925739692592236,0.5018131006607902
shol,qoty,176,84,0.5642229316586297,0.3558969551728163,0.5017251387128856
ody,daly,38,33,0.5419648438747136,0.4078268721327567,0.5017234523521265
d,ches,53,44,0.6040723377987387,0.2625620494040105,0.5016192512803203
ckhey,daly,32,33,0.5170146586314736,0.46562138985287677,0.5015966779978944
cthey,chckhy,47,141,0.5271739183323786,0.4406090377723234,0.501204454164362
shor,dor,91,63,0.5597399362250431,0.3642161092444001,0.5010827881308502
dal,dair,190,93,0.536589099167501,0.4170763991734394,0.5007352891692824
dain,chdy,173,108,0.5258886103857419,0.441942132128884,0.5007046669086845
qoty,sol,84,63,0.5345355553821625,0.4216834734379524,0.5006799307988994
y,chcthy,210,84,0.5166564035764191,0.46041967190501865,0.49978538407499895
kol,dor,35,63,0.5541935883540781,0.37254451333285576,0.49969886584771134
ckhey,qo,32,51,0.5627788957220105,0.3520544823467738,0.49956157170943943
dain,r,173,196,0.5036483790643493,0.48998257301140136,0.4995486372484649
dy,key,204,33,0.5422597606872086,0.399265868135729,0.4993615929217647
she,chckhy,41,141,0.5336899984479064,0.41924335330850737,0.49935600490608667
chy,shor,197,91,0.5198238322874188,0.45067071220737853,0.4990778962634067
chos,o,42,114,0.5383167712755743,0.4070403151799809,0.4989338344468963
sor,sar,43,77,0.5721365839033811,0.32732683535398877,0.49869365933856336
ar,dain,449,173,0.5615999409080424,0.35168339670100957,0.49862497764593255
or,l,390,156,0.5841505131828455,0.2974610592540186,0.49814367700419737
chody,ody,80,38,0.5151552430691045,0.45844691431625123,0.4981427444432485
y,ches,210,44,0.5494700806886658,0.37669950321611834,0.49763890744690154
sho,shor,118,91,0.5424015700072929,0.39292085829277335,0.49755735649293703
ol,chos,588,42,0.5293048053123828,0.4232822570907848,0.4974980408459034
cho,oty,77,114,0.5241691817385871,0.43516688989447455,0.49746849418535327
chdy,oly,108,65,0.48503675655732065,0.5259251149946347,0.4973032640885149
shey,qoty,344,84,0.5778667470994027,0.3091275250370242,0.4972449804806891
qoty,shy,84,94,0.5828935911278634,0.2971813044874048,0.4971799051357258
shody,chor,50,215,0.5322298428365824,0.4151268104340646,0.49709893311582704
chol,qoky,367,137,0.591827080287365,0.27596346932683524,0.497067996999206
shody,cthy,50,100,0.5164522744609615,0.45117083314240125,0.4968678420653935
kol,dy,35,204,0.5232236814530985,0.43514061287237765,0.4967987608788822
y,chl,210,33,0.48138597991062576,0.5325993734734924,0.4967499979794857
sy,chl,40,33,0.5185580382410346,0.44549429984281946,0.49663891672157007
y,char,210,79,0.49362619450742723,0.5035609100880248,0.4966066091816065
al,sor,311,43,0.6126624350347148,0.22519657731305143,0.4964226777182158
kchy,shy,36,94,0.5527952082122829,0.36383078490655585,0.49610588122056476
dain,shedy,173,255,0.5153234278247091,0.4508399984797088,0.495978399021209
dain,tol,173,42,0.580733341958392,0.2973135687170321,0.49570740998598395
chy,oky,197,103,0.5028734524708911,0.4778774519331316,0.49537465230956323
dal,tar,190,43,0.5406982150409114,0.38946213677891983,0.49532739156231387
shy,ody,94,38,0.5186361980502189,0.44047320066941054,0.49518729883597634
dain,dam,173,59,0.44822484515143024,0.6046972494607546,0.4951665664442275
r,cho,196,77,0.5475869456492707,0.37245130663948395,0.4950462539463346
y,cthol,210,55,0.532456853534942,0.40715120099623286,0.49486515777332923
chey,lor,510,38,0.5449984940726175,0.3775749847311497,0.49477144127017714
shey,qo,344,51,0.5902369493239575,0.271376254259761,0.49457874080469855
kchy,dy,36,204,0.5490690099125058,0.3671237074831334,0.49448541918369404
ches,o,44,114,0.5338471662071319,0.4024922359499623,0.494440687129981
cho,cthol,77,55,0.5933992702489486,0.26327251050126477,0.4943612423246434
chol,qoty,367,84,0.5806467275053842,0.2922544750070923,0.49412905175589655
cho,oky,77,103,0.5428636426078165,0.3804007554022383,0.49412477644614305
oky,chody,103,80,0.5212190245696752,0.4300415224779046,0.49386577394214404
cho,chckhy,77,141,0.5436739744304445,0.3775131876465056,0.49382573839526284
shody,chol,50,367,0.5674787480657323,0.32137889021806954,0.49364879071143347
cthy,ckhy,100,38,0.4857017344209991,0.5114956544829439,0.49343991043958246
kchy,chy,36,197,0.5775666890005917,0.2966721455684161,0.493298325970939
chey,chl,510,33,0.4208935239877403,0.6621796289941718,0.4932793554896697
cthol,shy,55,94,0.5630103537238719,0.330471994033069,0.493248845816631
dol,ches,97,44,0.5134413614217656,0.4454567774928723,0.49304598624309753
ain,chedy,149,341,0.564299314678518,0.32662529527971657,0.4929971088588776
oky,dy,103,204,0.4930680245363928,0.4926371183065198,0.49293875266743087
shody,cthol,50,55,0.5153462441849057,0.44051675712698113,0.4928973980675283
shol,oky,176,103,0.5248936728863322,0.4179395978639575,0.4928074503796197
ol,daly,588,33,0.46438883496423883,0.5591094167934307,0.4928050095129964
chdy,dal,108,190,0.509235014574015,0.45433885230375326,0.4927661658929364
shol,qoky,176,137,0.5729451185684398,0.3052632487599787,0.4926405576259014
al,ches,311,44,0.5890688854610263,0.26595185018235795,0.4921337748774258
chy,key,197,33,0.5417604870613626,0.37574040009204185,0.49195446097056633
dain,shor,173,91,0.5703525305047459,0.308681865625055,0.4918513310408386
ol,qo,588,51,0.5487767833254529,0.35865603659462564,0.4917405593062047
shody,cthey,50,47,0.531629046176037,0.39834678984444916,0.49164436927656063
dam,chckhy,59,141,0.49203995877693746,0.4902147412158812,0.49149239350862056
sor,sol,43,63,0.5290149720368277,0.40380983648807645,0.49145343137220227
chody,dor,80,63,0.5067331728877155,0.45563154875963996,0.4914026856492928
shckhy,shedy,55,255,0.5118586292731068,0.44327294781107174,0.4912829248344962
dar,shy,287,94,0.5272779404426319,0.4071529240818124,0.491240435534386
sar,qol,77,147,0.49420434329810736,0.48375358511601924,0.4910691158434809
kol,dal,35,190,0.5150413735619248,0.43511137147585094,0.4910623729361026
kol,chy,35,197,0.5164927031780937,0.43135361304919784,0.49095097613942495
or,dain,390,173,0.4827733102354894,0.5099151387431521,0.4909158587877882
sor,shy,43,94,0.5430450802499491,0.3681789523967713,0.49058524189399577
s,oky,328,103,0.4827902453644338,0.5079940423278756,0.4903513844534663
cthy,cthey,100,47,0.4822608458593427,0.5089003967866784,0.4902527111375434
ckhey,chy,32,197,0.5737167253948624,0.2953609255105889,0.4902099854295803
sho,kol,118,35,0.5309259855042324,0.39513255257322843,0.49018795562493117
al,oty,311,114,0.5444875739290775,0.36270190341491465,0.48995187277482866
chor,dol,215,97,0.45507496086933114,0.571134062065955,0.48989269122831824
char,chos,79,42,0.5841332809852338,0.2697935414462848,0.4898313591235491
dain,she,173,41,0.5212081941726796,0.41586196805020303,0.48960432633593665
dal,oly,190,65,0.47737263225624776,0.5177021527177802,0.48947148839470744
chdy,shy,108,94,0.48658888468643985,0.49369766911307256,0.48872152001442964
chos,ches,42,44,0.5604232181060712,0.3213686011074786,0.4887068330064934
s,dal,328,190,0.4844130025534392,0.49805618608173474,0.48850595761192783
y,sar,210,77,0.5510286361626127,0.34212825257002,0.48835852108483485
char,cheo,79,75,0.5076965319942734,0.4427121763376547,0.4882012252972878
chor,daly,215,33,0.5351857087817744,0.3782450355664872,0.4881035068171882
kal,al,30,311,0.5269032259852234,0.3972441421434899,0.48800550083270333
dain,oky,173,103,0.5256667325013241,0.39964557113589266,0.48786038409169463
ar,oty,449,114,0.5313082815106628,0.38630907541720266,0.48780851968262473
shol,ckhey,176,32,0.5773173417570093,0.2787077757273985,0.4877344719481261
chor,kchy,215,36,0.575859253563595,0.2820298260597889,0.4877104253124531
chor,dal,215,190,0.5072887961637259,0.44189843382691074,0.4876716874626813
chor,cthey,215,47,0.5241280200977744,0.4024792851088689,0.48763339960110275
char,oty,79,114,0.5380265859831724,0.36931329010904956,0.48741259722093555
sho,dol,118,97,0.48347128914703874,0.49658364312847725,0.48740499534147025
d,kar,53,58,0.5631908013373079,0.31048598092657514,0.48737935521408804
al,qoky,311,137,0.6320536709277614,0.1497066999545469,0.48734957963579706
s,cthey,328,47,0.5058287939196694,0.44418134499680273,0.48733455924280933
chy,cheo,197,75,0.49218794061521964,0.4757072534740113,0.4872437344728572
chol,oky,367,103,0.5318304801790936,0.383029419732896,0.4871901620452343
qo,chedy,51,341,0.5782327396797184,0.27431459357703203,0.48705729584891244
cho,al,77,311,0.5291269176625513,0.3886400918197377,0.4869808699097072
dair,shy,93,94,0.5269079359733786,0.3937816989611405,0.4869700648697072
sor,l,43,156,0.5957478485740002,0.23307361127050988,0.4869455773829531
chal,shy,59,94,0.5150068607104956,0.42139966697900433,0.4869247025910482
cheo,kar,75,58,0.5436826887462043,0.3536986459893718,0.4866874759191545
shody,chy,50,197,0.5006793841034447,0.45380249039203774,0.4866163159900226
kar,key,58,33,0.49449431207458633,0.46741981151127604,0.48637196190559323
char,tar,79,43,0.5698506457687745,0.2910808023089179,0.4862196927308175
oky,al,103,311,0.4929800009488232,0.470036933877131,0.4860970808273155
chody,qoky,80,137,0.5619040096213291,0.30886110445742776,0.4859911380721587
shody,sho,50,118,0.5251061902977753,0.3943662436942479,0.485884206316717
tar,air,43,95,0.5701392541535881,0.28919417216366766,0.48585572955661194
y,cthy,210,100,0.5272995670141327,0.38881236759815807,0.4857534071893403
shol,daly,176,33,0.5435945760241088,0.35030652465369994,0.4856081606129861
tar,qol,43,147,0.5328433868752898,0.37495294603433454,0.48547625462300315
she,chey,41,510,0.46390421829807893,0.5356525369838948,0.4854287139038237
shol,or,176,390,0.48026276470219254,0.49690626355927947,0.4852558143593185
dair,ches,93,44,0.49227595438382016,0.4686998591967462,0.4852031258276979
chey,kal,510,30,0.509794507720985,0.42757544963403027,0.4851287902948985
chor,ckhey,215,32,0.5665564927408031,0.29428235222866184,0.48487425058716066
shy,oty,94,114,0.5031562951722408,0.44164351651057504,0.4847024615737411
chckhy,chl,141,33,0.44055405840689266,0.5873070365557123,0.4845799518515385
sor,cheo,43,75,0.5635201057289112,0.29824869179541486,0.48393868154886227
dar,shedy,287,255,0.47731442900959414,0.49898477216781645,0.48381553195706084
shar,dar,34,287,0.5132251974431318,0.4150230872904522,0.4837645643973279
dain,sheo,173,46,0.5213380771543823,0.39606685055895596,0.48375670917575436
dar,oky,287,103,0.49186102588349107,0.4647306258180632,0.48372190586386266
dair,chckhy,93,141,0.5268553246354347,0.38306090694387984,0.48371699932796824
s,she,328,41,0.4639684513436184,0.5293600686525146,0.48358593653628723
shody,chody,50,80,0.5276506295167749,0.3804413509614009,0.4834878459501627
shody,ckhy,50,38,0.4477315773843943,0.5657838205265903,0.4831472503270531
cthy,cho,100,77,0.5491087278305612,0.32901761256080037,0.48308139324963295
lol,qoky,35,137,0.49833891598755914,0.446101299567897,0.4826676310616605
ol,lol,588,35,0.561108968563158,0.29920550514933736,0.48253792953901176
sor,qoky,43,137,0.5683466550147152,0.2816608840759061,0.4823409237330724
dar,cho,287,77,0.5065351884771151,0.4247875981958627,0.4820109113927393
chor,oky,215,103,0.4921243067139255,0.457887829750831,0.4818533636249971
cho,sor,77,43,0.5318160234783106,0.3652365767124661,0.48184218944855717
dol,qoky,97,137,0.5177299886550113,0.3980372177685627,0.48182215738907674
ol,dor,588,63,0.5136050995609853,0.4073400617738524,0.48172558822484546
qo,sor,51,43,0.5159626753587083,0.40172917335568054,0.48169262475779995
sho,chey,118,510,0.4792385240212673,0.48684200254403087,0.48151956757809633
chody,chckhy,80,141,0.5171262872742862,0.39828348662420104,0.48147344707926065
chey,air,510,95,0.529715129774283,0.36886676018954295,0.481460618898861
chody,al,80,311,0.550658549496255,0.31979677068843765,0.4814000158539098
char,lor,79,38,0.5243563143425265,0.3808205244530029,0.4812955773756694
shody,dain,50,173,0.525286101736114,0.37811883873876245,0.4811359228369085
shol,chcthy,176,84,0.5106866825371501,0.41185238812131375,0.4810363942123992
chal,qoky,59,137,0.561459779293024,0.2933069184939761,0.48101392105330965
shody,chey,50,510,0.4929287957874947,0.45310891516250473,0.48098283159999766
dol,chcthy,97,84,0.500359213801443,0.43571676526638814,0.4809664792409265
cho,dair,77,93,0.5158986661077506,0.39903546034412396,0.4808397043786626
cheo,chos,75,42,0.5512565638907498,0.31560836213528476,0.48056210336411026
she,cho,41,77,0.515866507189084,0.3981052685886596,0.48053813560895664
chor,sheo,215,46,0.4740583258592529,0.4953806543769333,0.480455024414557
dol,chckhy,97,141,0.5165528873476302,0.39617520464255124,0.4804395825361064
cho,lor,77,38,0.5383679941117537,0.34431227290640654,0.48015127775014954
cthey,cthor,47,45,0.48757620258579804,0.46258134468837675,0.48007774521657165
al,sheo,311,46,0.514717933167457,0.3992454612499707,0.48007619159221104
cheo,tar,75,43,0.5132582975728299,0.40259789150051933,0.4800601757511367
dain,cheo,173,75,0.484611940186392,0.4685023448782898,0.47977906159396133
y,sho,210,118,0.5259434580717302,0.37189413165697616,0.4797286601473039
chol,dal,367,190,0.5036781199550792,0.4237694553349123,0.47970552056902904
chody,dair,80,93,0.4891798303751523,0.45726328655749277,0.4796048672298544
cho,chl,77,33,0.5351683946600503,0.3499287225489572,0.47959649302672236
shody,sheo,50,46,0.5226206372156111,0.3788008107825904,0.4794746892857049
chor,chckhy,215,141,0.4586319680100312,0.5279921490673222,0.4794400223272185
chey,daly,510,33,0.46635835026063005,0.5092025151990602,0.4792115997421591
ol,cthey,588,47,0.511124357443449,0.40470146662739404,0.47919749019863245
cthy,qoky,100,137,0.5602129937247201,0.28875425618999323,0.478775372464302
chdy,al,108,311,0.5073948125249779,0.4117390265976436,0.47869807674677756
cthy,dam,100,59,0.4116452686993072,0.6349630679993189,0.47864060848931067
ckhey,shy,32,94,0.5298752260617821,0.3589559789465984,0.47859945192722697
y,chdy,210,108,0.5035718307481873,0.42013307580635284,0.478540204265637
or,oky,390,103,0.4859793861093154,0.46011679002304834,0.47822060728343524
ckhey,cthol,32,55,0.57341995849143,0.2560520135484104,0.4782095750085241
dal,cthey,190,47,0.488574829143351,0.4540034246437892,0.47820340779348247
chal,al,59,311,0.5677205164975517,0.2692916823718172,0.47819186625983134
dair,lor,93,38,0.543447975429941,0.3259133206405318,0.47818757899311826
dam,daly,59,33,0.5146029308802933,0.3928571428571429,0.4780791944733482
s,oty,328,114,0.5204113345069915,0.37876833266383425,0.4779184339540443
sor,qol,43,147,0.5773347924972885,0.24576025492974468,0.4778624312270253
oky,shy,103,94,0.4928429192463277,0.4426205582342824,0.4777762109427141
chy,daly,197,33,0.5157031349153324,0.38833423406206835,0.47749246465935313
al,shedy,311,255,0.516872563131143,0.38546228427820184,0.4774494794752607
or,chckhy,390,141,0.47773095157829343,0.47678918002456444,0.4774484201121747
chor,ody,215,38,0.494146121951829,0.43830638159759694,0.4773941998455593
cthy,oky,100,103,0.49175986429928464,0.44386019500970725,0.4773899635124114
oky,dal,103,190,0.49498441458934334,0.43628920650954695,0.4773758521654044
chor,dair,215,93,0.4652014777606402,0.5053969678338973,0.4772601247826173
sor,chckhy,43,141,0.5531827329230524,0.29990885226952496,0.4772005687269942
y,tar,210,43,0.5579447144896398,0.2887973815822771,0.47720051461743096
kar,o,58,114,0.48572790066153787,0.45641488410270814,0.47693399569388895
shey,oly,344,65,0.4388165705647506,0.5658516272574625,0.4769270875725642
tol,daly,42,33,0.53921568627451,0.33141721809371893,0.47687614582027266
chy,oly,197,65,0.4729555751226461,0.48558302401095327,0.4767438097891382
tol,ol,42,588,0.5500216610535525,0.3055050463303894,0.47666667663660356
d,chos,53,42,0.5911275819836345,0.20890476113843268,0.47646073573007386
chey,kar,510,58,0.5065855170053248,0.40615643325840095,0.4764567918812476
shey,chy,344,197,0.42567634851070896,0.5946730426645964,0.47637535675687515
chy,dol,197,97,0.44499810858779176,0.5494858689895815,0.47634443670832866
cthor,shy,45,94,0.5505233249757584,0.30321450360163443,0.4763306785635212
she,shor,41,91,0.5257818869294216,0.36079326371359016,0.47628529996467217
oky,chckhy,103,141,0.5060400460008929,0.40674626946709513,0.4762519130407536
or,chor,390,215,0.3970599429188736,0.6602195535324612,0.47600782610294984
kal,qoky,30,137,0.5077286508826725,0.40178660093532476,0.4759460358984681
chos,lor,42,38,0.5217727099946594,0.3688842114263486,0.4759061604241661
shol,ckhy,176,38,0.45027067140821697,0.5353089625237516,0.4757821587428773
cho,shor,77,91,0.5001096821971569,0.4189622037201473,0.47576543865405396
dar,air,287,95,0.5947172174020352,0.1980987115822104,0.47573166565608777
chey,am,510,115,0.4531037488954442,0.5274956584770237,0.475421321769918
dy,daly,204,33,0.47280748594698324,0.4809586261441023,0.4752528280061189
oly,shedy,65,255,0.4130700016703579,0.6202742825214725,0.4752312859256923
cthy,daly,100,33,0.5436027569806028,0.31514482005952466,0.47506537590427933
dair,l,93,156,0.547988639785365,0.30467187122068606,0.47499360921596134
dain,qo,173,51,0.4955940263412502,0.42588010842372226,0.47467985096599186
al,chcthy,311,84,0.5032598357946724,0.4072631359906749,0.47446082585347304
chor,oty,215,114,0.5043361132005136,0.4045638955131368,0.4744044478943006
al,kar,311,58,0.5760327363416193,0.23645306368013916,0.47415883454317526
kchy,cthol,36,55,0.5900644176922901,0.2032512005830501,0.4740204525595181
cthy,chey,100,510,0.4932195716569508,0.4290159955283598,0.4739584988183735
shody,cho,50,77,0.5317269843242733,0.339112218003916,0.47394255442816613
tol,qoky,42,137,0.5255753936185433,0.3534109531777326,0.47392606148630007
chey,oky,510,103,0.4818138209119325,0.4547365680224234,0.47369064504507974
cho,key,77,33,0.47733077827058984,0.4646169416186032,0.47351662727499383
dar,qo,287,51,0.5183390361959941,0.36892638907389563,0.4735152420593645
shey,chody,344,80,0.47941864038996873,0.45892949520654736,0.4732718968349423
dair,air,93,95,0.5905263557130485,0.1996750792342071,0.473270972769396
dar,chody,287,80,0.47583389819008376,0.4671267203330899,0.4732217448329856
dol,l,97,156,0.5463482386244974,0.3025070570741547,0.47319588415939456
ckhey,kchy,32,36,0.5220186543029115,0.3589998769694934,0.47311302110288606
sho,chody,118,80,0.4651583015411252,0.49165187609494965,0.4731063739072725
chey,ody,510,38,0.48825692818059696,0.4372210663350815,0.47294616962694225
chcthy,oty,84,114,0.47005586569139235,0.4794887018358305,0.4728857165347238
y,dor,210,63,0.5385830638991167,0.3191971059593589,0.4727672765171893
lol,l,35,156,0.5347822862107381,0.327659843721635,0.4726455534640071
dar,cheo,287,75,0.5054505506929189,0.3959456908541555,0.47259909274128986
chos,oty,42,114,0.4761589914817776,0.4639986405465718,0.47251088620121584
shody,dor,50,63,0.539073028872917,0.3171675237082733,0.4725013773235238
shol,al,176,311,0.524380176647752,0.35080156571648075,0.4723065933683706
cthey,qoky,47,137,0.4854563108979402,0.4408414666467892,0.4720718576225949
dol,dam,97,59,0.44603635450666573,0.5327939253213869,0.47206362575108207
al,sar,311,77,0.5755301244604509,0.23041412213640206,0.4719953237632362
ckhey,cthey,32,47,0.4563272626765755,0.5081345836793815,0.4718694589774173
oly,oty,65,114,0.4599626876556486,0.49950911831611594,0.4718266168537888
shy,chedy,94,341,0.5083887947515645,0.3863812711139201,0.4717865376602712
or,dal,390,190,0.4685667938005501,0.47920349704680715,0.4717578047744272
am,kal,115,30,0.4963615899033918,0.41394634990835405,0.47163701790488044
dain,ody,173,38,0.5153062952454234,0.36947293940983594,0.4715562884947471
sho,ol,118,588,0.4798846833395751,0.45155763705634666,0.47138656945460655
dar,chy,287,197,0.46343117196892897,0.4898055210708001,0.4713434766994903
ol,am,588,115,0.3979502100048831,0.6420949486962081,0.47119363161228056
cho,cthor,77,45,0.5473837341014413,0.29280403129652155,0.4710098232599653
cthol,oty,55,114,0.527664195875096,0.3379657103302691,0.470754650211648
shey,lor,344,38,0.5220957842282677,0.3507419684924111,0.4706896395075107
ckhey,cthor,32,45,0.555799110332386,0.2718630466231166,0.4706182912196052
ol,key,588,33,0.48524039962474413,0.4364357804719849,0.47059901387891634
cho,lol,77,35,0.5458760400545634,0.2938981485500086,0.4702826726031969
tol,shy,42,94,0.5242943478622292,0.344234341823134,0.4702763460505006
chol,oty,367,114,0.5053864728288763,0.3880170798918011,0.4701756549477537
shy,daly,94,33,0.509409019374027,0.3783147888191162,0.47008075020755374
ain,aly,149,39,0.387364179288783,0.6630671654611079,0.4700750751404804
al,lor,311,38,0.571586179288863,0.2322364945331477,0.4697812738621484
cho,l,77,156,0.579147530599335,0.2145625475473594,0.46977203568374226
d,sor,53,43,0.5426095162342938,0.29977907899085954,0.4697603850612635
cthol,ckhy,55,38,0.49583991483636003,0.40888392268078133,0.4697531171896864
she,chl,41,33,0.47915963714757615,0.44772150434678193,0.46972819730733784
she,chy,41,197,0.4708051893971704,0.4667269392559065,0.46958171435479124
chy,sheo,197,46,0.47076437013149824,0.4665672565328062,0.46950523605189065
chal,dal,59,190,0.49078656642207724,0.4190590900213937,0.46926832350187214
dy,shedy,204,255,0.49554359389993957,0.40708196047314527,0.4690051038719013
chol,tol,367,42,0.5570486429260594,0.2634257515852242,0.4689617755238088
or,oty,390,114,0.49241493845746814,0.41399223786165734,0.4688881282787249
chey,sheo,510,46,0.5094850326866059,0.3741507427520661,0.46888474570624394
y,tol,210,42,0.5566141328042342,0.2634642779347089,0.46866917634337657
dal,ody,190,38,0.4681247487001127,0.4698586931646237,0.468644932039466
al,qol,311,147,0.6199716396468419,0.11553461563072459,0.4686405324420067
chdy,qoty,108,84,0.5222424161349449,0.34315274232545273,0.46851551399209723
shey,dair,344,93,0.44355611811643647,0.5266994753350599,0.4684991252820234
dain,char,173,79,0.476502510654147,0.4496924683655315,0.46845949796756237
s,dol,328,97,0.44011173290920247,0.534507333690408,0.46843041314356415
shey,oky,344,103,0.454067572716393,0.5019403694343061,0.4684294117317669
r,qol,196,147,0.5231314030993784,0.34073882035400765,0.46841362827576716
oky,dair,103,93,0.49495235000823096,0.4063650519603897,0.46837616059387854
cthy,dol,100,97,0.4563663976530406,0.49572721999792874,0.468174644356507
chey,tol,510,42,0.5323147455117762,0.3182344344323711,0.4680906521879546
kar,l,58,156,0.5183754797095307,0.34918678909593,0.4676188725254504
qoty,dor,84,63,0.5478041896030235,0.2804230991509882,0.46758986246741285
shey,sheo,344,46,0.49958186912188146,0.3923814061050074,0.4674217302168192
lol,sor,35,43,0.5337707846409828,0.31204481674109974,0.4672529942710179
sho,shy,118,94,0.511859847347231,0.363161123640708,0.46725023023527407
chor,ckhy,215,38,0.4745762470323517,0.450013241870117,0.46720734548368126
chody,sol,80,63,0.5216089212911809,0.33928700884195556,0.4669123475564132
s,chckhy,328,141,0.4698728729978187,0.4598460070380865,0.46686481320989903
kal,key,30,33,0.425484358735811,0.5633458001672133,0.46684279116523164
chor,al,215,311,0.47167906933432363,0.45496025717860905,0.4666634256876092
o,lor,114,38,0.5143750012957943,0.35471854013914556,0.4664780629487997
chol,shey,367,344,0.4752235332151734,0.4450213210104683,0.46616286955376185
dal,qoty,190,84,0.511084129488721,0.36127345879974176,0.4661409282820272
chor,cheo,215,75,0.4323967018173945,0.5448158296506743,0.46612244016737847
or,she,390,41,0.42684332694485466,0.5573474525846372,0.4659945646367894
al,cheo,311,75,0.5158987106367713,0.34941323316647055,0.46595306739568104
sar,l,77,156,0.5287054973351936,0.31937610507241787,0.46590667965636084
she,ain,41,149,0.47669583127173054,0.44051609440453976,0.4658419102115733
she,sor,41,43,0.5365583111164665,0.30002976042862345,0.4655997459101135
chor,tol,215,42,0.5326188708499675,0.3091722698152467,0.4655848905395512
dol,oty,97,114,0.5018230245000648,0.3798312980607325,0.46522550656826506
am,oly,115,65,0.4484027013001996,0.5035789570834478,0.464955578035174
ain,cho,149,77,0.5296258888218317,0.313981509812852,0.46493257511913777
chody,cthey,80,47,0.513386688055766,0.3517622259408595,0.464899349421294
cho,chody,77,80,0.4851286651465574,0.41744133983033516,0.46482246755169065
sor,oty,43,114,0.5296690453869608,0.31233737772903925,0.4644695450895843
dar,key,287,33,0.4841358333845678,0.4185176679007781,0.46445038373943087
d,dar,53,287,0.5160764127499389,0.3434622021778837,0.46429214957832227
y,lor,210,38,0.5653048437603214,0.22802283415512323,0.46412024087876197
y,shor,210,91,0.47369425863876596,0.4416922282991599,0.46409364953688415
chcthy,shy,84,94,0.48677802851841334,0.41112780938296284,0.46408296277777816
ain,dal,149,190,0.5814166952827885,0.19007155693955602,0.4640131537798187
cho,tar,77,43,0.5239372749885242,0.3235027924835412,0.46380693023702924
dain,air,173,95,0.5416984734031578,0.2816654393689511,0.46368856319289575
cheo,chckhy,75,141,0.49291567956261195,0.39520216280081083,0.4636016245340716
chody,shor,80,91,0.5335436284117762,0.3001899424370876,0.4635375226193696
dain,lor,173,38,0.4747320014870482,0.4374019157952636,0.4635329757795128
ar,aly,449,39,0.3707460749050966,0.6798368261859584,0.4634733002893551
sor,oly,43,65,0.5070146234145533,0.36170867960683534,0.46342284027223785
y,sy,210,40,0.46536699235290885,0.4587403426254726,0.4633789974346779
chor,sor,215,43,0.49111000407068706,0.39802721514360173,0.46318516739256144
chdy,qoky,108,137,0.5331433557309712,0.29992306831693083,0.4631772695067591
shol,dair,176,93,0.4708404669644737,0.444734798509122,0.46300876642786815
cthy,qoty,100,84,0.5383405870956156,0.2867795120836724,0.4628722645920326
l,chedy,156,341,0.5591773451265303,0.2381082803506333,0.4628566256937612
lol,lor,35,38,0.5093918452905535,0.3541034671296363,0.4628053318422783
chedy,key,341,33,0.4722473164525373,0.4407620980209574,0.4628017509230633
chey,tar,510,43,0.5159543731521831,0.3384719183390401,0.46270963670824017
dal,kal,190,30,0.4409870821088019,0.5132676934749811,0.46267126551865567
y,qoky,210,137,0.5844334634688315,0.17835542807068527,0.4626100528493876
cho,ckhy,77,38,0.5085690307849008,0.3550324186503014,0.46250804714452093
qo,lor,51,38,0.4942252158650539,0.3882607686467887,0.46243588169957434
kchy,chody,36,80,0.5258384011237537,0.3139128809600902,0.4622607450746546
sy,cthy,40,100,0.5182775053347299,0.3312289023318814,0.46216292443387536
cthor,dor,45,63,0.4914752047206684,0.39326344074805153,0.46201167552888334
sy,cho,40,77,0.5149797322022728,0.3381553867212198,0.46193242855795685
y,qoty,210,84,0.5389661988287845,0.28188958429335137,0.4618432144681546
qoty,chckhy,84,141,0.5475926015267608,0.2616981666727307,0.46182427107055174
dol,qoty,97,84,0.499509565291154,0.37321062512823056,0.46161988324227693
char,o,79,114,0.4685855336243439,0.4452458198280855,0.46158361948546633
dain,key,173,33,0.47428476510331447,0.43173725670079655,0.46152051258255905
y,air,210,95,0.4575818932674871,0.4705911302746617,0.4614846643696394
s,dy,328,204,0.43221246459959467,0.5295760799768707,0.46142154921277745
chey,lol,510,35,0.54146315282044,0.2745013747449365,0.46137461939778895
dain,kar,173,58,0.4878756004659512,0.39933475157975784,0.46131334580009314
cthey,shy,47,94,0.5244000932959845,0.3139074384318769,0.4612522968367522
dol,tar,97,43,0.4853096511818105,0.4047714647870545,0.4611481952633837
tol,dy,42,204,0.47489955446887283,0.4290467609549553,0.46114371641469754
shol,ody,176,38,0.48770205589557064,0.3990556428476174,0.46110813198118467
chol,daly,367,33,0.5193880938746209,0.3240450242946294,0.4607851730006235
cho,kar,77,58,0.49118125668717416,0.38941691206336476,0.4606519533000313
shol,oly,176,65,0.48619692550976706,0.4006008108708124,0.4605180911180806
chdy,chckhy,108,141,0.5134816236368931,0.33659878124659726,0.4604167709198043
dol,kal,97,30,0.5008143122636244,0.3659931623852335,0.4603679673001071
dar,dam,287,59,0.4459592913877153,0.4931583651205845,0.460119013507576
chy,qoty,197,84,0.518027553257381,0.3242578248723435,0.4598966347418697
chor,qoty,215,84,0.5314930118311952,0.2927903580460786,0.45988221569566023
chor,she,215,41,0.46181409190815864,0.4546356996122678,0.4596605742193913
chey,ches,510,44,0.4847180972920592,0.4010266776000064,0.45961067138444334
tar,key,43,33,0.4453221374427852,0.49285714285714294,0.4595826390670925
shol,chdy,176,108,0.49020729516975176,0.38804857189894393,0.45955967818850935
dar,daly,287,33,0.4311954135605761,0.5256296978034215,0.45952569883342975
ar,l,449,156,0.5391103555718098,0.2736592541566796,0.4594750251472707
dol,cheo,97,75,0.48171389922912594,0.40736674562860425,0.45940975314896937
oky,cheo,103,75,0.4884549158529694,0.3915138792009625,0.4593726048573673
chey,qoty,510,84,0.5229600135320058,0.3102812752343658,0.4591563920427138
oly,qoky,65,137,0.5176122090602054,0.32254677253239905,0.4590925781018635
or,shey,390,344,0.3811772267737434,0.6402592913288766,0.4589018461402833
cheo,chl,75,33,0.4468858231470923,0.4867370515736146,0.458841191675049
shey,sor,344,43,0.5287663409131396,0.2954890637628697,0.45878315776805856
dar,qoty,287,84,0.44395198539813724,0.49336246076292356,0.4587751280075731
shor,cthor,91,45,0.4946099240990552,0.3748864250509193,0.4586928743846144
ckhey,chckhy,32,141,0.5022755926827677,0.3569716227167097,0.45868440169295027
she,daly,41,33,0.4677137899874504,0.43750000000000006,0.4586496529912153
chy,al,197,311,0.4767347751968473,0.415982857617108,0.4585091999229255
dol,shy,97,94,0.4788929599979319,0.40834065382535817,0.45772726814615977
she,chcthy,41,84,0.43567808407170644,0.5090934105141518,0.45770268200444
chor,oly,215,65,0.4147019327336573,0.5577856779142403,0.4576270562878322
dol,oly,97,65,0.4731969135398353,0.4212099644817522,0.45760082882241027
or,dol,390,97,0.46070415274042364,0.4502427137433934,0.45756572104131454
chal,kal,59,30,0.44797278961811476,0.4793942271689154,0.45739922088335494
cthey,chos,47,42,0.5176585763718515,0.316598530890762,0.45734056272752466
cthey,sheo,47,46,0.5014122105639004,0.35441569575596665,0.45731325612152024
oly,chedy,65,341,0.41028695383011954,0.5663816132599606,0.4571153516590718
kol,dar,35,287,0.48691627990601555,0.3874403166940802,0.45707349094243493
r,cthey,196,47,0.46603724349737824,0.4356228322176717,0.4569129201134663
shey,chl,344,33,0.3782662305085081,0.6402050858773197,0.4568478871191516
kol,dol,35,97,0.4783962626035931,0.4061741959768955,0.4567296426155838
chol,chckhy,367,141,0.49275489630445796,0.3726600078705738,0.45672642977429273
cthey,key,47,33,0.4675867606290193,0.4303679070668151,0.456421104560358
dal,sar,190,77,0.42659053411720954,0.5255625597244351,0.4562821417993772
she,shckhy,41,55,0.4953013804795885,0.3642945598218418,0.45599933428226447
ar,shy,449,94,0.45828859668424443,0.4504414734369777,0.4559344597100644
cthol,sheo,55,46,0.47532885526783936,0.41067646824392784,0.4559331391606659
shey,am,344,115,0.4357130340570467,0.5030282131029731,0.4559075877708246
chal,ches,59,44,0.4363383190318232,0.5009212292587308,0.45571319209989547
dair,sheo,93,46,0.46733686028857835,0.4285890160205606,0.455712507008173
chol,dair,367,93,0.4354978118263349,0.5026756505069,0.4556511634305044
ar,chal,449,59,0.500544708712187,0.35083696336834347,0.4556323851090339
dol,chedy,97,341,0.4524375541245803,0.4629167944736601,0.4555813262293042
shol,sor,176,43,0.5182837381624571,0.30901041346281044,0.45550174075256306
oly,sol,65,63,0.5000596271551199,0.35153085194941625,0.45550099459340876
ckhy,chl,38,33,0.4924151359432112,0.36928159621946655,0.4554750740260878
oky,daly,103,33,0.4559325767480488,0.45416039066365216,0.45540092092272977
al,dy,311,204,0.5231091694046183,0.297252395456706,0.45535213722024453
chor,chl,215,33,0.43213969958192927,0.5083615525851799,0.4550062554829044
kol,qoty,35,84,0.4635605783560932,0.43468501883898436,0.4548979105009605
dair,oty,93,114,0.44614979679937045,0.4741275574260695,0.45454312498738014
qoky,daly,137,33,0.44961332500961315,0.46589177936752313,0.4544968613169861
y,cthey,210,47,0.4961491604860085,0.3571991664193312,0.4544641622660053
cthy,dal,100,190,0.4856141190442187,0.3817324052053155,0.4544496048925477
chol,sheo,367,46,0.45720015410938636,0.4478504731182318,0.45439524981203994
chey,dam,510,59,0.397990541262533,0.5851133989356896,0.45412739856448
cthey,sor,47,43,0.513948122452943,0.3144274082369708,0.4540919081881513
dal,qo,190,51,0.4723591753909526,0.4114602509347756,0.4540894980540995
chody,oly,80,65,0.43413371643855747,0.50005530535298,0.45391019311288416
s,chol,328,367,0.4553919228986933,0.45033511960863143,0.4538748819116747
y,chal,210,59,0.4661984261907783,0.4236925008701913,0.45344664859460215
kchy,key,36,33,0.44055658221206484,0.4834676899175833,0.45342991452372033
dal,am,190,115,0.46681661866793606,0.4219533582299932,0.4533576405365532
s,key,328,33,0.4280728998630386,0.5121575057180242,0.4532982816195342
qo,qoky,51,137,0.43697994517477895,0.490979800762363,0.45317990185105417
kol,qoky,35,137,0.481084119191604,0.3878214053517778,0.45310530503965607
chor,dar,215,287,0.4530810005432087,0.4530537053969081,0.4530728119993185
kar,oty,58,114,0.5132183935573205,0.31234052099064497,0.4529550317873178
ain,lor,149,38,0.5631571005536282,0.19573445538680528,0.45293030700358133
dal,key,190,33,0.46529511263119594,0.42387351735733125,0.4528686340490365
or,cthey,390,47,0.4640422432431345,0.42642846533536827,0.45275810987080456
shey,tar,344,43,0.5180686426179953,0.300201245194905,0.4527084233910682
chckhy,o,141,114,0.4999230170859544,0.34247979529193023,0.45269005054774714
dal,chl,190,33,0.4194878522890769,0.5287745365089461,0.4522738575550377
cho,dal,77,190,0.4954530425859547,0.35140306490587225,0.45223804928192995
sy,daly,40,33,0.4835741455540877,0.37905009863173406,0.4522169314773815
ain,sor,149,43,0.562618658957727,0.1941780518753751,0.45208647683302144
chey,o,510,114,0.431597340601036,0.49959601937597037,0.4519969442335163
chey,ckhy,510,38,0.4450963166068253,0.46755940652913136,0.4518352435835171
she,al,41,311,0.43397353177125464,0.4929019119688202,0.4516520458305243
chody,chcthy,80,84,0.4699701464125112,0.40862429561774455,0.4515663911740812
s,chy,328,197,0.4152722800321147,0.5361494548225644,0.45153543246924954
chor,qoky,215,137,0.5251558925943313,0.2787794827587525,0.4512429696436576
lol,tar,35,43,0.47348725730465946,0.3989209791824477,0.4511173738679959
ar,dal,449,190,0.47629692961993,0.39198176700551235,0.4510023808356047
cthor,daly,45,33,0.5178840884611253,0.2948254555775428,0.45096649859605054
dain,ches,173,44,0.48074408034551563,0.38120680404601964,0.4508828974556668
qo,qol,51,147,0.45946289815680175,0.43086044849451116,0.45088216325811453
shy,sheo,94,46,0.47848324675246456,0.3864698635087211,0.45087923177934147
ol,shckhy,588,55,0.4107842525340472,0.5433889142351153,0.4505656510443676
shy,sol,94,63,0.5041479673945214,0.3252402083168062,0.4504756396712068
y,qol,210,147,0.5741860858224276,0.16114538564218775,0.4502738757683556
dar,o,287,114,0.45898082183013406,0.42990050137309527,0.45025672569302244
shey,kol,344,35,0.4924443131260033,0.35154934445948405,0.4501758225260475
y,am,210,115,0.3762168421273918,0.622062222792631,0.44997045632696353
kal,dy,30,204,0.47950961194220587,0.3809375533421744,0.4499379943621964
she,chody,41,80,0.5121572372334733,0.3045435161791387,0.4498731209171729
dain,shcthy,173,30,0.47988431719229313,0.37959868413915765,0.44979862727635245
ol,ody,588,38,0.4257291685734074,0.5058788444147299,0.44977407132580416
ar,key,449,33,0.4953476454623256,0.34330005481519077,0.44973336826818516
y,chedy,210,341,0.49329531278920974,0.34717224488753534,0.4494583924187074
chdy,chody,108,80,0.4555945566553637,0.43485489534771377,0.4493726582630687
chy,ckhy,197,38,0.44641638969020997,0.45604518194714855,0.44930502736729155
ody,chckhy,38,141,0.49634385540020487,0.3394880817843765,0.44928712331545634
kol,shy,35,94,0.5306062275831298,0.2595324193677375,0.4492840851185121
chdy,kal,108,30,0.4469706226447179,0.4542792088491662,0.44916319850605235
sho,oty,118,114,0.4898318165790928,0.35401929660369197,0.44908806058647255
lol,sol,35,63,0.5217653941607876,0.27948794937285926,0.4490821607244091
dair,cthor,93,45,0.4301938409869866,0.4928489528947867,0.44899037455932655
shy,oly,94,65,0.4316686457090168,0.489051464838836,0.4488834914479626
shey,oty,344,114,0.40997055043569447,0.5395265676448627,0.44883735559844495
r,key,196,33,0.4210701440831499,0.5135933533481583,0.44882710686265237
kol,oty,35,114,0.5261011321715598,0.2683653623866594,0.4487804012360897
ain,sol,149,63,0.5731585490250187,0.15846690344283093,0.44875105535036236
chol,chal,367,59,0.4593701818916295,0.4236935254479802,0.44866718495853464
d,al,53,311,0.5137654497558987,0.29664011110417304,0.4486278481603809
cheo,l,75,156,0.5527723562108812,0.20562094687410787,0.44862693340984916
r,lol,196,35,0.49711550166024965,0.3353870991352447,0.4485969809027482
chol,ckhy,367,38,0.49894652026406544,0.33073914781364433,0.4484843085289391
sy,ody,40,38,0.4207721239909659,0.5127742624539129,0.44837276552984995
dar,lol,287,35,0.447455213385334,0.4504671189442028,0.4483587850529946
ar,oky,449,103,0.4709046375946284,0.39510433909411424,0.44816454804447414
dol,dair,97,93,0.4248209025193114,0.5026294163789982,0.4481634566772174
cthol,cthey,55,47,0.4662128676228407,0.40549364857730313,0.4479971019091794
kal,oty,30,114,0.47965702945151106,0.3741224595722725,0.4479966584877395
chdy,chy,108,197,0.4410960765974501,0.46369280389162776,0.44787509478570336
cthey,dy,47,204,0.47634693840823306,0.3809413876103243,0.44772527316886046
dar,sheo,287,46,0.4919811422694281,0.3439936021335718,0.44758488022867116
kal,oly,30,65,0.4583970040057715,0.4223413910563295,0.4475803201209389
cthy,oty,100,114,0.5012027951738208,0.32186359592107555,0.44740103539799725
shol,cheo,176,75,0.47859334394753916,0.3736494125758441,0.4471101645360306
cho,dol,77,97,0.48522262664723004,0.35810791708603273,0.4470882137788708
chody,chl,80,33,0.439013375085436,0.46579425255608903,0.44704763832663186
kar,sar,58,77,0.5525840746767485,0.2006430884762821,0.4470017788166086
chdy,oky,108,103,0.45367179370352284,0.4313970286991098,0.4469893642021989
kchy,cho,36,77,0.5206641747935725,0.27486457607631226,0.44692429517839444
char,chy,79,197,0.41767759120624764,0.5149641065198498,0.4468635458003283
y,oly,210,65,0.42596332598221825,0.49560422208246724,0.44685559481229287
y,kar,210,58,0.4906842354862919,0.3444951241895076,0.4468275020972566
chody,chedy,80,341,0.47499881329263927,0.3810813037729233,0.44682356043672444
shey,cho,344,77,0.42877937492974283,0.4888136638267033,0.44678966159883093
shey,kal,344,30,0.47592656027688307,0.37859398675435907,0.44672678822012585
y,chos,210,42,0.474514500565036,0.38140169261243245,0.44658065817925496
al,chl,311,33,0.4387229520724345,0.4645047911983084,0.44645750381019667
shol,chal,176,59,0.4607423270244456,0.41295392724039953,0.4464058070892317
ckhy,dam,38,59,0.43598876923213464,0.47029083489661494,0.44627938893147867
sor,qoty,43,84,0.5028680802946908,0.3135797896160283,0.44608159309109197
cho,daly,77,33,0.475181215497723,0.3775888786504283,0.4459035144435346
sho,cthor,118,45,0.48220265886096303,0.3610847738149154,0.4458672933471487
qoty,oly,84,65,0.5041728215282935,0.309571886780627,0.4457925411039935
dol,sor,97,43,0.49798283378116853,0.322933459113661,0.4454680213809163
cheo,oty,75,114,0.4938849817028363,0.33170379025784263,0.4452306242693381
r,air,196,95,0.49799367408941014,0.32191727648758167,0.4451707548088616
shody,shor,50,91,0.48345195476558334,0.355438527580641,0.4450479266101006
chckhy,key,141,33,0.5221479807906451,0.26422207136773923,0.44477020796377326
oly,ody,65,38,0.43756077655096365,0.4610875687166717,0.44461881420067606
dol,al,97,311,0.5323255728977764,0.2398116996792108,0.4445714109322067
chckhy,ches,141,44,0.4848931777490528,0.34973529298685246,0.44434581232039266
chody,sheo,80,46,0.4639208720425211,0.3978862516237408,0.44411048591688695
cheo,key,75,33,0.4570472203658652,0.41387063246253386,0.4440942439948658
ckhy,sheo,38,46,0.47318594592631436,0.37620917725902786,0.4440929153261284
dain,lol,173,35,0.488327288685527,0.34084839256047805,0.4440836198480123
oky,tar,103,43,0.4857390083162529,0.3468739580830807,0.44407949324630125
chol,cthey,367,47,0.4958786235946703,0.32271983784394753,0.44393098786945345
shody,dy,50,204,0.45610499440349406,0.4155048900501047,0.4439249630974772
ches,l,44,156,0.5192379763862119,0.2676653448657582,0.4437661869300758
ckhey,ody,32,38,0.45512052711259166,0.41726014131321,0.44376241137277717
cho,sheo,77,46,0.4585054773143642,0.408523913117411,0.4435110080552782
oky,chcthy,103,84,0.4364370475286868,0.45986815586956875,0.4434663800309514
sheo,dy,46,204,0.45859742157716094,0.4074685198491504,0.4432587510587578
or,chy,390,197,0.36101068009575665,0.634828207867997,0.44315593842742873
chal,chcthy,59,84,0.4543123544352729,0.4168621407034639,0.4430772903157302
qol,air,147,95,0.5812813557653896,0.12050556832259765,0.44304861953255203
shey,air,344,95,0.5030654170360186,0.3030026463321331,0.4430465858248529
shckhy,qol,55,147,0.43057810734450097,0.4721055268957771,0.4430363332098838
dar,oly,287,65,0.4256352260791265,0.48344580463323117,0.4429783996453579
chdy,sol,108,63,0.4811032874406668,0.35381743957724365,0.44291753308163984
oly,cheo,65,75,0.39210905025525394,0.5613904787381456,0.4428934788001214
ody,dy,38,204,0.4659832477125245,0.3889722680817359,0.4428799538232879
chdy,shckhy,108,55,0.48288205573915266,0.3485766959630274,0.44259044780631507
tol,sor,42,43,0.4615465416228722,0.3982125697775788,0.44254635006928417
oty,qoky,114,137,0.4954259060480255,0.3190717093306897,0.44251964703282476
al,chos,311,42,0.5083752816782696,0.288640521328487,0.4424548535733348
sho,oly,118,65,0.446554073219468,0.4324277718017857,0.4423161827941633
oky,kar,103,58,0.4862415081065585,0.3396545347417786,0.4422654160971245
cho,chos,77,42,0.4417604332435773,0.4434135154693772,0.44225635791131723
ckhey,dy,32,204,0.4977631218051999,0.31269475215097314,0.44224261090893185
sy,cthor,40,45,0.5034364665596532,0.29877685605432414,0.44203858340805446
oky,chl,103,33,0.4621939923832683,0.3945895321907542,0.4419126543255141
tol,chody,42,80,0.4751167170792199,0.36422325970987207,0.44184867986841553
chy,chedy,197,341,0.4079636778775662,0.5208391870997837,0.4418263306442315
y,sheo,210,46,0.44813162795834366,0.4269594867336222,0.4417799855909272
chal,tol,59,42,0.4818537159731389,0.34823063802525356,0.44176679258877327
char,cthey,79,47,0.5191497471802835,0.2611623607470486,0.441753531250313
kchy,tol,36,42,0.44152392511274424,0.4422699419045564,0.44174773015028784
dol,daly,97,33,0.47600466953692033,0.36087224276365404,0.4414649415049404
chal,ain,59,149,0.5661251754690553,0.15014000979759715,0.4413296257676178
r,dal,196,190,0.43047819537304394,0.46664940075214306,0.4413295569867737
ol,kal,588,30,0.4288008075963037,0.47053333277322035,0.4413205651493786
cthy,sheo,100,46,0.45996445318655366,0.3972394288396195,0.4411469458824734
cthy,ody,100,38,0.5147496341748303,0.26928288943400536,0.4411096107525828
dair,lol,93,35,0.4800061465948159,0.35014628147405086,0.44104818705858634
ol,ckhy,588,38,0.43784168352766695,0.44830786104149994,0.44098153678181684
qo,cthey,51,47,0.46727535054823327,0.37956015746100924,0.440960792622066
ol,qoty,588,84,0.4882892514008175,0.3304681595623623,0.4409429238492809
dol,qol,97,147,0.5188766216683272,0.25895530602029704,0.4409002269739181
chody,qoty,80,84,0.4771010922550967,0.3559087704489826,0.44074339571326243
chy,kar,197,58,0.4187752566574595,0.49185627303332846,0.44069956157022017
she,dal,41,190,0.4670457502989391,0.37912399946917175,0.4406692250500089
chdy,sor,108,43,0.4891275483392666,0.32736557913531084,0.4405989575780798
chol,sor,367,43,0.47885446475335963,0.35111286026437394,0.4405319834066639
cho,qoty,77,84,0.49768336563197835,0.30708139303622856,0.44050277385325337
chal,dol,59,97,0.4380323629774655,0.44605154506168077,0.4404381176027301
chor,shey,215,344,0.39727074795922207,0.5395721024993249,0.43996115432125293
kol,cthey,35,47,0.44708976506826115,0.42322636681265446,0.4399307455915791
chcthy,daly,84,33,0.4329686405640062,0.45611509377961273,0.4399125765286881
sor,chos,43,42,0.48798084042849527,0.32763665732145913,0.4398775854963844
ar,cthey,449,47,0.5087156892092402,0.2790756256161475,0.43982367013131235
kchy,oty,36,114,0.534898716801039,0.21780510479424856,0.4397706331990018
dol,kar,97,58,0.43460512808637203,0.4517321875843741,0.43974324593577263
chy,chcthy,197,84,0.40409703660224755,0.5228936540309609,0.4397360218308615
chody,oty,80,114,0.45203168268138944,0.4107029433415897,0.4396330608794495
chos,tar,42,43,0.4649538052303879,0.3804786014909875,0.4396112441085678
chedy,air,341,95,0.4955266895517399,0.30834611646632515,0.43937251762611546
dal,sheo,190,46,0.48262594885968574,0.3382382797804942,0.4393096481359282
sor,o,43,114,0.4709233887837783,0.365365657242253,0.43925606932132066
dair,chos,93,42,0.4873978370485286,0.3268294421171558,0.4392273185691168
sy,chckhy,40,141,0.4685734087209745,0.3700937191291511,0.4390295018434275
cthol,dair,55,93,0.39146386250337,0.5498792181239012,0.43898846918952933
chy,qo,197,51,0.48853683534020226,0.3231444137088255,0.4389191088507892
chcthy,qoky,84,137,0.4997693358314872,0.29678719694104566,0.4388746941643547
dair,sar,93,77,0.4978915190612553,0.30039875279601225,0.43864368918168234
s,ain,328,149,0.514482887900575,0.2612088606073535,0.4385006797126085
r,she,196,41,0.45596553043468413,0.3969783988435875,0.4382693909573551
oky,shckhy,103,55,0.45832808838669614,0.3913957929412742,0.4382483997530695
oky,key,103,33,0.4549490485596822,0.3985778122124458,0.43803767765551127
shol,key,176,33,0.45409958116821014,0.4001042921449239,0.4379009944612242
or,chol,390,367,0.39459586755969833,0.5389458393973424,0.4379008591109915
cho,qoky,77,137,0.5291674142349883,0.2248457251725496,0.4378709075162566
she,tol,41,42,0.4776651472212258,0.34499334509996743,0.4378636065848483
tol,dol,42,97,0.4875441766772093,0.3213134308103423,0.4376749529171492
kal,shy,30,94,0.4651685487666913,0.37347600747681,0.43766078637972683
cthy,tol,100,42,0.46869686527067717,0.36505691149269304,0.4376048791372819
s,shy,328,94,0.42131993408790697,0.4753882840109465,0.4375404390648188
ar,kal,449,30,0.44711059554997234,0.4151469409286893,0.4375214991635874
shody,shy,50,94,0.45833341309829406,0.38859248139910146,0.4374111335885362
cho,ody,77,38,0.5076425762901106,0.2728992986121804,0.43721959298673146
sor,air,43,95,0.5359129500268007,0.20669546933077254,0.4371477058179922
dal,dor,190,63,0.45076513361121573,0.4052006751829994,0.4370957960827508
dain,sar,173,77,0.45043043575240244,0.40585230659840027,0.43705699700620176
l,shedy,156,255,0.5365175265685895,0.20487420156141473,0.4370245290664371
shody,ckhey,50,32,0.46430677175967056,0.37329497893202734,0.4370032339113775
dar,dor,287,63,0.44459672171312287,0.418517667900778,0.4367730055694194
chcthy,sol,84,63,0.4527501025000226,0.3994119871427642,0.43674866789284505
kal,chckhy,30,141,0.48259471813150107,0.32973248425241,0.4367360479677737
dol,shedy,97,255,0.4274017438504991,0.458501606774412,0.4367317027276729
shol,she,176,41,0.45647889896503463,0.3905458164069239,0.4366989741976014
sy,shody,40,50,0.45219590010909183,0.40037088556878314,0.4366483957469992
chdy,dol,108,97,0.4551388447755637,0.39312100090726293,0.4365334916150735
tol,oky,42,103,0.465395328340933,0.3686899302895639,0.43638370892552225
ody,key,38,33,0.4623228313536302,0.3756927443642463,0.4363338052568151
dy,cheo,204,75,0.4357917826008103,0.43756398524321577,0.4363234433935319
ain,ches,149,44,0.5511992257365462,0.16787400537808617,0.4362016596290082
chol,ody,367,38,0.48550983780985746,0.3210011562487798,0.4361572333415341
chol,cheo,367,75,0.44275832214644545,0.4206709870069499,0.43613212160459675
ain,sar,149,77,0.5524166808036306,0.16478437426258666,0.4361269888413174
al,sol,311,63,0.5422155937719979,0.18849023369581142,0.43609798574914194
qol,lor,147,38,0.4976515595667052,0.2922131839281064,0.4360200468751255
chy,chl,197,33,0.42272765865615036,0.46658188358062097,0.4358839261334915
shor,dy,91,204,0.4572255029257977,0.386068303663229,0.43587834314702706
sy,chor,40,215,0.4537778404869777,0.394047665988003,0.4358587881372853
chol,dar,367,287,0.44394663072342716,0.41696643004001177,0.43585257051840254
she,dol,41,97,0.45680868874607294,0.3866721587621414,0.43576772975089345
she,dy,41,204,0.44912658745440753,0.40451879521278056,0.4357442497819194
shol,sol,176,63,0.4965076218019672,0.29356403308357704,0.43562454518645016
chal,air,59,95,0.5473836603964535,0.1747242561597234,0.4355858391254344
sor,dy,43,204,0.4840314275979344,0.32218257183644966,0.43547677086948894
sy,chy,40,197,0.48453102753411925,0.32091573714905913,0.4354464404186012
shar,chckhy,34,141,0.4498976474928016,0.401720667805425,0.4354445535865886
y,qo,210,51,0.511233114578635,0.25835762881585217,0.4353704688498001
ckhey,dal,32,190,0.43229885506423377,0.4420813607621872,0.4352336067736198
chdy,cho,108,77,0.4134975711072154,0.4859187232578383,0.43522391675240224
d,oky,53,103,0.4751269574153611,0.3419259502148022,0.4351666552551934
shody,shey,50,344,0.4100274747889767,0.4929411191954392,0.4349015681109154
shar,chey,34,510,0.45912835901774574,0.3776040098835717,0.4346710542774935
sor,dor,43,63,0.43647389916858426,0.4299345880479959,0.43451210583240774
kchy,cthey,36,47,0.4658106332957011,0.36127006462378003,0.4344484626941248
y,ckhey,210,32,0.4798889641597146,0.3283218883933653,0.4344188414298098
s,daly,328,33,0.43246063122354667,0.43897361874183444,0.434414527479033
shey,ckhy,344,38,0.4097663900210056,0.4919153363240481,0.43441107391191836
chal,qol,59,147,0.5366831232756085,0.19552751579566163,0.4343364410316244
tol,shor,42,91,0.47176707865233947,0.3468724849946668,0.4342987005550376
tol,qoty,42,84,0.4811883988880453,0.324750334604272,0.4342569796029133
cthol,chckhy,55,141,0.4584366998505118,0.37700242545664303,0.43400641753235114
dy,shckhy,204,55,0.4249391114120272,0.4551304831667774,0.43399652293845226
cho,oly,77,65,0.4458345033561345,0.4062906505321989,0.43397134750895383
s,dor,328,63,0.4220734901589587,0.4614488417855465,0.433886095646935
y,cthor,210,45,0.45112100135655325,0.393560663122901,0.4338528998864576
ain,shedy,149,255,0.45341594800151214,0.3879927127865744,0.43378897743703076
tar,qoky,43,137,0.4556061362691462,0.3823790640939401,0.43363801461658436
kol,kchy,35,36,0.5114929830559095,0.2515829076607809,0.43351996043737095
dar,tol,287,42,0.4758458262073814,0.3346779941196246,0.43349547658105436
oky,o,103,114,0.4464000191230024,0.4031591663758072,0.4334277632988438
chal,dair,59,93,0.46506155806532024,0.3593780952429636,0.4333565192186132
dam,dy,59,204,0.3921843874378478,0.5287864273359033,0.43316499940726444
oky,sar,103,77,0.46630209530692496,0.3556117479953766,0.4330949911134604
chal,shedy,59,255,0.44798125883859097,0.3983534838136869,0.43309292633111973
ckhey,cho,32,77,0.5072087420795879,0.2598097853241482,0.432989055052956
al,daly,311,33,0.3912910890683528,0.5299704220606092,0.4328948889660297
qo,shy,51,94,0.48618413744279254,0.3083478297021106,0.43283324512058796
sheo,chl,46,33,0.4710995007614277,0.3432733514066608,0.43275165595499765
y,kol,210,35,0.5110663751383838,0.24994900040746615,0.4327311627191085
shar,oky,34,103,0.4617800154573514,0.36494717220053824,0.43273016248030743
ain,chl,149,33,0.4501532639117971,0.39121759241335835,0.43247256246226545
lol,shy,35,94,0.48253245891030694,0.31537973964708405,0.43238664313134006
cthey,tar,47,43,0.4383309969959876,0.4183252115818821,0.43232926137175587
char,aly,79,39,0.45061527368228066,0.389609809531575,0.43231363443706894
she,qoty,41,84,0.47824920570158125,0.32502456701454985,0.4322818140954718
sor,ody,43,38,0.47057752648305823,0.342612684342235,0.43218807384081126
ain,sheo,149,46,0.4926518610545386,0.29054653521349677,0.43202026330222604
ain,am,149,115,0.39030047969678944,0.5290678666715518,0.43193069578921817
sy,ol,40,588,0.452892371226971,0.3829708431025353,0.43191591278964026
y,ckhy,210,38,0.4299833135814994,0.4359788954196513,0.431781988132945
tol,qol,42,147,0.4850595676856065,0.3069856446383828,0.43163739077143937
dal,kar,190,58,0.45980215472544667,0.3653454078834094,0.43146513067283543
qoty,chedy,84,341,0.5051233409505645,0.2595544860378029,0.43145268447673607
shar,chy,34,197,0.40424899099982914,0.4944369129689016,0.4313053675905508
ar,chy,449,197,0.3949701956235196,0.5152558475835853,0.4310558912115393
char,ain,79,149,0.4663026285940641,0.3487094188915425,0.43102466568330755
sy,s,40,328,0.3995501597905814,0.5044056883216567,0.43100681834990395
r,oky,196,103,0.48549345797795185,0.30360684485630335,0.4309274740414573
chol,qo,367,51,0.49168468479215655,0.28898515719801604,0.43087482651391434
chey,cthor,510,45,0.42776248371925807,0.43812745830768846,0.43087197609578715
ckhey,ol,32,588,0.44743395285676874,0.3915083612732043,0.4306562753816994
dar,am,287,115,0.44814160743821346,0.3898462538184778,0.4306530013522928
dor,oty,63,114,0.4625344181137902,0.3551329370602996,0.430313973797743
oky,ody,103,38,0.44718371119813927,0.3909350270787468,0.4303091059623215
chol,she,367,41,0.4919636453807857,0.28623977146025603,0.4302464832046268
shol,r,176,196,0.46617276720467815,0.34633209112989394,0.4302205643822429
tol,dal,42,190,0.48740845301499297,0.2960979259072609,0.4300152948826733
shedy,key,255,33,0.4351721945613379,0.4175356023010502,0.42988121688325154
d,oty,53,114,0.474903266316442,0.3247553247585551,0.4298588838490759
cthey,oty,47,114,0.4611965393606015,0.3563387687773262,0.4297392081856189
y,kchy,210,36,0.5402303570270589,0.17146831938505483,0.4296017457344577
d,chckhy,53,141,0.4886274431433237,0.2917403536327548,0.42956131629015304
shody,chckhy,50,141,0.45475127149969075,0.36961782919029795,0.4292112388068729
r,qoky,196,137,0.4380953917842426,0.408445668214292,0.4292004747132574
ol,shor,588,91,0.45122224089424096,0.37773638881268207,0.42917648526977326
kal,qoty,30,84,0.43966535221980696,0.40452733084393366,0.42912394580704494
oly,daly,65,33,0.42861321584881845,0.43005705165658903,0.4290463665911496
shey,shor,344,91,0.449505516617155,0.38087030220664986,0.42891495229400345
sy,chody,40,80,0.4430380116181479,0.3955224246721137,0.42878333553433756
cthol,dal,55,190,0.4479783990372678,0.38398022328163,0.42877894631057645
cthol,oky,55,103,0.45019056829698817,0.37870818080101976,0.4287458520481976
s,chl,328,33,0.4150030217400618,0.46069512778333166,0.4287106535530427
char,oly,79,65,0.39599599448238626,0.5048368650293437,0.42864825564647346
sho,kchy,118,36,0.5236044901721048,0.20683643038264754,0.42857407223526756
chdy,oty,108,114,0.43780794200817397,0.4069659566321617,0.42855534639537024
ches,oty,44,114,0.46263963424424637,0.3481829164154699,0.4283026188956134
cthy,dair,100,93,0.3815824837206055,0.5372002974122848,0.42826782782810924
chdy,key,108,33,0.429616795275964,0.42506892823399833,0.4282524351633743
ain,qoky,149,137,0.5718227974541615,0.09306382826353789,0.4281951066969744
chal,chody,59,80,0.4355483391799916,0.410899253388953,0.42815361344268
shol,sheo,176,46,0.4459853218388097,0.3864322815605254,0.42811940975532436
y,sol,210,63,0.4928241818331306,0.2768609116285892,0.42803520077176815
dal,ckhy,190,38,0.42068315402029466,0.444706781305291,0.4278902422057935
y,shody,210,50,0.42942661363129947,0.4239922075151181,0.42779629179644507
chal,l,59,156,0.49583585616638104,0.2689184942090872,0.42776064757919285
sy,shy,40,94,0.41323268713914457,0.46156843934780273,0.427733412801742
shey,dor,344,63,0.4440923916053212,0.38867744331699167,0.4274679071188223
chody,l,80,156,0.4742945590180563,0.31742333839460485,0.4272331928310208
cthey,daly,47,33,0.3987054404842926,0.4935671319886767,0.42716394793560775
ckhey,oky,32,103,0.4975319988999644,0.26269166747445355,0.4270798994723111
shy,shedy,94,255,0.4314398209157231,0.4168811391750918,0.42707221639353365
oky,qoty,103,84,0.45799275914021564,0.35475434830716734,0.4270212358903011
sor,daly,43,33,0.4378774882063145,0.4014482709960455,0.42694872304323384
chckhy,l,141,156,0.5122294151700985,0.22788775731378413,0.42692691781320413
oty,daly,114,33,0.4297396225443339,0.4199574649747993,0.4268049752734735
r,chckhy,196,141,0.4491970167912833,0.3743385009109376,0.4267394620271796
qo,l,51,156,0.4861979894512218,0.2877485638421308,0.4266631617684945
sheo,tar,46,43,0.4613919718301528,0.34556271242727876,0.4266431940092905
ckhey,chody,32,80,0.465153054653405,0.33656003373164084,0.4265751483768757
tol,dair,42,93,0.46715985581976166,0.33182774386034203,0.4265602222319358
ches,air,44,95,0.5400654705358463,0.16132733671917265,0.4264440303908442
shol,dam,176,59,0.39581602246794884,0.4978116876794771,0.4264147220314073
cthey,l,47,156,0.46772351742574814,0.32912029230177736,0.4261425498885569
ain,shy,149,94,0.4737303510864554,0.31466633558933593,0.4260111464373195
sho,sor,118,43,0.4629120403792868,0.3390506704651344,0.425753629405041
chcthy,qoty,84,84,0.4825510175025312,0.2931055715440294,0.42571738371498064
chey,sar,510,77,0.4514956666804324,0.3653233846933157,0.4256439820842974
ar,chor,449,215,0.3947324501770788,0.4975643261844515,0.4255820129792906
dol,shor,97,91,0.4696709444575808,0.3225978767174484,0.4255490241355411
tol,chcthy,42,84,0.475666240065993,0.3084246847506243,0.42549377347138234
sy,dal,40,190,0.4217968096930863,0.43410544309864446,0.42548939971475375
chody,sor,80,43,0.4771567577102639,0.30463589792247125,0.425400499773926
cthy,she,100,41,0.4525735673014135,0.3611625065872474,0.42515024908716365
kol,cho,35,77,0.5001352630891781,0.25014415751434815,0.4251379314167291
o,daly,114,33,0.39970174535427905,0.48448139512495453,0.4251356402854817
sho,dar,118,287,0.4414951596730792,0.38676462680697216,0.42507599981324706
ckhy,chckhy,38,141,0.4338402130383563,0.4045924849918599,0.42506589462440736
ckhy,daly,38,33,0.42735447329094944,0.4195731958391367,0.4250200900554056
shy,l,94,156,0.49590910343116573,0.2591209979696456,0.42487267179270966
d,chey,53,510,0.4368117043607728,0.39699908696376607,0.42486791914167077
chdy,qo,108,51,0.476669294553617,0.30398341069620005,0.42486352939639194
or,dy,390,204,0.3936781188907728,0.49706337620095115,0.4246936960838263
char,shey,79,344,0.40664116709154147,0.4658879952768285,0.4244152155471276
dair,chcthy,93,84,0.4039507463972745,0.4720471319007719,0.4243796620483237
ckhey,qoky,32,137,0.4508604121023909,0.362581297970607,0.4243766778628557
chol,al,367,311,0.47257608732965534,0.3118377976673257,0.4243546004309564
she,dar,41,287,0.4305579084704487,0.4098491022061813,0.42434526659116845
shol,sy,176,40,0.45808247095036414,0.34561439355938844,0.4243420477330714
cthey,cheo,47,75,0.4829214721342408,0.28722727919895114,0.4242132142536539
dy,sol,204,63,0.4264520427377542,0.4187662940985989,0.4241463181460076
ain,dol,149,97,0.5533422007885855,0.1220545363864639,0.42395590146794904
cho,cthey,77,47,0.4406421361270484,0.38456450668790243,0.42381884729530456
chor,dam,215,59,0.35149480381680603,0.5922660360830988,0.42372617349669384
ar,shey,449,344,0.391661624997147,0.49809469126878964,0.4235915448786398
qo,dy,51,204,0.4547385065892265,0.3508173392215716,0.42356215637893
dair,dy,93,204,0.38301817887779005,0.5180378191523604,0.4235240709601611
r,dol,196,97,0.45111474601986956,0.35913638492362415,0.4235212376909959
shody,dar,50,287,0.42329427139721576,0.42393166637786855,0.42348548989141155
char,chl,79,33,0.3617469439008532,0.5674041844738079,0.4234441160727396
ar,chedy,449,341,0.3970738216010398,0.4849443344997079,0.42343497547064024
dal,shckhy,190,55,0.39286497905199863,0.49465567316542464,0.4234021872860264
dain,shckhy,173,55,0.4112076534474519,0.45161484514158007,0.42332981095569033
shey,tol,344,42,0.4590289267220808,0.339805631104523,0.42326193803681345
lor,key,38,33,0.44504726446281145,0.3719618025070206,0.42312162587607416
shedy,air,255,95,0.4345432779238607,0.3958236897155993,0.42292740146138225
cthor,dy,45,204,0.4332617350380326,0.3985468035826054,0.42284725560140446
oky,shor,103,91,0.4671601247209003,0.3193670235958332,0.4228221943833801
shody,daly,50,33,0.4111337225852884,0.4500743986117342,0.4228159253932221
shy,dor,94,63,0.4552090069805647,0.3469198579650167,0.42272226227590026
s,chody,328,80,0.39670797793317286,0.48329921861268904,0.4226853501370277
or,chl,390,33,0.3795032252526994,0.5228382550600846,0.42250373419491494
ol,sheo,588,46,0.4250439294676724,0.41655594269230056,0.4224975334350608
cthor,chl,45,33,0.46766034221713365,0.31682833839820285,0.42241074107145443
chor,chal,215,59,0.424098829028883,0.4182847583537441,0.4223546078263413
shol,shar,176,34,0.4288982787836872,0.4066163159723157,0.42221368994027575
oky,dol,103,97,0.4207103675988766,0.42555645311621626,0.4221641932540785
shody,chl,50,33,0.43351058949131166,0.39545578941935017,0.4220941494697232
s,sho,328,118,0.3888295153920718,0.4991680838482807,0.42193108592893447
chody,key,80,33,0.4567456357420185,0.34049000214168046,0.42186894566191707
y,aly,210,39,0.38056673840811267,0.5181461344150725,0.4218405572102006
shody,dair,50,93,0.42604443483611204,0.4116536105516894,0.4217271875507852
kal,chedy,30,341,0.4305894585872583,0.40097532566918553,0.4217052187118364
chor,chdy,215,108,0.4009701645574062,0.4693655948790511,0.42148879365389963
ckhy,chcthy,38,84,0.38383399215732583,0.5085760695954006,0.42125661538874826
ar,chcthy,449,84,0.421929953744789,0.4190241229167562,0.4210582044963791
chal,sor,59,43,0.4317011782172718,0.39594418751756233,0.42097408100735895
sy,oky,40,103,0.4409699636672352,0.37416719568607676,0.4209291332728876
or,chcthy,390,84,0.37652851005136684,0.5244333334346224,0.4208999570663435
kchy,daly,36,33,0.4863555852011155,0.2678958947644676,0.4208176780701211
shol,chedy,176,341,0.43827126335487815,0.3798881581591227,0.4207563317961515
oky,cthor,103,45,0.42589997192819495,0.4087530364799802,0.4207558912937305
she,shy,41,94,0.454954215105996,0.34086544608752684,0.4207275844004552
ain,cheo,149,75,0.4466628283701776,0.36005556995752874,0.42068065084638295
kol,sheo,35,46,0.46929531772445293,0.30701727591289524,0.4206119051809856
dar,sal,287,48,0.45287568301347375,0.3439936021335717,0.42021105874950315
oky,cthey,103,47,0.4173015049170884,0.42685591607393597,0.4201678282641427
l,air,156,95,0.5180972224647131,0.1907123790790457,0.41988176944901284
oty,chedy,114,341,0.40129708235468503,0.4630003764430883,0.419808070581206
ckhy,al,38,311,0.46056705064876935,0.32446070260023946,0.4197351462342103
kchy,chckhy,36,141,0.48326481418527584,0.2712913382083282,0.4196727713921915
char,chal,79,59,0.3755607068621399,0.5225466530548369,0.419656490719949
chody,kal,80,30,0.41493048760818935,0.42976729816561454,0.41938153077541684
s,cthol,328,55,0.4379430483254664,0.37584248685839294,0.4193128798853443
d,chl,53,33,0.4305938801576132,0.39289199523867957,0.41928331468193303
dain,ckhy,173,38,0.40669625806114074,0.44846147264547614,0.4192258224364413
dair,cheo,93,75,0.4480106367659043,0.35191641950749447,0.41918237158838134
chckhy,kar,141,58,0.4666343946236852,0.30816313552701113,0.419093016894683
kol,chody,35,80,0.43543178608840033,0.3809450683748841,0.4190857707743455
kol,qo,35,51,0.4637130167514838,0.314953917523996,0.41908528698323744
shy,cheo,94,75,0.4241270868715016,0.4073111742617446,0.41908231308857447
ckhy,dair,38,93,0.40862688709223105,0.44344577793697026,0.4190725543456528
chckhy,sol,141,63,0.456029834110646,0.3328046794184054,0.4190622877029738
qo,al,51,311,0.515580923654862,0.19372981040607895,0.4190255896802271
shol,char,176,79,0.4246739332862836,0.4053444817769824,0.4188750978334932
shody,qoty,50,84,0.48103637638042723,0.2736649229179032,0.41882494034167
ar,dol,449,97,0.469976248223713,0.29928748482918777,0.4187696192053554
dal,chos,190,42,0.40019768318905063,0.4616660475878341,0.41863819250868567
am,air,115,95,0.3499958383619791,0.5778652511236437,0.4183566621904785
chey,dor,510,63,0.41230083749622864,0.4324244373757513,0.4183379174600854
oky,sor,103,43,0.45898457403212156,0.3232299675777271,0.41825819209580317
cthol,daly,55,33,0.48467575775247035,0.26324115275371673,0.41824537625284425
cthy,chl,100,33,0.4521509515007521,0.338502877603488,0.41805652933157283
char,chcthy,79,84,0.377971656435942,0.5114540267135853,0.418016367519235
sor,aly,43,39,0.4673787893439828,0.3027345392440438,0.41798551431400105
shy,o,94,114,0.40276070806184455,0.45344533159302675,0.4179660951211992
ain,kar,149,58,0.5239705235236519,0.17044558258916662,0.4179130412433063
qoty,l,84,156,0.44632530808126736,0.35150631442340696,0.4178796099839092
dar,shor,287,91,0.4175108476418567,0.418624308777114,0.41784488598243386
chdy,qol,108,147,0.4806334530901016,0.271337933310865,0.41784479715633055
chor,chcthy,215,84,0.4077384927928226,0.44127641831617265,0.4177998704498276
ar,she,449,41,0.4173064184672041,0.4188988222641354,0.41778413960628347
d,dy,53,204,0.43164322702382374,0.3852529828726606,0.4177261537784748
qoty,daly,84,33,0.4344061934405963,0.37845326296214704,0.4176203142970615
al,ody,311,38,0.43779459217889877,0.3704716595565615,0.41759771239219756
oky,ches,103,44,0.4464769093599697,0.349669353413218,0.41743464257594415
sho,qoky,118,137,0.48489154272629326,0.259957545372344,0.4174113435201085
kal,kar,30,58,0.3423545298921504,0.5923917747286859,0.417365703343111
ckhy,oty,38,114,0.40956902377312415,0.4350445387440113,0.41721167826439026
chody,ckhy,80,38,0.44127787881175323,0.3608751587888535,0.4171570628048833
daly,key,33,33,0.4102314377144774,0.4332381706405843,0.41713345759230946
oty,shcthy,114,30,0.44559386473745505,0.3506219899215018,0.4171023022926691
cheo,air,75,95,0.431611087439691,0.3831671685546281,0.4170779117741721
cthol,ody,55,38,0.47788820801972404,0.2750963727839824,0.41705065744900155
shol,qo,176,51,0.4986970284185288,0.22638910705537527,0.41700465200958275
or,qol,390,147,0.49521650295925207,0.23448710930744052,0.4169976848637086
qoty,shedy,84,255,0.4934283412096754,0.2384145035696103,0.4169241899176558
chy,kal,197,30,0.4249888709138067,0.398057075497971,0.41690933228905597
shol,chos,176,42,0.43577528391757014,0.3727413176328448,0.4168650940321525
qoty,shckhy,84,55,0.4282526313929617,0.39011083229393406,0.41681009166325345
chody,lol,80,35,0.49684017448522805,0.2300613045942322,0.41680651351792924
ckhy,chos,38,42,0.42023031949290335,0.4085989424515684,0.4167409063805029
ar,shol,449,176,0.4508099318884854,0.33699646102069797,0.4166658906281492
y,shckhy,210,55,0.4375507500059158,0.3675897171500777,0.4165624401491643
qo,chckhy,51,141,0.45542448851554673,0.32572892099363726,0.4165158182589739
shol,o,176,114,0.40623232149938676,0.44029741738322636,0.4164518502645386
dor,qoky,63,137,0.4793286125189484,0.2696931126298927,0.4164379625522317
lol,qol,35,147,0.410009896100306,0.43130243579662636,0.41639765800920214
qo,sheo,51,46,0.4456159485179739,0.3470818871618163,0.4160557301111266
she,dair,41,93,0.4183987149487369,0.4105278908567245,0.41603746772113315
dam,cthey,59,47,0.3580470282219985,0.5513212185027857,0.4160292853062347
cthol,ol,55,588,0.4303883000359103,0.3818493580832102,0.41582661745010024
shar,cthey,34,47,0.38788428057383184,0.48062692394592443,0.41570707358545955
qo,key,51,33,0.41496479145307674,0.417373057128996,0.41568727115585247
she,key,41,33,0.43085903455698277,0.3801315561749643,0.4156407910423772
shey,key,344,33,0.43864325299692186,0.360954373180259,0.41533658905192294
ckhy,cthey,38,47,0.39645583025201936,0.4589493196224596,0.4152038770631514
dair,qoky,93,137,0.4758035374086176,0.27356186548892725,0.4151310358327105
dar,ckhy,287,38,0.4233100801532312,0.3958412628070227,0.41506943494936865
cthey,lor,47,38,0.4570925078001079,0.3169476514752952,0.4150490509026641
s,lol,328,35,0.4589900684850093,0.31240225884612455,0.4150137255933438
kchy,oky,36,103,0.47682146575330614,0.2707144872733475,0.41498937220931853
oky,oty,103,114,0.45302192398818486,0.326232305672544,0.41498503849349255
cho,sar,77,77,0.44862522709394986,0.33624763459472995,0.4149119493441839
or,chal,390,59,0.419913911869049,0.40291328429660056,0.4148137235973144
chckhy,tar,141,43,0.45672268978880215,0.31669253136071357,0.41471364226037555
sho,cthey,118,47,0.4425580562354897,0.34931157518957895,0.4145841119217165
she,ody,41,38,0.5066850051914327,0.1992734896169637,0.41446155051909195
kchy,cthor,36,45,0.5332718770851359,0.1370447281797572,0.4144037324135223
she,tar,41,43,0.4578380588497564,0.3130495168499705,0.41440149624982064
sho,sheo,118,46,0.4239520115101255,0.39194294227760884,0.41434929074037047
dair,aly,93,39,0.4755223720532394,0.271479192071937,0.4143094180588487
shor,daly,91,33,0.459531044912077,0.30868841130835095,0.4142782548309592
d,key,53,33,0.4541486645691728,0.32090298129536804,0.4141749595870314
shol,kar,176,58,0.4428255431516247,0.3472971772067028,0.4141670333681481
cho,ches,77,44,0.46959222404176704,0.2846103455261032,0.41409766048706786
chal,tar,59,43,0.45457250429266866,0.3194512464529186,0.41403612694074365
shol,kal,176,30,0.42408874425701815,0.390390143079185,0.4139791639036682
ar,chdy,449,108,0.3709448649064913,0.5139988295290171,0.41386105429324904
cthol,chl,55,33,0.429543650204231,0.37725418851949855,0.4138568116988113
chos,daly,42,33,0.4551236667000445,0.3174357685764432,0.4138172972629641
ckhey,tol,32,42,0.4842461239294788,0.24897330161692593,0.4136642772357129
ody,chl,38,33,0.38386116445389856,0.48316559661707836,0.4136524941028525
sho,sol,118,63,0.449653610291314,0.32951039818060573,0.41361064665810154
shey,cthey,344,47,0.3978503282905899,0.450184515466974,0.4135505844435051
chdy,l,108,156,0.49049728240405166,0.23394148503643522,0.4135305431937667
qo,chcthy,51,84,0.4804321162401804,0.25731093372794395,0.4134957614865094
shor,oty,91,114,0.41360440310286983,0.4129629671451328,0.41341197231554866
or,oly,390,65,0.33459280834706684,0.5973058441854417,0.4134067190985793
shar,oly,34,65,0.4200121694161099,0.39771715935510554,0.4133236663978086
she,dor,41,63,0.4179500593706194,0.4024922359499622,0.41331271234442224
shody,ol,50,588,0.42897891823754497,0.37622731049996466,0.41315343591627085
dor,chl,63,33,0.42645795089461047,0.3813850356982369,0.4129360763356984
ckhey,ckhy,32,38,0.44049985171779027,0.3484722489928778,0.41289157090031653
dor,oly,63,65,0.42097033474965384,0.3939458975109982,0.4128630035780571
ckhey,o,32,114,0.39317121923737386,0.4587144466154274,0.4128341874507899
sy,chos,40,42,0.4522670168666454,0.32069712861388966,0.4127960503908187
ckhey,kol,32,35,0.47368963270465203,0.27068809086167367,0.4127891701517585
chor,qo,215,51,0.4702602239817958,0.27858748519117327,0.41275840234460903
r,chy,196,197,0.38791760191014907,0.4704375863957773,0.4126735972558375
she,chedy,41,341,0.3937493861537647,0.4566890953434464,0.4126312989106692
tar,sol,43,63,0.4638258273642304,0.2930414823247833,0.41259052385239625
dam,oly,59,65,0.42806719732272025,0.3763370196691199,0.41254814402664014
tol,cho,42,77,0.46259363363023365,0.29561462071771866,0.41249992975647914
tol,sol,42,63,0.4636469895002166,0.29304148232478333,0.41246533734758656
ckhey,oty,32,114,0.43604047664655465,0.3573843515729317,0.41244363912446774
shar,ol,34,588,0.42706066819781213,0.37774749146120923,0.4122667151768313
chcthy,shcthy,84,30,0.41970640907407336,0.39478489726894256,0.4122299555325341
ches,daly,44,33,0.44959875159207796,0.3250000000000001,0.4122191261144546
chedy,lor,341,38,0.4146377528387413,0.4063681109829541,0.4121568602820051
shey,daly,344,33,0.36392264956774245,0.5244410628763642,0.41207817356032894
sho,dair,118,93,0.40040262596097254,0.4389012414395372,0.4119522106045419
dar,shckhy,287,55,0.3938278877547421,0.45388575586155516,0.411845248186786
chckhy,chos,141,42,0.4539882529103704,0.313237644107168,0.4117630702694097
char,shy,79,94,0.42190002046724645,0.3880085431665777,0.4117325772770458
sho,qoty,118,84,0.4488515767115129,0.3248626553415308,0.4116549003005182
s,shey,328,344,0.3606558962254064,0.5298660450912909,0.4114189408851717
chcthy,kar,84,58,0.45597450685227586,0.3069388274663188,0.4112638030364887
kol,chey,35,510,0.44372429495726684,0.3354776691804933,0.4112503072242348
lol,cthey,35,47,0.4849154481237306,0.23917082100947082,0.41119205998945263
kal,tar,30,43,0.40897042742854856,0.41626536958168464,0.41115891007448935
kol,tar,35,43,0.3912168135933007,0.45762974795209804,0.4111406939009399
chal,sol,59,63,0.4722153519380077,0.26860874480138325,0.4111333697970203
shey,kar,344,58,0.44033515133311235,0.3429858103751572,0.41113034904572576
d,tar,53,43,0.4933430823265727,0.2187974872468418,0.4109794038026534
chor,char,215,79,0.354536700872293,0.5422633742846741,0.4108547028960073
tar,oty,43,114,0.4714095448390967,0.26927662260616114,0.410769668169216
shody,ody,50,38,0.44769748082096295,0.3240061839997558,0.41059009177460076
chdy,she,108,41,0.3928679099027295,0.45170290165509924,0.4105184074284404
shar,dor,34,63,0.4161498261038633,0.39720195940066066,0.41046546609290246
chor,kar,215,58,0.37078036204397763,0.5025616897399579,0.41031476035277165
sar,air,77,95,0.5251257766010798,0.14217196455940934,0.4102396329885787
y,kal,210,30,0.4118016355105728,0.4064859231799348,0.4102069218113814
dy,qol,204,147,0.4305066541121967,0.36282760900304223,0.41020294057945034
dain,o,173,114,0.3976498533898354,0.43911738074696394,0.41009011159697395
char,kal,79,30,0.3973377533791202,0.4397908170230737,0.41007367247230625
sy,ckhey,40,32,0.43862036034915275,0.3430570681561926,0.4099513726912647
shar,dal,34,190,0.3990359634604015,0.43520591276437626,0.4098869482515939
tol,l,42,156,0.5005926422740371,0.19821047547648532,0.40987799223477156
chdy,tol,108,42,0.4248080372148493,0.37500483144692187,0.409867075484471
kchy,sor,36,43,0.4668297907669599,0.2765048055686725,0.4097322952074737
cthor,sheo,45,46,0.41185321577864276,0.4047271380568697,0.4097153924621108
dar,aly,287,39,0.4685527447060309,0.27207414337528807,0.40960916430680805
chdy,ody,108,38,0.40001992698876,0.4319236044565582,0.4095910302290995
cho,qo,77,51,0.44712928013468295,0.32186498603734665,0.409549991905482
dal,ches,190,44,0.42430301784954527,0.37494862502567883,0.4094967000023853
chor,o,215,114,0.37920528132084047,0.4798290450568171,0.40939241044163344
dy,o,204,114,0.41649696083946075,0.39278810331346786,0.40938430358166283
shar,ckhey,34,32,0.4319149965399571,0.3566377757741056,0.4093318303102016
shar,sho,34,118,0.39553448606886676,0.4414176666277812,0.4092994402365411
cho,kal,77,30,0.4059105970736557,0.41714575923227026,0.40928114572124
dor,daly,63,33,0.4348545336927576,0.34938562148434216,0.40921386003023297
or,daly,390,33,0.39460318943065026,0.4430912248047867,0.40914960004289114
sho,oky,118,103,0.4326019808769971,0.3543098572311662,0.40911434378324785
cho,sol,77,63,0.4585850293155186,0.2936612568894804,0.40910789758770716
chody,shcthy,80,30,0.43243465564106814,0.35448942815903006,0.4090510873964567
shol,ches,176,44,0.4150911170561123,0.39463102369151504,0.40895308904673305
shckhy,shcthy,55,30,0.39115020642865667,0.4503785270641033,0.40891870261929064
kol,chal,35,59,0.42008192646202724,0.38242665473283394,0.40878534494326924
or,shy,390,94,0.3760419757819608,0.4849188062719028,0.40870502492894334
ol,aly,588,39,0.34483768146452703,0.5574440154660081,0.40861958166497137
dor,sol,63,63,0.43230957063301245,0.35327778702487755,0.40860003555057195
kol,ckhy,35,38,0.45845460404900235,0.2922648663206351,0.40859768273049213
dor,ches,63,44,0.4064003717189636,0.41367257583746103,0.4085820329545128
tol,ody,42,38,0.4231129044285045,0.37444459571187344,0.40851241181351516
al,oly,311,65,0.40654681045039276,0.41296827118971197,0.4084732486721885
dol,lor,97,38,0.4310838994139579,0.35545492781216914,0.40839520793342127
d,dal,53,190,0.41116350263359325,0.40174780983756375,0.40833879479478435
shor,sor,91,43,0.41357070010084185,0.3959596835415942,0.40828739513306755
dal,dam,190,59,0.38667146881796655,0.458694706720883,0.40827844018884146
kchy,chey,36,510,0.49575494597469477,0.2039656056173893,0.4082181438675031
kol,oky,35,103,0.4476763101560638,0.3159858359817389,0.40816916790376634
oty,key,114,33,0.4951144486048801,0.2048843867655574,0.40804543005308325
qo,qoty,51,84,0.3980706960368727,0.43015563299730053,0.407696177125001
chor,r,215,196,0.40350430164568796,0.4170493212110944,0.40756780751530985
dair,ody,93,38,0.4576166616175075,0.2906150521136771,0.4075161787663584
r,shey,196,344,0.3981389587859715,0.4293271811982367,0.407495425509651
sho,dal,118,190,0.4270553367731921,0.36167760005568433,0.4074420157579397
or,dor,390,63,0.38543620559250946,0.45862617911213693,0.40739319764839765
chal,sheo,59,46,0.42551909258319914,0.3649152210131042,0.40733793111217065
shor,shy,91,94,0.45045947388242236,0.3065312824118773,0.4072810164412588
chal,sar,59,77,0.4122447065976285,0.39545578941935006,0.40720803144414497
char,oky,79,103,0.4212202706688872,0.37438019930136057,0.40716824925862916
chody,tar,80,43,0.4255589478655335,0.36422325970987207,0.40715824141883505
chol,chcthy,367,84,0.43247582910524696,0.3477230391594395,0.4070499921215047
ain,chody,149,80,0.5049376825403026,0.17847487737292853,0.4069988409900903
char,chedy,79,341,0.374059147771357,0.4838553138702478,0.40699799760102423
shar,dy,34,204,0.4158399536642579,0.386237099783447,0.4069590975000146
kol,tol,35,42,0.4142947192266455,0.3898327482554906,0.406956127935299
dam,chcthy,59,84,0.36590622109683035,0.5024655230444037,0.4068740116811024
chol,chl,367,33,0.4087101064811421,0.40256248629344443,0.40686582042483277
dor,sheo,63,46,0.4148224532614424,0.38815532581947826,0.40682231502885313
dair,chedy,93,341,0.42408308114158494,0.36639241828137614,0.40677588228352224
sho,ckhy,118,38,0.3921673604516424,0.440808813551044,0.40675979638146287
she,lor,41,38,0.46680603826447475,0.26659485278973516,0.4067426826220528
cthy,shey,100,344,0.38868432772818473,0.4488556906766071,0.4067357366127114
lol,oly,35,65,0.4578081431375393,0.28697556058955714,0.40655836837314463
tol,dor,42,63,0.461136950564298,0.2785714285714284,0.4063672939664371
chey,shcthy,510,30,0.4104936478996833,0.39654805792084385,0.4063099709060315
chol,oly,367,65,0.3864535883693662,0.4526152320154847,0.40630208146320174
dol,shckhy,97,55,0.4220405282396196,0.3694895311398401,0.4062752291096857
shy,tar,94,43,0.4117981529618918,0.3930619080391813,0.40617727948507865
or,key,390,33,0.4049191896990476,0.4087755074695135,0.4060760850301874
ckhey,sho,32,118,0.4644216994117484,0.2696637648567471,0.40599431904524796
s,chcthy,328,84,0.3687210642692977,0.49275537332304464,0.40593135698542177
shody,oky,50,103,0.4067419307966189,0.40387526222121745,0.40588193022399843
s,tol,328,42,0.41786280400924986,0.37772780276233353,0.40582230363517496
chey,chos,510,42,0.4042858797820894,0.40897522167382244,0.40569268234960926
sy,cthol,40,55,0.45163663712849944,0.29848640786137426,0.40569156834836184
kar,air,58,95,0.4988783125167854,0.18804814648904092,0.405629262708462
ar,oly,449,65,0.3478730682481443,0.5402005107798976,0.40557130100767025
tar,o,43,114,0.4130486304151,0.388095238095238,0.40556261271914135
lol,cheo,35,75,0.47569056546478994,0.24087918638124767,0.4052471517397272
sy,dor,40,63,0.4640640230930755,0.26780735468014916,0.4051870225691976
shody,dol,50,97,0.42236581642496346,0.3648812224781457,0.40512043824091815
ckhey,dor,32,63,0.4827098911220898,0.22407597145523334,0.40511971522203283
al,key,311,33,0.47465629692436295,0.24283655156399284,0.4051103733162519
y,key,210,33,0.4570890950551874,0.2837307608527635,0.40508159479446026
she,cheo,41,75,0.3953006989313666,0.4277922674223902,0.40504816947867367
chl,o,33,114,0.38443367367171605,0.4528947298916563,0.40497199053769806
oly,key,65,33,0.417652797211954,0.3753635438548191,0.4049660212048135
chdy,lol,108,35,0.45867319486572183,0.2795564362148715,0.4049381672704667
dor,cheo,63,75,0.394160406227786,0.4299745481225545,0.40490464879621646
chdy,kar,108,58,0.4124269963151142,0.38713263714644547,0.40483868856451355
d,ody,53,38,0.3677596377248927,0.4906549139666729,0.4046282205974267
dair,sol,93,63,0.4409362242325718,0.3197660159298908,0.40458516174176745
shar,chcthy,34,84,0.4145867271199469,0.3810507294646005,0.40452592782334296
chey,cthol,510,55,0.39711619045223934,0.4213708697268648,0.4043925942346269
chy,tol,197,42,0.4380826190139793,0.32577307135409983,0.40438975471601546
dair,key,93,33,0.4604122058682863,0.2731605987458337,0.4042367237315505
shy,aly,94,39,0.41035180691959533,0.38983793670017225,0.4041976458537684
sy,sor,40,43,0.42734336837881853,0.34996852495633285,0.4041309153520728
chol,tar,367,43,0.3818790173563008,0.4558526230202746,0.404071099055493
ar,am,449,115,0.2853704585710018,0.6810308128919731,0.40406856486729315
lol,chos,35,42,0.4255482564778274,0.3538648951471929,0.404043248078637
chos,key,42,33,0.40704524543128606,0.3969899370273886,0.4040286529101168
shy,qol,94,147,0.4618465676692811,0.26885715970318064,0.40394974527945093
cthy,ol,100,588,0.43571273054068854,0.32975587455860134,0.40392567374606236
shy,key,94,33,0.421004403658342,0.36400950614063315,0.40390593440302935
dol,sar,97,77,0.44622782292128116,0.3049678475958541,0.403849830323653
kchy,dal,36,190,0.4641317451770665,0.2629124270976296,0.40376594975323543
d,cthey,53,47,0.45890770830518557,0.2750477806158635,0.40374972999838893
chy,o,197,114,0.4054516501138491,0.39927489599413535,0.40359862387793494
dair,qo,93,51,0.44601435422051133,0.30445024923051045,0.40354512272351106
dol,sal,97,48,0.4326941341411778,0.335214518616311,0.4034502494837177
shol,tar,176,43,0.43313377743551856,0.3340727292534261,0.4034154629808908
chal,qo,59,51,0.44728341131766547,0.30081581575157246,0.40334313264783755
cthy,dar,100,287,0.4034354021156934,0.4030860730728406,0.40333060340283755
cthy,chcthy,100,84,0.3907090324044033,0.4320866568513065,0.40312231973847423
shar,oty,34,114,0.4136807436022293,0.37843044084604177,0.403105652775373
qoty,oty,84,114,0.4013880141130851,0.4070530540796345,0.4030875261030499
dair,qol,93,147,0.4747161918198455,0.23575858723119697,0.4030289104432509
oky,dor,103,63,0.44390166619529325,0.3069507289452168,0.4028163850202703
shar,daly,34,33,0.40841502450816947,0.3890333954284912,0.40260053578426597
dal,lor,190,38,0.39956887584359274,0.4093754827452498,0.40251085791408986
r,oty,196,114,0.4647750976568505,0.2567854792731562,0.4023782121417422
chol,ches,367,44,0.3640093699490046,0.49188372918569395,0.40237167772001137
chal,chy,59,197,0.4151693836245729,0.37013740277524476,0.4016597893697744
ain,shor,149,91,0.41627195134598693,0.36752312071014853,0.40164730215523536
char,ody,79,38,0.3677592605717414,0.4803793469431856,0.40154528648317467
ody,qoky,38,137,0.46790679591148243,0.24626198008722439,0.401413351164205
shey,shcthy,344,30,0.4165740831125436,0.36591253921341077,0.4013756199428038
oky,sheo,103,46,0.4046988664140594,0.39345452861453406,0.4013255650742018
cho,chcthy,77,84,0.40250061274082943,0.3984794307445388,0.4012942581419422
sar,daly,77,33,0.3818409036058416,0.4464689135211331,0.40122930658042905
kchy,tar,36,43,0.38354746148172014,0.4422699419045563,0.40116420560857097
sho,cheo,118,75,0.4001021361430668,0.40280265621938277,0.4009122921659616
dal,cthor,190,45,0.43044745959721353,0.33130445475173714,0.40070455814357064
kol,ol,35,588,0.4352310130248154,0.3200054294906181,0.4006633379645562
d,chy,53,197,0.44576108918196405,0.2953442522910989,0.4006360381147045
oky,oly,103,65,0.4004074012259537,0.40068956240787046,0.4004920495805287
sheo,chckhy,46,141,0.4454945492794702,0.29543235561844994,0.4004758911811641
sho,al,118,311,0.45557772347097936,0.271859981065502,0.40046240074933614
ckhey,d,32,53,0.37753307230599426,0.45395610654444535,0.40045998257752957
shar,ckhy,34,38,0.4204177417595585,0.3537790870034881,0.40042614533273735
dain,am,173,115,0.41596235449811014,0.36398806999883837,0.40037006914832857
tol,cthey,42,47,0.43332357753233014,0.3232512998587271,0.4003018942302492
char,cho,79,77,0.42780271282292315,0.33589285889157056,0.40022975664351734
kchy,qoty,36,84,0.4769369099143428,0.22096288536832825,0.4001447025505384
kchy,qoky,36,137,0.48533894130882527,0.2012318298315955,0.40010680786565633
sho,lol,118,35,0.47795370073852056,0.21824443383463069,0.4000409206673536
dy,ches,204,44,0.3997513431667696,0.40056841635328067,0.39999646512272286
sho,chckhy,118,141,0.4039464646194424,0.3904123360838936,0.39988622605877777
cthor,chcthy,45,84,0.3536426943053808,0.5077345928511497,0.39987026386911145
chody,shckhy,80,55,0.42044109723989015,0.35185936740410156,0.39986657828915356
shckhy,chl,55,33,0.41827372492639675,0.35676700432467207,0.3998217087458793
sor,chcthy,43,84,0.43825090468441996,0.3099797293607362,0.3997695520873148
chor,ches,215,44,0.3905075668335048,0.421261137650519,0.399733638078609
ar,sheo,449,46,0.4002829349543886,0.3981795997217046,0.39965193438458335
sy,sho,40,118,0.41265353232039365,0.3692104461541726,0.39962060647052733
ckhy,shy,38,94,0.41295154603406087,0.3683572843831338,0.39957326753878275
ain,oky,149,103,0.4577935189847242,0.2636094947303315,0.39953831170840637
shody,she,50,41,0.42097720284752266,0.34914862437758776,0.3994286293065422
she,qoky,41,137,0.44387138768081075,0.29563157191982975,0.39939944295251645
dair,dor,93,63,0.3658925291031505,0.4775664889638045,0.39939471706134666
ar,daly,449,33,0.39780102983958826,0.40288509301496045,0.3993262487921999
oty,lor,114,38,0.4602367547451256,0.25705873146332364,0.399283347760585
kol,dair,35,93,0.3857900487793685,0.4303571850849805,0.39916018967105205
kol,shor,35,91,0.45626873339975416,0.26577905599344037,0.39912183017785996
dam,shy,59,94,0.37914561198738106,0.44546156951861277,0.39904039924675055
kal,sor,30,43,0.4068136340056791,0.3808782321986954,0.39903301346358394
lol,key,35,33,0.40637497045215204,0.3812297009752264,0.3988313896090743
am,sol,115,63,0.4577128662644151,0.26133725980608435,0.3988001843269159
ain,chckhy,149,141,0.4782451829916043,0.21337886785688512,0.3987852884511885
shor,qoty,91,84,0.4328105721036897,0.3184192845731658,0.39849318584453247
ar,dy,449,204,0.41654240811587523,0.35586427666093823,0.3983389686793941
tol,chckhy,42,141,0.4683668966030653,0.23489003248525242,0.3983238373677214
char,air,79,95,0.46762323541766204,0.2364455510350593,0.39826993010288114
cthy,shcthy,100,30,0.45199135133043566,0.2727890456097699,0.39823065961423587
shar,dain,34,173,0.3750029293098939,0.45206544623634454,0.3981216843878291
chdy,am,108,115,0.35250549876153586,0.5045447361231722,0.3981172699700267
oly,qol,65,147,0.4361068626861459,0.3094331457409459,0.39810474760258585
dy,shcthy,204,30,0.4309107687574257,0.3215097133871162,0.3980904521463328
char,sheo,79,46,0.4235498272056727,0.3384078718319236,0.398007240593548
am,aly,115,39,0.28137379136820895,0.6700760799154735,0.3979844779323883
r,tol,196,42,0.4153167301996922,0.35750980453776726,0.3979746525011147
kchy,l,36,156,0.409262412277439,0.3715120829187638,0.3979373134698364
cthey,dor,47,63,0.431342255482272,0.3194483433898008,0.3977740818545306
oky,l,103,156,0.45284093432466765,0.2692167547477695,0.3977536804515982
chdy,chal,108,59,0.3968717838526513,0.39943972715747866,0.3976421668440995
sor,chedy,43,341,0.440140025720885,0.29809639801844395,0.39752693741015266
ckhey,sar,32,77,0.36254527924884944,0.4791493423652071,0.39752649818375674
kal,shedy,30,255,0.40562123755771373,0.37862218339341475,0.397521521308424
ckhey,dar,32,287,0.4027087279271808,0.38537900915217005,0.3975098122946776
kchy,kar,36,58,0.4116325303237299,0.3640360463952782,0.39735358514519437
kchy,ol,36,588,0.4726726792641606,0.22149103184502436,0.3973181850384197
qo,tar,51,43,0.3786889632433892,0.44070447026043075,0.3972936153485016
chcthy,key,84,33,0.4257592310048291,0.3308555709143061,0.3972881329776722
char,l,79,156,0.46873981988747565,0.23052966142407874,0.39727677234845654
chdy,ain,108,149,0.4363584221922556,0.30595713333389135,0.39723803553474635
shor,chl,91,33,0.41042066462499105,0.3659366729826009,0.39707546713227393
sy,sheo,40,46,0.4271210980886245,0.32694994768109886,0.39706975296636676
s,kchy,328,36,0.397317421229039,0.3963112880603038,0.3970155812784184
kchy,dair,36,93,0.43540297620376966,0.3073462598421012,0.3969859612952691
she,cthor,41,45,0.4102003170269529,0.3653790617099719,0.3967539404318586
sy,d,40,53,0.40645515457787823,0.37401431661855544,0.39672290319008136
ches,chl,44,33,0.3793664939795059,0.43706146852900146,0.39667498634435455
shar,dam,34,59,0.38124999999999987,0.43202630435724615,0.39648289130717373
lol,qoty,35,84,0.36191222805245066,0.4770521511147585,0.396454204971143
am,chcthy,115,84,0.3823238118113826,0.42924613935576184,0.39640051007469634
chl,daly,33,33,0.3548824244036967,0.49302665657234884,0.3963256940542923
sy,dam,40,59,0.38729833462074154,0.4168185958543439,0.3961544129908222
ckhy,dor,38,63,0.43077181973384054,0.31513702193267057,0.3960813803934895
daly,chedy,33,341,0.385137279575841,0.42160155825149215,0.39607656317853634
tol,qo,42,51,0.40867436905652316,0.3666364920654002,0.39606300595918625
ody,oty,38,114,0.42116226976230225,0.33653564134352393,0.39577428123666875
ain,shckhy,149,55,0.4885867888901857,0.17919156743978154,0.39576822245506443
chody,daly,80,33,0.4138863408161555,0.35309393180189985,0.39564861811187874
oty,sar,114,77,0.40121288509087105,0.3824711805876354,0.3955903737399003
r,qo,196,51,0.4100730172299637,0.3616784367787131,0.3955546430945885
s,ody,328,38,0.3753687227354486,0.4424107343511604,0.3954813262201621
dy,kar,204,58,0.401156473260881,0.3812678435684367,0.39518988435314767
r,shy,196,94,0.4158268770149815,0.34691269905467587,0.39515262362688974
chey,sal,510,48,0.4246406756418702,0.3263359513460513,0.39514925835312453
ar,qoky,449,137,0.47940307165141904,0.19854383171681705,0.3951452996710384
kol,al,35,311,0.49492139852039,0.16162861505232398,0.3949335634799702
ol,sal,588,48,0.40485569696991436,0.37154498621277887,0.39486248374277366
sy,key,40,33,0.41235908021714246,0.3532777870248776,0.394634692259463
chal,kar,59,58,0.4065194522297547,0.36685611860418094,0.3946204521420826
sy,oty,40,114,0.41427265242881045,0.34867455949584286,0.39459322454892015
dain,chl,173,33,0.3961574791167345,0.3905353061016928,0.39447082721222193
shody,tol,50,42,0.4171444495236699,0.34156502553198653,0.39447062232616487
al,shckhy,311,55,0.41271390690854654,0.35151900655939533,0.3943554368038012
qo,daly,51,33,0.38192141938916613,0.4231617423811537,0.39429351628676235
s,qoky,328,137,0.41179200686967454,0.3534255688108151,0.3942820754520167
qoky,lor,137,38,0.40177957459712266,0.37662657156972573,0.39423367368890355
chor,chos,215,42,0.3842353133515879,0.4175208765657555,0.39422098231583813
ckhey,chl,32,33,0.40671351702160086,0.36471233790314517,0.3941131632860641
d,dair,53,93,0.4392093804063407,0.28866983238439564,0.3940475159997572
sheo,aly,46,39,0.38565410179211934,0.41332780941706876,0.39395621407960413
y,shedy,210,255,0.4280298908120618,0.3139885461481372,0.39381748741288436
sy,she,40,41,0.4380918315398643,0.2904988991194465,0.3938139518137389
shol,l,176,156,0.4669232570800769,0.22300128618922602,0.3937466658128216
shar,shody,34,50,0.39634246056027994,0.3876294211544051,0.3937285487385175
oky,ckhy,103,38,0.41630919198155564,0.34091704766498904,0.3936915486865856
dal,shor,190,91,0.4182080906658072,0.33639107157248793,0.3936629849378114
dal,sal,190,48,0.4218001489574835,0.32773398537737325,0.39358029988345045
s,air,328,95,0.43235415143963835,0.3030231013336792,0.3935548364078506
kal,qol,30,147,0.40529725241420544,0.3658368875060673,0.393459142941764
ain,cthey,149,47,0.45699006857608493,0.24495769227212835,0.39338035568489793
dair,o,93,114,0.3959441875175623,0.3865129560485264,0.3931148180768515
shy,kar,94,58,0.4129307320257933,0.3468412963092777,0.39310390131083855
chcthy,qol,84,147,0.4550367398675662,0.24856791209252113,0.39309609153505265
shey,cheo,344,75,0.35215130386015936,0.4885948617440762,0.39308437122533435
shar,dol,34,97,0.3828564551770071,0.4161519515103951,0.3928451040770235
chey,shor,510,91,0.4161198443133603,0.337591373952125,0.3925613032049897
qoky,key,137,33,0.4104404129581699,0.350803823195274,0.39254943602930115
ody,o,38,114,0.33799026453900755,0.5198539137133176,0.3925493592913005
sar,key,77,33,0.40507585224859827,0.3632495443651396,0.39252795988356065
chdy,dair,108,93,0.3796799357879572,0.4219286233290289,0.3923545420502787
chy,dam,197,59,0.2941959212092401,0.6211273863903306,0.3922753607635672
s,qo,328,51,0.4160880416279037,0.336527584014709,0.39221990434394527
shar,kar,34,58,0.4330410478031539,0.29660890902142156,0.39211140616863416
chal,oky,59,103,0.41562010155250373,0.3371807823935209,0.3920883058048088
she,sar,41,77,0.4669454674203023,0.21731739887052728,0.3920570468553698
am,shedy,115,255,0.3923382596952286,0.3913779055868604,0.3920501534627181
cthey,kar,47,58,0.46550198413374466,0.22049005862291987,0.3919984064804972
kal,dor,30,63,0.3913543131464826,0.393370774254692,0.3919592514789454
r,dy,196,204,0.4038693541894761,0.3638628689486885,0.39186740861723984
sho,chdy,118,108,0.41981755894295547,0.32586835120129637,0.3916327966204577
tar,chl,43,33,0.4310452481793541,0.29965967090575746,0.3916295749972751
oly,shckhy,65,55,0.34937068467513793,0.489797280891901,0.3914986635401668
chdy,daly,108,33,0.3906781607206647,0.39330331806380703,0.39146570792360735
cheo,daly,75,33,0.43411374357656657,0.29167654596981174,0.3913825842945401
qoky,air,137,95,0.5092081020000789,0.11633878402159215,0.3913473066065329
d,daly,53,33,0.4183871699845154,0.3282025617550131,0.3913317875156647
shody,chos,50,42,0.39298632346281026,0.38742250850486215,0.3913171789754258
shy,ches,94,44,0.37682956598391926,0.42493539915844153,0.3912613159362759
sheo,oty,46,114,0.40218278223019305,0.36574720549320816,0.3912521092090976
sol,air,63,95,0.4805606161099961,0.18258968109299772,0.3911693356048966
sor,key,43,33,0.41495865628890927,0.3354434697956892,0.3911041003409432
sal,shckhy,48,55,0.44371797573206984,0.2682387592774036,0.39107421079566995
dy,tar,204,43,0.3800217960253159,0.41642773857392723,0.39094357878989927
shol,chl,176,33,0.3837710721645576,0.4076135479428542,0.39092381489804656
oty,o,114,114,0.3884651467703462,0.3961098144134112,0.3907585470632657
she,o,41,114,0.4143739161847278,0.33541019662496857,0.39068480031680003
sor,sheo,43,46,0.37799994098406353,0.41992771486803027,0.39057827314925353
shar,ches,34,44,0.4119648130787473,0.340587727318528,0.3905516873506815
qo,shedy,51,255,0.4413643284650388,0.2718752001231379,0.3905175899624685
sal,tar,48,43,0.39248918165593827,0.38574442317463675,0.39046575411154777
chal,daly,59,33,0.4052190291190229,0.3558702977647458,0.3904144097127398
sy,tar,40,43,0.3796484764703718,0.41514209996010976,0.39029656351729314
kchy,sheo,36,46,0.45936295843329894,0.22902890459575917,0.39026274228203695
sho,shey,118,344,0.3765001543318548,0.42223853992819116,0.3902216700107557
dair,chl,93,33,0.3698732232443386,0.4376242020730576,0.39019851689295426
dor,chckhy,63,141,0.40562050284670365,0.35420482013074633,0.3901957980319164
o,key,114,33,0.3680118177002352,0.4416666666666667,0.39010827239016466
oly,l,65,156,0.43677387809985385,0.281080022785456,0.3900657215055345
qo,kar,51,58,0.44121501423720366,0.27027421879025665,0.3899327756031195
chal,shor,59,91,0.4291689902858146,0.2982274741277128,0.3898865354383841
oty,shedy,114,255,0.39289409847017387,0.3827309758675117,0.38984516168937516
cthy,chal,100,59,0.409443676106415,0.3434617674335651,0.38964910350456006
dair,daly,93,33,0.37667695691636455,0.41966920016729947,0.38957462989164504
oky,chos,103,42,0.41895943624969384,0.3207755811560526,0.38950427972160145
shody,sol,50,63,0.42058143663942515,0.3169602844086201,0.38949509097018364
chol,ain,367,149,0.42941118185556953,0.29627610368693613,0.3894706584049795
r,dor,196,63,0.4108524484326249,0.3391983267443694,0.3893562119261482
sy,dain,40,173,0.4026097141491486,0.35828439921471855,0.38931211966881957
dain,chos,173,42,0.40433027801439037,0.35380538876539136,0.38917281123969066
kchy,kal,36,30,0.39702192290655436,0.3707252622027431,0.38913292469541094
shor,chckhy,91,141,0.42435507196386435,0.30690805136000504,0.3891209657827065
chody,kar,80,58,0.38122585941511,0.40700415605210655,0.38895934840620894
sy,dair,40,93,0.40042133235101207,0.36211913062259155,0.38893067183248586
cthol,dam,55,59,0.30038941718374523,0.5954635036085763,0.3889116431111945
or,lol,390,35,0.473066830362556,0.19222443280411303,0.38881411109502306
y,dam,210,59,0.3866878475061438,0.39369346576722153,0.38878953298446706
shody,sor,50,43,0.4150248425649865,0.32735930664372215,0.38872518178860715
dam,chos,59,42,0.40871194568479946,0.34191564453493006,0.38867305533983865
dol,chos,97,42,0.3953550662892826,0.3728398441946698,0.3886004996608987
chal,dor,59,63,0.3970699580534176,0.36866400604161154,0.3885481724498758
sol,lor,63,38,0.39243977532114754,0.37897433732979624,0.3884001439237421
shody,oty,50,114,0.3490757616228025,0.4798720511772551,0.38831464848913827
chdy,cheo,108,75,0.32806819885637206,0.5287384186464013,0.3882692647933808
chor,lol,215,35,0.4682349381335637,0.20134699070222054,0.3881685539041607
ody,cheo,38,75,0.3921359428872476,0.37848451824373014,0.3880405154941924
dol,ody,97,38,0.4075528016000072,0.34198365114965473,0.3878820564649014
chckhy,sar,141,77,0.4380435998285223,0.27077784987782066,0.3878638748433118
chal,cho,59,77,0.4185107437596432,0.3161941143165273,0.3878157549267084
lol,al,35,311,0.5001964478155538,0.12523413672354497,0.38770775448795114
chckhy,lor,141,38,0.44189067973556084,0.26115176682753877,0.38766900586315417
shey,sal,344,48,0.43096457251419473,0.28633237742797835,0.38757491398832983
dair,dam,93,59,0.33888401462236134,0.500991237540595,0.3875161814978314
kol,daly,35,33,0.40342401230816216,0.3501929969818574,0.3874547077102707
cho,dam,77,59,0.35395492779320203,0.4652044648608085,0.38732978891348396
char,key,79,33,0.3952583798293706,0.36870234959129605,0.38729157075794823
ol,cthor,588,45,0.4126600179387276,0.32774599720115455,0.3871858117174557
shor,sheo,91,46,0.3790459854912536,0.4053689535554489,0.3869428759105122
sho,daly,118,33,0.4217200990267678,0.3057461924919115,0.38692792706631085
dol,cthor,97,45,0.37938405431237826,0.404283401782963,0.3868538585535537
cthol,qoky,55,137,0.4509297384910656,0.23730646697411042,0.38684275703597903
or,qoky,390,137,0.43847538458306223,0.2660572596604313,0.386749947106273
kchy,dam,36,59,0.4113597786243564,0.329196978142936,0.38671093847993027
y,lol,210,35,0.4611597753940974,0.21271615047763529,0.3866266879191588
or,chedy,390,341,0.2903138173887781,0.611292358069708,0.386607379593057
shol,d,176,53,0.4369373901863795,0.269154434994111,0.38660250362869897
chal,dy,59,204,0.37679453498635124,0.4092900952318526,0.38654320306000167
tol,key,42,33,0.356103678571595,0.45714285714285713,0.3864154321429736
ain,chcthy,149,84,0.4590052905992881,0.21703150602751395,0.3864131552277558
lol,oty,35,114,0.4284105232049269,0.2878885593162523,0.3862539340383245
qo,ches,51,44,0.42641465179676374,0.29215550432890597,0.3861369075564064
ain,kal,149,30,0.44012660778790463,0.2601427464700753,0.3861314493925558
s,cthy,328,100,0.3407075323188866,0.4920397784393071,0.3861072061550127
kal,cthey,30,47,0.3612074679762936,0.4438665687202794,0.3860051981994893
dam,kal,59,30,0.39383049528495556,0.36766507691016953,0.3859808697725197
chor,ain,215,149,0.3835788697506888,0.3912362628107096,0.38587608766869497
kal,l,30,156,0.3787250849086329,0.4025283563999657,0.3858660663560327
dy,l,204,156,0.42942592041253413,0.2842107981949867,0.38586138374726986
shar,qo,34,51,0.3875986159859159,0.381243598632109,0.38569211077977383
shcthy,chedy,30,341,0.42089563777648153,0.3033511521375194,0.3856322920847929
dar,cthor,287,45,0.38375177426879853,0.389783025063533,0.3855611495072188
cthy,key,100,33,0.4320072275542199,0.276997381697509,0.3855042737972066
sy,dar,40,287,0.37578354396161434,0.4081636836114745,0.38549758585657234
tol,cthol,42,55,0.44659409107191933,0.24281407833640378,0.3854600872512646
oky,am,103,115,0.3488892203728005,0.470774573030662,0.3854548261701589
qoty,ody,84,38,0.45046794072643626,0.233408844312771,0.38535021180233664
cho,air,77,95,0.38316306415131085,0.3903201039877349,0.38531017610223806
she,cthol,41,55,0.4251979100376121,0.29159019997334756,0.3851155970183327
ain,qo,149,51,0.4770793414031981,0.1704738084982559,0.3850976815317154
shar,kol,34,35,0.39247478687596393,0.36766012439550594,0.3850303881318265
chal,oly,59,65,0.34783809814223193,0.4716837500063898,0.3849917937014793
chdy,lor,108,38,0.41492899958616875,0.3151093619261757,0.38498310828817084
dol,cthey,97,47,0.4165986177832649,0.31103952479168856,0.384930889885792
ar,chl,449,33,0.34455541629619907,0.47906325014997514,0.3849077664523319
chol,sol,367,63,0.4288870999496606,0.2821289207406207,0.3848596461869486
qoky,sar,137,77,0.3754354690853326,0.4068294619057984,0.38485366693147227
sal,key,48,33,0.3592936748545757,0.44440972086577935,0.3848284886579368
shey,cthol,344,55,0.37019092400833514,0.4186804465655768,0.3847377807755076
sho,chcthy,118,84,0.3746349552787016,0.4082903545476644,0.38473157505939043
tol,ches,42,44,0.40856394489915027,0.32902143097496905,0.3847011907218959
shar,shey,34,344,0.38353306406463317,0.387319136421902,0.3846688857718138
dy,chl,204,33,0.3462564360798411,0.47332966472943727,0.38437840467471995
shar,sar,34,77,0.397491033277613,0.35377908700348826,0.38437744939537555
oky,dam,103,59,0.34157386509217835,0.48391740874150674,0.3842769281869769
chl,sar,33,77,0.38083646082862527,0.3922183413262658,0.3842510249779174
chol,chdy,367,108,0.4037230490968085,0.33867296250150325,0.3842080231182169
dain,sal,173,48,0.4004697149659193,0.34624712092889853,0.38420293675481304
chody,dam,80,59,0.3542459542160381,0.4539779123167286,0.3841655416462452
dair,qoty,93,84,0.3869893127653232,0.37740636396363303,0.38411442812481617
am,shy,115,94,0.35912413900933055,0.4423684744546597,0.38409743964292925
ckhey,chcthy,32,84,0.39911154942118,0.34904323664782955,0.38409105558917483
cthey,ches,47,44,0.44750474334763746,0.2361185475644321,0.3840888846126758
kar,chedy,58,341,0.3685159915586841,0.4202688067539698,0.38404183611726983
dar,shcthy,287,30,0.42638184248913746,0.28524707529280485,0.3840414123302377
kchy,dar,36,287,0.43169214346534907,0.27280404436340033,0.38402571373476446
dol,lol,97,35,0.38865493726168066,0.37308605312913334,0.38398427202191643
shor,sal,91,48,0.44062311293845075,0.2511525038332673,0.3837819302068957
ckhey,key,32,33,0.4133210156421666,0.314611717497752,0.3837082261988422
cthey,sar,47,77,0.40618716079207395,0.3308704397278199,0.3835921444727977
shar,chor,34,215,0.37807459341442634,0.39631951149467937,0.38354806883850223
dain,aly,173,39,0.4287436380671213,0.27806220827405653,0.38353920912920186
or,sho,390,118,0.3481301507424196,0.46611160899591964,0.3835245882184696
s,oly,328,65,0.33809182791983017,0.48945044051583053,0.3834994116986303
kal,chcthy,30,84,0.4029555136484714,0.33769544046940364,0.38337749169475105
chckhy,qol,141,147,0.46241537628023716,0.1987477166987213,0.3833150784057824
oky,lor,103,38,0.4301915892187582,0.27385797170852805,0.3832915039656891
dar,ody,287,38,0.37240916452290984,0.4086794764914889,0.3832902581134835
kchy,dor,36,63,0.4308560754694821,0.2714204574975906,0.38302539007791464
dair,oly,93,65,0.3701315518491207,0.4129834254143647,0.38298711391869394
char,dy,79,204,0.3755186392728222,0.3999657839825969,0.38285278268575457
ckhey,sheo,32,46,0.4409593703734694,0.2470121307488407,0.38277519848608077
sal,dy,48,204,0.4146983580444714,0.3080859540322843,0.38271463684081525
cthol,qoty,55,84,0.4342340836877605,0.2616890675686161,0.38247057885201713
sy,chey,40,510,0.37253062871225184,0.40561617403249894,0.38245629230832595
shey,ches,344,44,0.3834516288595484,0.3798788219038248,0.3823797867728313
she,ches,41,44,0.42195191814380884,0.2900000000000001,0.38236634270066616
shy,shcthy,94,30,0.38416440641611377,0.37812191866188577,0.38235166008984534
chody,shedy,80,255,0.40117798120298626,0.33817323505341823,0.38227655735811583
y,shar,210,34,0.40580377217099556,0.3271513881919544,0.3822080569772832
chol,chedy,367,341,0.3773211737958925,0.39319331589497986,0.38208281642561864
shy,chl,94,33,0.3411392184351274,0.4774241678254142,0.38202470325221344
dar,cthol,287,55,0.3766059212539889,0.39432376301321653,0.3819212737817572
shar,chdy,34,108,0.41054834529311013,0.31493953741266817,0.3818657029289775
chol,shcthy,367,30,0.41826568302725686,0.2967415398638136,0.3818084400782239
ckhy,cheo,38,75,0.39402107336411846,0.35330880157016087,0.38180739182593115
cthey,ody,47,38,0.40751611771684415,0.3217440975222964,0.3817845116584798
r,sol,196,63,0.4033709244674513,0.33090472676163707,0.381631065155707
ches,qol,44,147,0.46345656025991727,0.19007570238148508,0.3814423028963876
shar,al,34,311,0.44183684070378954,0.2403789885342457,0.38139948505292637
kol,ody,35,38,0.412338961539832,0.30890798875970393,0.38130966970579355
chy,sol,197,63,0.4031296556849783,0.33016402928591976,0.38123996776526076
dor,kar,63,58,0.3516970012099764,0.45004361033985296,0.3812009839489393
l,key,156,33,0.39103548047010017,0.35820389849181844,0.3811860058766156
sheo,kar,46,58,0.3794309378726193,0.3851301479298828,0.3811407008897983
shody,oly,50,65,0.3951582770980081,0.34818278954151716,0.3810656308310608
oky,qoky,103,137,0.4283826127995608,0.2706464026730278,0.3810617497616009
kal,air,30,95,0.4225262741253315,0.28421829396620324,0.381033880077593
kchy,dol,36,97,0.4517277444214408,0.21555000965874227,0.3808744239926312
shody,dal,50,190,0.3705586815328174,0.4045467824899276,0.3807551118199504
tar,shckhy,43,55,0.40804598755521443,0.31694167115484984,0.38071469263510505
daly,shcthy,33,30,0.4027108150238844,0.3292963202250543,0.38068646658423533
sal,shedy,48,255,0.38999527800370754,0.3580084428070251,0.3803992274447028
qo,sar,51,77,0.35952736390018913,0.4290571103972955,0.38038628784932105
chol,kar,367,58,0.3596403941149113,0.428724856222403,0.38036573274715874
chcthy,l,84,156,0.44944074701775083,0.21917798133968136,0.38036191731433
al,dor,311,63,0.45212707461114854,0.21276391359941169,0.3803181263076274
sheo,chedy,46,341,0.43405669676979175,0.25464935053331983,0.38023449289885014
cthy,sor,100,43,0.41277689183396,0.3041320942026187,0.3801834525445576
ches,key,44,33,0.37534422720555327,0.39131189606246314,0.38013452786262625
shor,qoky,91,137,0.4333193066253973,0.25571151691654104,0.38003696971274037
chal,shckhy,59,55,0.3376180695886974,0.47896819222555775,0.38002310637975545
shol,shcthy,176,30,0.42062005092596605,0.2852354177120197,0.38000466096178215
dam,qoty,59,84,0.4092624206171206,0.3116673930276505,0.37998391234027956
ain,o,149,114,0.35787324079395677,0.431090677822937,0.3798384719026508
chcthy,lor,84,38,0.3962219364941036,0.3411966744652973,0.37971435788546165
kchy,oly,36,65,0.4072675499712033,0.31522693317138595,0.37965536493125807
chal,chl,59,33,0.34224182555319105,0.466755645225067,0.3795959714547538
qoty,key,84,33,0.40782004225342117,0.3136092647309868,0.37955680899669086
ar,chol,449,367,0.3669290909864383,0.408670841015846,0.37945161599526056
qo,sal,51,48,0.393078174216153,0.3470818871618163,0.37927928809985195
ar,ody,449,38,0.35185131181992374,0.4429616627239041,0.37918441709111783
kchy,al,36,311,0.4875777468329003,0.1256233471435694,0.378991426926101
s,qol,328,147,0.42217954965271,0.278020170954036,0.37893173604310776
ckhey,shey,32,344,0.39717818157919504,0.33633046421403306,0.3789238663696464
or,chdy,390,108,0.31022088557327837,0.5391153894569197,0.3788892367383707
sy,dy,40,204,0.361648476473653,0.4187662940985989,0.37878382176113673
cthor,qoty,45,84,0.44683056149457057,0.21953849058029323,0.3786429402202874
cheo,qoky,75,137,0.4503205164128034,0.21095130679418475,0.37850975352721783
shol,lor,176,38,0.4444719452810324,0.2241195978744947,0.3783662410590711
cthey,shor,47,91,0.39133752625439466,0.34751562943250414,0.37819095720782747
dam,oty,59,114,0.3962720528736321,0.3359659719798394,0.3781802286054943
tol,kal,42,30,0.3914190539095155,0.3468878079847373,0.37805968013208197
shar,chol,34,367,0.35704102306886276,0.4269232474655698,0.37800569038787485
shody,lol,50,35,0.4516387521771451,0.20616345280441248,0.3779961623653253
char,qo,79,51,0.41841859709015317,0.2833911532364189,0.3779103639340329
chor,kal,215,30,0.36552706418099185,0.40672092121848546,0.3778852212922399
chckhy,shcthy,141,30,0.40847200424760627,0.3063586019529889,0.37783798355922105
chol,o,367,114,0.3640566789562704,0.40997982631265467,0.3778336231631857
dol,sheo,97,46,0.3960939289958187,0.33521451861631096,0.37783010588196636
qoty,tar,84,43,0.3595668829676619,0.4195679505471251,0.37756720324150084
kal,sol,30,63,0.4254843587358109,0.265651912275193,0.37753462479762556
sol,daly,63,33,0.3632257521430266,0.4109030480965857,0.3775289409290943
dam,cheo,59,75,0.3576453644580706,0.42388266998081986,0.3775165561148953
chal,ody,59,38,0.3393733254682687,0.46643365011048266,0.37749142286093285
shar,cheo,34,75,0.4051217382156955,0.31295306261789047,0.377471135536354
chor,sol,215,63,0.3943805130473773,0.33735016009044877,0.3772714071602987
cthey,oly,47,65,0.38611340725711324,0.35616612550499055,0.3771292227314764
ckhy,dy,38,204,0.3443023439711663,0.4530426426472246,0.37692443357398375
shody,qo,50,51,0.4289425897285311,0.2555202117192106,0.3769158763257349
cthey,qoty,47,84,0.3849015494038511,0.35779271460716866,0.37676889896484633
chol,dam,367,59,0.348231932325024,0.44333632444704796,0.37676324996163113
sal,chedy,48,341,0.40121489033800545,0.31935154486120515,0.37665588669496536
r,chl,196,33,0.3958736679638278,0.3317268715663189,0.3766296290445751
chal,lor,59,38,0.3984115462369271,0.325540393383249,0.37655020038082365
chy,lol,197,35,0.45342667046405394,0.19705795816731228,0.3765160567750314
tol,oly,42,65,0.4012206419035933,0.3185546341059285,0.37642083956429384
kal,daly,30,33,0.32010789024179004,0.5076725587293376,0.37637729078805426
chcthy,chl,84,33,0.3165148671978472,0.5159616355668186,0.37634889770853863
am,oty,115,114,0.36221856671950975,0.4090592512897417,0.37627077209057935
shy,air,94,95,0.4008961992490309,0.31873848504544183,0.37624888498795417
cthor,oty,45,114,0.4132539961817021,0.2898148995912376,0.3762222672045627
s,ckhey,328,32,0.38114703634739255,0.36465233947001363,0.37619862728417885
chody,aly,80,39,0.4159307226126388,0.2824683496707921,0.37589201073008477
chor,tar,215,43,0.35872804894226024,0.4157833973377454,0.3758446534609058
cho,chedy,77,341,0.36071470075374046,0.41089582202064556,0.37576903713381193
oky,air,103,95,0.4252770213288602,0.2602080299430737,0.37575632391312425
ckhey,chal,32,59,0.41793813107402,0.27723197625967927,0.37572628462971774
dar,chl,287,33,0.34300059149289513,0.45204447960375044,0.3757137579261517
kal,sheo,30,46,0.37275394415073493,0.38247369022753036,0.37566986797377355
chcthy,ches,84,44,0.3800546938723785,0.36489207502369014,0.37550590821777197
r,chody,196,80,0.3849170212324021,0.3534099903072722,0.37546491195486315
dor,tar,63,43,0.3862513570551428,0.35,0.3753759499385999
chy,tar,197,43,0.3567649581681143,0.4185198532342706,0.3752914266879612
qo,o,51,114,0.3610614517713483,0.4078676665939672,0.3751033162181339
cthey,air,47,95,0.4165277244251677,0.27838832228102334,0.37508590378192436
chl,l,33,156,0.44498164243382204,0.2118375545589854,0.375038416071371
or,sy,390,40,0.37893473798402083,0.3658571262577021,0.37501145446612516
am,dam,115,59,0.3866140450725092,0.3478747300160578,0.3749922505555738
chal,cthey,59,47,0.44584599526900165,0.20915278387523556,0.3748380318508718
r,daly,196,33,0.37086236700268194,0.38410974740759707,0.37483658112415646
d,ckhy,53,38,0.3947524269126236,0.32808835258216457,0.3747532046134858
chor,d,215,53,0.38520434093799083,0.35015288273729134,0.37468890347778094
sy,al,40,311,0.41765533646318864,0.27416761264845285,0.3746090193187679
chal,cheo,59,75,0.3794196241678706,0.3633533413880349,0.3745997393339199
chy,ches,197,44,0.3552714431892627,0.4195461444633187,0.37455385357147947
kol,cthor,35,45,0.40791856441042074,0.29658981992537287,0.3745199410649063
s,ckhy,328,38,0.37425375760481977,0.37502008321795904,0.37448365528876154
sy,cthey,40,47,0.3962029078465308,0.3235957098824718,0.3744207484573131
sy,cheo,40,75,0.3689105057331792,0.38722962900527846,0.37440624271480893
kol,key,35,33,0.37484623148217205,0.3725445133328558,0.3741557160373772
kal,sal,30,48,0.34716897101083494,0.4371127888314632,0.3741521163570234
kchy,qo,36,51,0.43156594318822983,0.2396721833526806,0.37399781523756503
sy,chal,40,59,0.36004346260420944,0.40635681905850285,0.37393746954049745
shar,chos,34,42,0.394115090481771,0.3266206277667696,0.37386675166727057
am,daly,115,33,0.3180919013680021,0.5034148737251606,0.3736887930751496
sy,lol,40,35,0.41386445097855856,0.2794879493728592,0.3735515004968487
sheo,l,46,156,0.42733498465557923,0.24792820749016672,0.3735129515059555
shody,chcthy,50,84,0.3424220110395111,0.44601493266003434,0.37349988752566804
oly,tar,65,43,0.362817228059899,0.3981932926324106,0.3734300474316525
ar,chody,449,80,0.37391764954831935,0.3722198183747643,0.3734083001962528
kol,kar,35,58,0.3807476286642671,0.35624362199745585,0.3733964266642237
shckhy,sol,55,63,0.33926901367415113,0.4528334128517263,0.3733383334274237
sy,char,40,79,0.3500728441409496,0.42754681990946136,0.37331503687150314
dal,cheo,190,75,0.3808652552779168,0.35543434485083153,0.37323598214979126
shody,dam,50,59,0.31592929708198464,0.5065772451906966,0.3731236815145982
sor,cthor,43,45,0.39845628194788246,0.3139867712371797,0.37311542873467163
y,shcthy,210,30,0.39162398444945207,0.3295147965630702,0.37299122808353746
sy,chol,40,367,0.4163538030787246,0.2715424696809351,0.3729104030593877
char,daly,79,33,0.3598832352299712,0.40318180772907164,0.3728728069797013
dair,kal,93,30,0.3709468393414646,0.3772194475674056,0.3728286218092469
kol,kal,35,30,0.3654822613648512,0.389504331171503,0.3726888823068467
cthol,sor,55,43,0.40257881409266205,0.3027825885323781,0.3726399464245769
shey,sar,344,77,0.3854256275377614,0.3425267309327972,0.3725559585562721
she,kar,41,58,0.39296080224624913,0.3248225082037094,0.37251931403348715
cheo,chedy,75,341,0.3019630509586572,0.537145616958304,0.3725178207585512
dam,qoky,59,137,0.38193360720096914,0.35043093866921077,0.3724828066414416
oky,qol,103,147,0.4230310454895268,0.2538111555975957,0.37226507852194746
chdy,tar,108,43,0.3873898188158575,0.33693327495484854,0.3722528556575548
oky,kal,103,30,0.3581919278751266,0.4049322121685353,0.37221401316314917
tol,sar,42,77,0.4006299004499387,0.3058581783206946,0.37219838381116543
s,sheo,328,46,0.35528446704608724,0.41158729503700003,0.372175315443361
daly,aly,33,39,0.3484660262185847,0.4274524026945494,0.3721619391613741
tar,chedy,43,341,0.40313386183594974,0.29986610582972845,0.3721535350340833
dol,key,97,33,0.3772301544352164,0.3592868362697464,0.37184715898557535
ckhey,shcthy,32,30,0.41316583392439976,0.2753281174644287,0.3718145189864084
ckhy,chedy,38,341,0.381276194753632,0.3494177050199279,0.3717186478335207
cthor,ody,45,38,0.45672779241529626,0.17312969867188588,0.37164836429227316
kchy,lol,36,35,0.4115047123630197,0.27804394665205706,0.3714664826497309
dy,chos,204,42,0.3518393420569218,0.4172573651212205,0.3714647489762114
chy,shedy,197,255,0.3164064989626157,0.4997838914536457,0.3714197167099247
qo,sol,51,63,0.3849414990482029,0.3397433870652987,0.37138206545333163
shckhy,qoky,55,137,0.3284776535526593,0.4713656248447891,0.3713440449402982
qo,oty,51,114,0.39614100434132365,0.31301734579838036,0.3712039067784407
chdy,shcthy,108,30,0.3897008629054065,0.32801110805887096,0.3711939364514458
shody,kchy,50,36,0.4344458312243804,0.22349186235418195,0.37115964056332085
sho,dam,118,59,0.3357023658411905,0.45291610680330463,0.3708664881298247
ar,shedy,449,255,0.3046526003181491,0.5250972498989726,0.37078599519239613
shody,al,50,311,0.4026470311329784,0.29567998755264996,0.37055691805887986
ckhey,qoty,32,84,0.42110836012091785,0.25238087776236073,0.3704901154133507
shor,sol,91,63,0.41441957723763784,0.2677824371959891,0.37042843522514324
kchy,ody,36,38,0.4497239480711412,0.18526652716909367,0.3703867218005269
ar,shar,449,34,0.4038927185487998,0.29205845238653055,0.370342438700119
sy,tol,40,42,0.36832983983792655,0.37444189408166756,0.37016345611104884
cthey,chedy,47,341,0.4151277633192379,0.2649946280532109,0.37008782273942975
dy,lor,204,38,0.41563645144259675,0.2637228538554928,0.37006237216646554
char,shedy,79,255,0.3347767694481908,0.45237688738775467,0.3700568048300599
sheo,shckhy,46,55,0.3972721259049042,0.30549414251037627,0.3697387308865458
ar,qol,449,147,0.4606182744260629,0.15732296741420304,0.3696296823225049
chy,shcthy,197,30,0.3875959332811761,0.3272470568363909,0.36949127034774054
chal,shcthy,59,30,0.36979194499878715,0.3685528437251513,0.3694202146166964
oly,kar,65,58,0.37219178861143404,0.3629291640739634,0.36941300125019283
she,oty,41,114,0.4124789556921528,0.2687727775838716,0.36936710225966846
chl,chedy,33,341,0.2970043673838168,0.5377478891757534,0.36922742392139773
dol,o,97,114,0.3808618346860363,0.3417606491346369,0.36913147902061644
qoty,shcthy,84,30,0.39993217393873826,0.2972045388783953,0.36911388342063534
chal,cthol,59,55,0.369961475056023,0.3671127475036635,0.3691068567903152
dol,shcthy,97,30,0.4049482654092694,0.2853797262011165,0.3690777036468235
chal,lol,59,35,0.3845398451073816,0.3326408923212881,0.3689701592715535
cthey,qol,47,147,0.3859906884727893,0.3285956701880373,0.3687721829873637
am,chody,115,80,0.3549648396947901,0.40097710460102015,0.3687685191666591
shey,dam,344,59,0.2980393055790667,0.5334739889846701,0.3686697106007477
shey,ody,344,38,0.34957437613257775,0.4132232058370442,0.3686690250439177
she,shedy,41,255,0.3201015547975162,0.4819276594504993,0.3686493861934111
dair,shor,93,91,0.3624897017209143,0.3827918366569029,0.3685803422017109
qo,cheo,51,75,0.42056317600679205,0.2471449430047247,0.3685377061061718
cthey,o,47,114,0.36221983513538664,0.3830422265646225,0.3684665525641574
ckhy,tar,38,43,0.39527668949434186,0.30585817832069445,0.3684511361422476
tol,chedy,42,341,0.3797940875728466,0.34094365457352693,0.36813895767305066
shy,chos,94,42,0.37792084888172095,0.3452324275860024,0.3681143224930054
she,l,41,156,0.4369291024811635,0.2068323119417223,0.36790006531933117
ckhey,dol,32,97,0.4206936808141086,0.24462340758184858,0.3678725988444306
qo,chos,51,42,0.35901684868972056,0.3882104355109484,0.36777492473608886
am,dy,115,204,0.3798554257779024,0.33927796805948746,0.3676821884623779
or,chody,390,80,0.3021184760318455,0.5205254290270743,0.36764056193041417
sy,sar,40,77,0.3665685502036438,0.3700978284148702,0.3676273336670117
al,sal,311,48,0.41550405470314167,0.25544942647773544,0.36748766623551976
d,shy,53,94,0.36516017498792575,0.3726708171828293,0.3674133676463968
kchy,ckhy,36,38,0.4382993913529017,0.20200211908568658,0.36741020967273713
cthy,al,100,311,0.425562591835778,0.23171595640040896,0.3674086012051673
chody,cheo,80,75,0.34140645502547223,0.42806218360159326,0.36740317359830854
sheo,chos,46,42,0.3720364745708927,0.35618810406519813,0.3672819634191843
char,am,79,115,0.3292116170954892,0.4558465734321944,0.3672021039965008
oly,ches,65,44,0.3413199153487697,0.4271484532395878,0.3670684767160151
chody,qol,80,147,0.4348620050740642,0.20868960539143752,0.36701028516927614
sy,o,40,114,0.32958585805811963,0.45394296289755776,0.3668929895099511
shar,cho,34,77,0.38204658872917047,0.33066924072550935,0.36663338432807213
ckhey,cheo,32,75,0.4074887368528071,0.2711842834383547,0.36659740082847136
shody,kol,50,35,0.4075875158891833,0.27093788200865526,0.3665926257250248
shar,tar,34,43,0.3246440397621749,0.4642620304683048,0.36652943697401386
chy,l,197,156,0.4191126768469527,0.24374204082089543,0.36650148603913546
chol,r,367,196,0.391723821298441,0.30748650515825415,0.36645262645638493
dain,d,173,53,0.3897267873501808,0.31164725119618714,0.36630292650398266
shy,sar,94,77,0.3513266868814908,0.4012463276316281,0.36630257910653197
kol,l,35,156,0.38969793824068344,0.31158769154300703,0.3662648642313805
chal,chos,59,42,0.3922066165747628,0.3057306630967885,0.36626383053137046
s,chal,328,59,0.3505285282024158,0.4027846007366696,0.36620534996269194
char,dol,79,97,0.355387571118652,0.39111780697396814,0.3661066418752468
dam,shcthy,59,30,0.3765606793140775,0.3411525175850737,0.3659382307953763
kal,shckhy,30,55,0.37936015896215247,0.3344898836895255,0.36589907638036434
sho,l,118,156,0.42330427280002997,0.2318812680184488,0.3658773713655556
she,qo,41,51,0.42231130273739204,0.23418814235888497,0.3658743546238399
dol,chl,97,33,0.3579408870280531,0.38434296660522044,0.3658615109012033
sy,oly,40,65,0.3446524491926081,0.41506052398846716,0.3657748716313658
am,tar,115,43,0.39864507626999024,0.2887100153582044,0.3656645579964544
chol,l,367,156,0.4121787684247826,0.25676979356274093,0.36555607596617007
chy,chos,197,42,0.36796559020078967,0.35968961137924294,0.36548279655432564
chol,kal,367,30,0.39234615327591205,0.30271598082223394,0.3654571015398086
ckhey,she,32,41,0.4274695862671078,0.22066404997375466,0.36542792537910185
sy,qoty,40,84,0.3897199557215712,0.3082260366385033,0.36527177999665084
sal,sol,48,63,0.3950798974496528,0.2948960312417755,0.3650247375872896
chal,ckhy,59,38,0.393478214686525,0.2985303508361759,0.3649938555314202
shar,am,34,115,0.38224552478920415,0.3244894542641018,0.3649187036316734
sal,shcthy,48,30,0.3872304783645967,0.3125152417604586,0.36481590738335523
she,dam,41,59,0.3038110208067449,0.507142857142857,0.3648105717075785
chdy,air,108,95,0.3606287419600246,0.3743215847571476,0.3647365947991615
cthey,chcthy,47,84,0.3662926249288454,0.3607634953938315,0.36463388606834124
sal,air,48,95,0.4047299698671728,0.27093511576220036,0.36459151363568104
air,lor,95,38,0.43402125319373325,0.2023020494745052,0.3645054920779648
ckhey,dam,32,59,0.3570882513199911,0.3817516985129176,0.364487285477869
or,am,390,115,0.24458729751727215,0.6441525858055737,0.3644568840037626
chdy,char,108,79,0.3257481062401602,0.4542347353499097,0.36429409497308507
shody,chal,50,59,0.3913211101028953,0.3007990286863093,0.3641644856779195
char,ckhy,79,38,0.3608474126255952,0.3719007733054412,0.364163420829549
dy,sar,204,77,0.3551554710790414,0.3850437469403242,0.3641219538374262
shey,cthor,344,45,0.3115648253382012,0.48646989947758845,0.36403634758001735
cthy,oly,100,65,0.37519820390348274,0.3378344650393047,0.3639890822442293
oly,chl,65,33,0.29053378480953007,0.5350708867451959,0.3638949153902298
kal,o,30,114,0.28572372878555286,0.5455388926906635,0.363668277957086
ain,chy,149,197,0.34300780988421803,0.4118089417656097,0.3636481494486355
cthey,aly,47,39,0.3910155163133366,0.2994573324330664,0.36354806114925553
shar,d,34,53,0.41978507857607567,0.2322302670165153,0.36351863510820753
shckhy,daly,55,33,0.29633391290157185,0.5201563582822033,0.3634806465157613
she,air,41,95,0.3856582169456277,0.31149905972904085,0.3634104697806516
ar,lol,449,35,0.4302323058852145,0.20720543239614553,0.36332424383849377
cthey,sol,47,63,0.38017439884970694,0.3235957098824719,0.36320079215953643
shey,o,344,114,0.3198079639183995,0.46426901455648273,0.36314627910982444
am,qol,115,147,0.4450001692478411,0.17204384831351957,0.3631132729675446
shar,char,34,79,0.3557455875263763,0.38008444148323817,0.36304724371343483
al,shcthy,311,30,0.4207381347675466,0.22827457763419148,0.3629990676275401
kal,ody,30,38,0.32377049180327877,0.4540097729936951,0.36284227616040365
oky,chedy,103,341,0.36937179808069065,0.34727475434398375,0.3627426849596786
ckhey,l,32,156,0.3442431164216633,0.405583469608504,0.36264522237771546
chdy,dor,108,63,0.3530042832048537,0.3850937939173213,0.362631136418594
am,dol,115,97,0.40500392045692507,0.26366108857880616,0.36260107089348936
shar,key,34,33,0.3899403031611805,0.2987221347558689,0.362574852639587
shar,cthy,34,100,0.32860296820674906,0.4418373466638417,0.3625732817438768
ckhey,shor,32,91,0.41537154415638555,0.23933160850024743,0.3625595634595441
sy,kchy,40,36,0.3807622876266961,0.31897832793094233,0.36222709971796996
dal,o,190,114,0.33339772553641533,0.42885294193715323,0.3620342904566367
sho,tol,118,42,0.3997906538773761,0.2737165413288498,0.3619684201128182
oky,qo,103,51,0.4001999802031347,0.2723701965945219,0.36185104512055083
or,shedy,390,255,0.2545611397678348,0.6118233344543318,0.3617397981737839
chor,key,215,33,0.3557815692172085,0.3756265393042709,0.3617350602433272
oty,chl,114,33,0.31581729118753976,0.46883903496356094,0.36172381432034606
ar,dor,449,63,0.38585645859576784,0.30540821653536837,0.361721985977648
cthey,sal,47,48,0.36468565250625046,0.35441569575596665,0.3616046654811653
shar,sal,34,48,0.39137613425622486,0.29176927587535256,0.36149407674196316
shar,s,34,328,0.3417061643069478,0.4071119965931453,0.361327913992807
tol,chos,42,42,0.39925519264405107,0.27279597842750036,0.36131742837908587
chal,oty,59,114,0.34487720099416014,0.39954331605878407,0.3612770355135473
ody,chedy,38,341,0.3753148169200878,0.32839003192260624,0.36123738142084333
shol,ain,176,149,0.42190688072531823,0.2195060934946673,0.3611866445561229
shol,sal,176,48,0.4119751206706491,0.2425479214050107,0.36114696089095755
chal,sal,59,48,0.36924104409323955,0.3422496793352716,0.36114363466584914
am,l,115,156,0.41982567079044514,0.22410306501439428,0.36110888905762983
ckhey,chedy,32,341,0.4085088758049264,0.24991589421911012,0.3609309813291815
qo,ody,51,38,0.38650387566186106,0.3012413099972973,0.36092510596249194
shar,or,34,390,0.3721722263157281,0.3344859787086712,0.36086635203361106
chos,l,42,156,0.3967888038951165,0.2761583910327533,0.3605996800364075
sy,chdy,40,108,0.33742469039290385,0.4145586309209765,0.36056487255132563
kol,chckhy,35,141,0.3919379511888931,0.2872809347566612,0.3605408462592235
ain,oly,149,65,0.3533085881909602,0.37728263516899335,0.36050080228437015
sheo,ches,46,44,0.36064881473196003,0.35975554288003875,0.3603808331763836
sal,kar,48,58,0.33299388731722473,0.42422965533393175,0.3603646177222368
ckhy,shor,38,91,0.3394543193568853,0.40887830028004657,0.36028151363383365
chal,qoty,59,84,0.3928779862035983,0.2834670477105022,0.36005470465566947
kal,lol,30,35,0.35349464290272015,0.375,0.35994625003190406
shody,chedy,50,341,0.3727689081880321,0.3299208065725511,0.35991447770338775
sy,shor,40,91,0.3898234926925296,0.2900976402956548,0.35990573697346717
sol,sar,63,77,0.34378611460402775,0.39751248237152725,0.35990402493427753
ody,aly,38,39,0.37329497893202734,0.328440530610085,0.3598386444354446
shar,dair,34,93,0.34861655929842744,0.38551724649145186,0.3596867654563347
lol,chckhy,35,141,0.40819930241204233,0.24630619305601717,0.35963136960523473
oky,sol,103,63,0.36795879092299566,0.3393609449245813,0.3593794371234713
sor,shedy,43,255,0.38975428495607756,0.288124458547614,0.35926533703353847
shor,chcthy,91,84,0.3710550802128736,0.33161914056491226,0.3592242983184851
air,aly,95,39,0.2542036440668698,0.6041048546960683,0.3591740072556293
she,oly,41,65,0.3549164621237762,0.36897648489956614,0.3591344689565132
kar,daly,58,33,0.3513389032419259,0.3768873599971271,0.35900344026848624
sy,r,40,196,0.37950656730317417,0.3110305689981754,0.3589637678116745
s,sol,328,63,0.3245895460769901,0.4383623903417345,0.3587213993564134
chy,lor,197,38,0.38737498884278554,0.2910647910599286,0.35848192950792845
s,cthor,328,45,0.3612263994712734,0.3511358052002018,0.35819922118995184
qo,shckhy,51,55,0.36658176130456993,0.338218482824531,0.35807277776055824
ckhy,ody,38,38,0.36465134698983864,0.3425942641073619,0.3580342221250956
r,kchy,196,36,0.33488983823312074,0.4119570077140692,0.3580099890774053
ody,shcthy,38,30,0.385878770252054,0.2928998488410024,0.35798509382873855
char,she,79,41,0.3327902251369133,0.4165609349810676,0.3579214380901596
ckhy,oly,38,65,0.31726567767083935,0.4523862170082802,0.35780183947207156
shol,sar,176,77,0.37590091152071836,0.3155597989261526,0.3577985777423486
lol,kar,35,58,0.39098311974639455,0.280162491752028,0.3577369313480846
or,aly,390,39,0.26012649382494263,0.5851907640471378,0.35764577489160115
tol,al,42,311,0.4431236759051253,0.15788134931405104,0.35755097792780305
she,sol,41,63,0.3535068253328264,0.36694597783509036,0.35753857108350556
sho,key,118,33,0.3823362820064225,0.29959519614539565,0.3575139562481144
ain,lol,149,35,0.4575802144997844,0.1237507694205473,0.3574313809760133
chcthy,tar,84,43,0.41258777052941475,0.22831437702318932,0.3573057524775471
s,shody,328,50,0.35038633130827934,0.3725633187692306,0.3570394275465647
shar,sy,34,40,0.3577130451705462,0.35538922356187735,0.35701589868794553
sheo,shcthy,46,30,0.35291141136621207,0.36639717999502036,0.3569571419548545
am,chedy,115,341,0.3469904356935867,0.3798972597031678,0.356862482896461
or,tol,390,42,0.3882218177203858,0.28343667591091704,0.35678627517754513
kol,chedy,35,341,0.39265588974638577,0.272923586852625,0.35673619887825747
tol,kar,42,58,0.3638272528832267,0.3400770800692767,0.3567022010390417
or,qo,390,51,0.4007676731987176,0.2538113457564482,0.35668077496603673
kchy,cheo,36,75,0.38359962488017724,0.29367200422758516,0.3566213386843996
cthy,sol,100,63,0.38640185804273774,0.2867686469853202,0.3565118947255124
chdy,kchy,108,36,0.38962181049883554,0.2791632399433067,0.3564842393321769
r,chcthy,196,84,0.346789996073574,0.37895901458474107,0.3564407016269241
dol,air,97,95,0.42769146843509737,0.19000761626356957,0.356386312783639
sho,chl,118,33,0.32259016009039687,0.43512230580168865,0.35634980380378434
she,am,41,115,0.33839836755266733,0.39804896992222,0.3562935482635331
ckhey,al,32,311,0.4041264767652022,0.24333672877709922,0.35588955236877123
kal,sar,30,77,0.31506714755033255,0.45095427391568566,0.3558332854599385
ckhy,key,38,33,0.3835247461046405,0.2910807607164362,0.3557915504881792
shar,r,34,196,0.35108531434860535,0.366387021629119,0.3556758265327594
sheo,air,46,95,0.35472801572854773,0.3572889375190769,0.35549629226570645
or,cthol,390,55,0.3477587528849795,0.3733725164558875,0.35544288195625184
sol,key,63,33,0.36837748344370863,0.32478764290996814,0.35530053128358646
shar,chedy,34,341,0.365553862920349,0.33117602872481033,0.35524051266168744
chdy,dam,108,59,0.3235985273215585,0.42905816516051665,0.35523641867324596
chor,shcthy,215,30,0.36751146701292486,0.32642742562783617,0.3551862545973982
daly,l,33,156,0.37226519818069265,0.3143040034408525,0.35487683975874057
kal,shcthy,30,30,0.36714679111360476,0.3256130953003184,0.3546866823696188
sho,r,118,196,0.3657948015192605,0.3286758197832524,0.35465910699845804
char,dor,79,63,0.334475959703178,0.40104466095895347,0.35444657007991065
shody,chdy,50,108,0.3675646301637973,0.3237974129149113,0.3544344649891315
dal,lol,190,35,0.38929483981320545,0.27295684759005173,0.35439344214625934
kar,qol,58,147,0.4084588820288659,0.2270695293437829,0.35404207622334094
sho,tar,118,43,0.3564550313866222,0.3483665071458088,0.35402847411437816
ckhy,dol,38,97,0.34474931053497054,0.3752369369036545,0.3538955984455757
shckhy,l,55,156,0.38174860044590403,0.28887560324559747,0.35388670128581207
chody,ches,80,44,0.29619918504150433,0.48844660565929454,0.35387341122684135
chdy,cthy,108,100,0.39566674078212816,0.2562907378681596,0.35385393990793756
qoty,sheo,84,46,0.3798479445759631,0.2930982239716451,0.35382302839466767
cthor,shcthy,45,30,0.3765222606352738,0.30075845145887165,0.3537931178823531
sheo,daly,46,33,0.3526059395354175,0.3553529400825557,0.35343003969955894
oky,shcthy,103,30,0.3864087986126758,0.27645291069322175,0.35342203223683955
shol,qol,176,147,0.43500774970831274,0.16254318629845974,0.3532683806853568
she,qol,41,147,0.42751441896852677,0.17943713694968552,0.3530912343628744
shor,tar,91,43,0.37971565883926905,0.29092530999552696,0.3530785541861464
shol,shedy,176,255,0.367622701959299,0.31884438325671527,0.3529892063485239
shol,lol,176,35,0.4148805569826635,0.20850382641729187,0.352967537813052
chol,key,367,33,0.3551379314426746,0.3478945127358515,0.3529649058306276
shody,key,50,33,0.37866302102752253,0.29277002188455997,0.35289512128463374
sheo,qoky,46,137,0.39937648936322556,0.24411161657276673,0.3527970275260879
dam,al,59,311,0.38342451261074584,0.28122594957878017,0.35276494370115613
r,oly,196,65,0.35328664510457386,0.35064050051692697,0.3524928017282798
chos,air,42,95,0.38329315908822675,0.2805953781404217,0.35248382480388524
tar,aly,43,39,0.3831428021805254,0.28071751610693574,0.35241521635844847
shor,oly,91,65,0.3548401446226249,0.3464047799404672,0.3523095352179776
chol,chos,367,42,0.365773181330733,0.32070438702433457,0.3522525430388135
ckhy,qo,38,51,0.4048615013174779,0.22949566370087887,0.35225175003249815
or,ody,390,38,0.3085166453165081,0.4538403287117798,0.3521137503350896
lol,chl,35,33,0.4166474396794373,0.20142342947552289,0.352080236618263
ain,key,149,33,0.39167241052666973,0.2596134007863768,0.3520547076045818
shar,sor,34,43,0.3380617018914067,0.38462604191373556,0.3520310038981053
s,kol,328,35,0.3454564866765165,0.3671672151826236,0.3519697052283486
cthor,qoky,45,137,0.4142863985277254,0.20647075499158973,0.3519417054668847
air,key,95,33,0.3822002560874823,0.28110770005103447,0.3518724892765479
chor,chedy,215,341,0.3067038263400114,0.45724033073095244,0.35186477765729374
sheo,key,46,33,0.3844136444104833,0.27564653572687586,0.351783511805401
chdy,cthey,108,47,0.36923530113082187,0.310972915204354,0.35175658535288146
or,sol,390,63,0.3554206569769583,0.34313308114852814,0.35173438422842923
kchy,she,36,41,0.3902472083895483,0.2617319184247541,0.35169262140011
chcthy,dor,84,63,0.3544063553807965,0.34487487476660716,0.3515469111965397
ckhy,qoky,38,137,0.39023316806790487,0.2604879288461585,0.3513095963013809
r,chedy,196,341,0.3033490725680363,0.46306287411539815,0.35126321303224484
kol,sol,35,63,0.38467366077196674,0.27312064567675426,0.351207756243403
cthy,kal,100,30,0.3856009804392101,0.27093831427919746,0.3512021805912063
dam,chedy,59,341,0.321748452207138,0.4193708621760874,0.3510351751978228
char,qoky,79,137,0.3991672083408389,0.23872101492853362,0.35103335031714733
lol,chcthy,35,84,0.4115841887166517,0.20833629996701108,0.3506098220917595
ol,shcthy,588,30,0.3383457383659348,0.3790135605280148,0.35054608501455875
kol,shcthy,35,30,0.38834957789472496,0.2613744371833763,0.35025703568132033
sy,ches,40,44,0.3372002436668816,0.37968715762103106,0.3499463178531264
chckhy,air,141,95,0.41565624949237245,0.19651966567419696,0.34991527434691977
shody,char,50,79,0.3388168282618006,0.3755980818739519,0.349851204345446
chody,lor,80,38,0.36916843809980027,0.3047005622709906,0.3498280753511574
sho,ody,118,38,0.3795497483470835,0.2800196920582793,0.3496907314604422
shar,cthor,34,45,0.3288354946885294,0.39829325178971814,0.349672821818886
shckhy,key,55,33,0.3673979166691317,0.30795377301762267,0.34956467357367893
shar,chal,34,59,0.33611558064623753,0.3809150601214364,0.3495554244887972
dal,air,190,95,0.42144390446048374,0.18165757109491312,0.34950800445081254
she,kal,41,30,0.3297473843309325,0.395278740914393,0.34940679130597063
sheo,ody,46,38,0.3727539441507348,0.2948981589417959,0.3493972085880531
s,kal,328,30,0.2672216313239783,0.541075083451959,0.3493776669623725
shy,lor,94,38,0.37352477791615724,0.2929973941967391,0.34936656280033174
ar,qo,449,51,0.40021555325039077,0.23064407475458543,0.3493441097016492
dor,qol,63,147,0.40259952706443264,0.22440537344230116,0.3491412809777932
chal,she,59,41,0.3804111446576262,0.27568686358484107,0.34899386033579066
kchy,chos,36,42,0.41087800804549807,0.20459086771502583,0.3489918659463564
d,cthol,53,55,0.38949967984112455,0.25402306793520546,0.3488566962693488
cho,shcthy,77,30,0.3412927364848355,0.36648896878700155,0.3488516061754853
cthol,cheo,55,75,0.3825701011571939,0.2701282761678664,0.34883755366039565
shar,sheo,34,46,0.3415684598477483,0.3656349153374672,0.348788396494664
shor,ody,91,38,0.3823777259688551,0.2703134438677682,0.34875844133852896
dor,sar,63,77,0.3836563359842842,0.2670244995002019,0.3486667850390595
kol,lor,35,38,0.3394416558483279,0.3694170993133774,0.3484342888878427
sal,chcthy,48,84,0.3733788201975834,0.290222264242784,0.3484318534111436
dam,dor,59,63,0.30258547720353773,0.45519955256245703,0.3483696998112135
s,dam,328,59,0.25519369262330316,0.5655516732762483,0.3483010868191867
oty,aly,114,39,0.3604500553811062,0.31974803513102207,0.3482394493060809
tol,cthor,42,45,0.41712421350948403,0.1872683051181198,0.3481674409920747
al,qoty,311,84,0.4348257611490317,0.14595684815204157,0.34816508724993467
sho,o,118,114,0.33917908487349396,0.36810727588407127,0.34785754217666714
shar,shy,34,94,0.35827882337333,0.3231332266705746,0.34773514436250336
chey,aly,510,39,0.3106263357201119,0.43419636426627645,0.34769734428396126
oky,sal,103,48,0.36481829083187284,0.3075474262969501,0.34763703147139596
sy,kol,40,35,0.35634832254989907,0.32720394185036894,0.34760500834004
tar,shedy,43,255,0.3651844891201837,0.30607727416259556,0.34745232463290726
chal,o,59,114,0.3246991639655289,0.40022540546593877,0.34735703641565185
sor,sal,43,48,0.31615476379327456,0.41992771486803027,0.3472866491157013
r,chal,196,59,0.3900661233260533,0.24733547035850442,0.3472469274357886
ain,tol,149,42,0.4173442141062842,0.18299172991727275,0.34703846884958073
cthol,qo,55,51,0.4058963546521613,0.20947808777530338,0.3469708745891039
d,chody,53,80,0.3088953993937413,0.435473487200669,0.34686882573581956
oky,aly,103,39,0.291374446928658,0.47621732648195053,0.34682731079464574
kal,cheo,30,75,0.3351867395633736,0.3738319840592091,0.34678031291212424
shody,qoky,50,137,0.3952317975597365,0.2335100476551057,0.3467152725883472
s,chdy,328,108,0.27905204445834747,0.5042616878374009,0.3466149374720635
am,dor,115,63,0.38065327393288806,0.26701936653595587,0.3465631017138084
tol,sheo,42,46,0.3641878864544641,0.3053810016799208,0.3465458210221011
shy,shckhy,94,55,0.3159472061221858,0.4176303620210694,0.34645215289185083
s,aly,328,39,0.3433621617534307,0.353394635443188,0.3463719038603579
dor,lor,63,38,0.35635580741478917,0.3226953385988059,0.34625766676999414
shey,d,344,53,0.31643793663595365,0.4153008675314374,0.3460968159045988
kal,shor,30,91,0.3735874334178471,0.28148482659825,0.34595665137196796
ckhey,chos,32,42,0.39944600330596575,0.22065523238318158,0.34580877202913046
cthy,qo,100,51,0.3834323262809349,0.2579027838687191,0.3457734635572701
ckhey,kal,32,30,0.313876225594891,0.4198948305572897,0.34568180708361057
or,sheo,390,46,0.29238486162684385,0.4700039274021124,0.3456705813594244
ol,dam,588,59,0.3050069836820917,0.4403168186279693,0.345599934165855
qol,key,147,33,0.332892339372108,0.3750662248699947,0.345544505021474
am,shckhy,115,55,0.3328153135981427,0.37517373117348546,0.34552283887074553
kchy,d,36,53,0.3516900654627112,0.33095386496880924,0.3454692053145406
cthol,chos,55,42,0.3782064515931379,0.2688411250839799,0.34539685364039047
chal,key,59,33,0.36971899647859524,0.2880817096390735,0.34522781042673867
shar,sol,34,63,0.3568801470236022,0.3179798316079956,0.3452100523989202
ckhy,sor,38,43,0.3333846430132083,0.3727888958198202,0.34520591885519186
shar,lor,34,38,0.35170932648101044,0.3299191854053965,0.34517228415832624
ckhey,r,32,196,0.3414965673227293,0.3536732380088074,0.3451495685285527
kol,qol,35,147,0.37672144947046127,0.2709491717926885,0.34498976616712945
ar,tol,449,42,0.3988981958005326,0.21869003807211773,0.34483574848200815
sy,qoky,40,137,0.39843421146480074,0.21953130416069025,0.34476333927356756
tol,cheo,42,75,0.35924485156843416,0.3105755163004006,0.3446440509880241
cthy,chedy,100,341,0.38668615253341276,0.24631774634469797,0.3445756306767983
d,oly,53,65,0.3307501620532066,0.3767615652716527,0.3445535830187404
shor,al,91,311,0.38340934582559666,0.25380197810158633,0.34452713550839353
ain,sal,149,48,0.3906987983005681,0.23659890268048678,0.34446882961454367
oly,air,65,95,0.3224481161892294,0.39578453205351755,0.34444904094851586
tol,tar,42,43,0.3258208320610573,0.3877551020408162,0.3444011130549849
she,sheo,41,46,0.35398987493829753,0.3220189474730416,0.34439859669872075
shody,shcthy,50,30,0.36377731707416705,0.29911767731819006,0.34437942514737396
ain,qoty,149,84,0.42971542070579527,0.14457795836834142,0.34417418200455907
sy,shey,40,344,0.30869451157637645,0.4265105022917586,0.3440393087909911
chol,char,367,79,0.3064406813515023,0.43174128394663475,0.344030862130042
ches,qoky,44,137,0.413213891726546,0.1822759078401404,0.3439324965606243
dor,key,63,33,0.3730637194113577,0.2750000000000001,0.3436446035879504
am,key,115,33,0.34483998468076354,0.34031880048700264,0.3434836294226352
sal,dor,48,63,0.3121442689634083,0.4162825233426289,0.34338574527717447
chdy,sheo,108,46,0.34467081659174464,0.34031491901240024,0.34336404731794135
chody,qo,80,51,0.3675735220573526,0.286550932558501,0.3432667452076971
kal,lor,30,38,0.3027257708108768,0.4378441519238072,0.3432612851447559
lol,cthor,35,45,0.42993776807283374,0.14064831750834433,0.3431509329034869
or,ckhy,390,38,0.32099228068045,0.3938241037709516,0.34284182760760046
chy,air,197,95,0.3165274540561062,0.40362403235531347,0.34265642754586834
char,chody,79,80,0.32743069301272354,0.3777142948529872,0.3425157735648026
kchy,o,36,114,0.3783734631666848,0.2586976235523912,0.3424707112823967
dal,aly,190,39,0.373696196073987,0.26961052838030874,0.3424704957658835
shody,tar,50,43,0.3727096632276431,0.2718578774642342,0.3424541274986204
chol,lol,367,35,0.3892853541597846,0.23278904039384904,0.34233646003000395
cthey,shcthy,47,30,0.34147563146024396,0.3442230225777417,0.34229984879549324
cthol,shcthy,55,30,0.37341760677083075,0.2695567386937954,0.34225934634772015
dor,l,63,156,0.39370358644215225,0.22217710159619106,0.34224564098836385
sho,sal,118,48,0.36277509415066894,0.2939572067082067,0.3421297279179303
chody,o,80,114,0.30903305062242514,0.4188959124577197,0.3419919091730135
ckhey,ches,32,44,0.38959786287304593,0.2307862541009911,0.34195438024142943
qo,shcthy,51,30,0.35113021473760164,0.32031331768386817,0.3418851456214816
shar,kal,34,30,0.33385056353178716,0.36028943129182345,0.341782223859798
am,sal,115,48,0.3857468582524703,0.23915808822084175,0.34177022724298173
cthor,sol,45,63,0.35260568713088214,0.316147603499343,0.34166826204142037
ain,ody,149,38,0.3775196934510759,0.25794642822321767,0.3416477138827184
ody,l,38,156,0.38370830971006215,0.24324052952354128,0.34156797565410585
shar,chl,34,33,0.3254297806260789,0.37871720866357655,0.34141600903732816
cthol,al,55,311,0.39335946109923486,0.21995959036179827,0.3413394998780039
r,ody,196,38,0.3436356776310197,0.33597506106255437,0.3413374926604801
dair,shedy,93,255,0.33300694684812837,0.36057466942424715,0.341277263620964
cho,sal,77,48,0.3312651485741685,0.3645966106316679,0.3412645871914183
chcthy,o,84,114,0.3349073131635671,0.3560903178484481,0.3412622145690314
sal,chckhy,48,141,0.38039051252485917,0.24941485474330188,0.34109781519039195
shody,kar,50,58,0.34954630251852364,0.3204955402253638,0.34083107383057565
ches,chedy,44,341,0.3281119670686622,0.37034803548366374,0.3407827875931626
shar,cthol,34,55,0.29462062179201354,0.4481920619977346,0.3406920538537298
sho,qo,118,51,0.37587187945181794,0.2582860565800981,0.34059613259030197
daly,lor,33,38,0.349599646309979,0.31947317069844305,0.34056170362651816
ckhy,sol,38,63,0.3277700473317191,0.3700978284148701,0.3404683816566644
s,chedy,328,341,0.2638440758010017,0.5189614856495947,0.3403792987555796
sy,dol,40,97,0.3364552096383896,0.3495265180849011,0.340376602172343
sheo,o,46,114,0.3150298598670734,0.3994062048287385,0.3403427633555729
chdy,ckhy,108,38,0.3376400907917278,0.34619481837937316,0.3402065090680214
she,shcthy,41,30,0.38671118554640427,0.23131058591418432,0.3400910056567383
sy,lor,40,38,0.34725598579463,0.3228299910587152,0.33992818737385555
r,ckhy,196,38,0.33443274167694104,0.35240455444260316,0.3398242855066396
d,dor,53,63,0.37134362654611125,0.2662036094836575,0.3398016214273751
am,chckhy,115,141,0.3283937769618154,0.36593200514630836,0.33965524541716324
char,qol,79,147,0.3948164457691559,0.21080926199600428,0.33961429063721044
chor,l,215,156,0.38471643221493657,0.2340080878710077,0.3395039289117579
y,sal,210,48,0.36614518702609694,0.27732415259800697,0.3394988766976699
sor,chl,43,33,0.34755868328604034,0.3198327992569234,0.3392409180773052
tol,lol,42,35,0.35825595194848936,0.29485463678702656,0.3392355574000505
chcthy,sheo,84,46,0.3398142367142899,0.33754111167367273,0.33913229920210475
kal,chos,30,42,0.3065966247579477,0.41487608396567455,0.33908046252026575
ckhy,shcthy,38,30,0.3470810871512607,0.32027989850707084,0.3390407305580037
ody,lor,38,38,0.3430892069189936,0.32928896671073093,0.3389491348565148
dam,sheo,59,46,0.31246621438986827,0.4007267036076356,0.33894436115519844
kol,she,35,41,0.33225158166081553,0.35443776058163756,0.33890743533706214
shar,qoty,34,84,0.34403497943032985,0.3268167766951292,0.33886951860976966
tol,o,42,114,0.3687136325122057,0.269047619047619,0.33881382847282965
oly,sheo,65,46,0.33164176070556106,0.35541528157802593,0.33877381696730047
sho,kal,118,30,0.37227868037108575,0.2605398667483188,0.3387570362842557
am,qoty,115,84,0.39614638516092066,0.204332280769647,0.33860215384353853
she,sal,41,48,0.3562678138360488,0.29686121720171016,0.3384458348457472
ody,sol,38,63,0.3702266498090822,0.26385471757337264,0.3383150701383693
chal,cthor,59,45,0.3508238876542565,0.30830263014755815,0.338067510402247
shar,tol,34,42,0.34423552065688584,0.32357656669003054,0.3380378344668292
sal,qoty,48,84,0.3332902204540614,0.34910425402992123,0.33803443052681936
chor,aly,215,39,0.3228985488698628,0.37334333162499705,0.3380319836964031
ckhy,qoty,38,84,0.3596916635734534,0.2874006244647551,0.33800435184084393
cthor,cheo,45,75,0.3671074602540002,0.27001509341758984,0.3379797502030771
shey,lol,344,35,0.3561358581691129,0.29512020589102234,0.33783116248568573
d,lol,53,35,0.3968203903718884,0.2001182032273592,0.3378097342285296
daly,qol,33,147,0.27797914443343014,0.47696235019234595,0.3376741061611048
ches,shckhy,44,55,0.32931407869791124,0.3568901988498531,0.3375869147434938
ckhy,kar,38,58,0.3890819597658024,0.21736334584930547,0.33756637559085334
cthol,chcthy,55,84,0.3147741059226253,0.39063262961805595,0.3375316630312545
qoty,o,84,114,0.3095137999601897,0.40265880903731627,0.33745730268332763
shcthy,shedy,30,255,0.37021933577488997,0.2605330799138414,0.3373134590165754
chdy,kol,108,35,0.3592907300537621,0.28583514503858726,0.33725405454920965
lol,o,35,114,0.33428702630058066,0.3431876713662333,0.33695721982027643
she,cthey,41,47,0.31624865775312855,0.38493275821428424,0.33685388789147525
or,kal,390,30,0.2815719601360271,0.4657932099686569,0.336838335085816
ckhey,sor,32,43,0.3525821049349935,0.29941883598775537,0.33663312425082204
cthol,tar,55,43,0.34253906088774155,0.32242525156145424,0.33650491808985533
sho,she,118,41,0.31904895971056474,0.37702205647410225,0.33644088873962597
cthey,chl,47,33,0.3500330859763466,0.3045820446186546,0.336397773569039
cthey,shckhy,47,55,0.2915402911634149,0.4407496533652256,0.3363030998239581
kar,chl,58,33,0.3533029283807915,0.2965592839068134,0.3362798350385981
kchy,chcthy,36,84,0.4019157311051022,0.18312168227186015,0.33627751645512954
cheo,sol,75,63,0.3458933363728868,0.3138211685303443,0.336271686020124
lol,qo,35,51,0.30975900009223,0.39783472581043156,0.33618171780769046
kal,ches,30,44,0.2872295221281161,0.4495752712597768,0.3359332468676143
ar,ckhy,449,38,0.3443073948009887,0.3161206707971582,0.3358513775998395
cho,am,77,115,0.2964890812666724,0.42764396315302267,0.33583554583257746
ain,dor,149,63,0.39488658053763126,0.19796378054686775,0.3358097405404022
lol,sar,35,77,0.35152245655423275,0.29907848218242356,0.33578926424268996
chy,sal,197,48,0.32647456411815173,0.3570015602824408,0.33563266296743843
sheo,lor,46,38,0.36165037560382324,0.2743740571994776,0.33546748008251953
kchy,lor,36,38,0.37255918014942374,0.2486342522839818,0.33538170178979115
dam,ches,59,44,0.3503824441133674,0.2999999999999999,0.3352677108793571
chdy,chos,108,42,0.3084418741265572,0.39774756441743314,0.33523358121381996
oky,shedy,103,255,0.31015488905468114,0.39298231729428296,0.33500311752656164
ar,dam,449,59,0.34967968205444366,0.3004238548484698,0.33490293389265147
or,shody,390,50,0.31580105922262736,0.3794643379220439,0.3349000428324523
ody,ches,38,44,0.3218354886495758,0.3653347309644333,0.334885261344033
chckhy,aly,141,39,0.3505030962609183,0.29842428499881407,0.334879452882287
chdy,shor,108,91,0.35970513458087217,0.27657998495668334,0.33476758969361553
cthol,kar,55,58,0.3275083787538556,0.3515066333848191,0.3347078551431446
ckhey,dair,32,93,0.3584345899740585,0.279272963747025,0.33468610210594846
dal,shcthy,190,30,0.3584625888932239,0.2790112892480324,0.3346271989996664
am,qoky,115,137,0.39582477955424605,0.1915258211775817,0.3345350920412467
ckhy,l,38,156,0.38213135211286287,0.22338875108890419,0.3345085718056752
chdy,sal,108,48,0.3254701143224262,0.3553067656649289,0.33442110972517697
lol,dy,35,204,0.3567600959290392,0.2822712951567012,0.33441345569733777
ain,ckhy,149,38,0.3841884740321294,0.21751537402661433,0.3341865440304749
al,cthor,311,45,0.3650066933359805,0.2621992369302322,0.334164456414256
cthol,o,55,114,0.33017956972892254,0.34272610073384197,0.33394352903039837
sy,kar,40,58,0.313172353628035,0.38217896711957994,0.33387433767549846
kol,ches,35,44,0.3385016001931651,0.3226020335832868,0.3337317302102016
cthy,cheo,100,75,0.3523273479020122,0.28963412394484606,0.3335193807148623
sho,chos,118,42,0.34887539963354036,0.29760328626361054,0.3334937656225614
oty,l,114,156,0.3755356655730635,0.23534469797654606,0.3334783752941083
oly,sar,65,77,0.29007971719541403,0.4345053388656606,0.33340740369648797
shar,l,34,156,0.371071560182711,0.2452937237054634,0.3333382092395367
cthy,tar,100,43,0.3076710642546003,0.3929238513012954,0.3332469003686088
chl,shedy,33,255,0.23931591394591212,0.5522806226854683,0.33320532656777896
chcthy,ody,84,38,0.33515049933262264,0.3282657669481543,0.3330850796172821
kol,sor,35,43,0.3450670074158844,0.30493580141702464,0.33302764561622644
oty,shckhy,114,55,0.3105286692555887,0.38535391961434207,0.3329762443632147
tol,dam,42,59,0.3553210713221074,0.28064934819640214,0.3329195543843958
tar,daly,43,33,0.2992881910137398,0.4112767887187114,0.3328847703252313
kchy,shcthy,36,30,0.39183151476499467,0.19498023640345707,0.3327761312565334
qoky,o,137,114,0.3534256329725122,0.2845634095668792,0.33276696595082234
chody,chos,80,42,0.3016344858304279,0.4050256296046829,0.3326518289627044
ar,sho,449,118,0.331534253782094,0.33475827281820464,0.3325014594929272
shody,l,50,156,0.38936749123741116,0.19912284152009688,0.33229409632221685
chal,kchy,59,36,0.3933510075855762,0.18966850756968356,0.3322462575808084
chol,d,367,53,0.3504269857936906,0.289636273509574,0.33218977210845557
she,ckhy,41,38,0.3260736358896437,0.34641684374410775,0.3321765982459829
ar,sol,449,63,0.3652710662566984,0.25477236827555216,0.3321214568623545
tar,shcthy,43,30,0.3337035028287255,0.32839758350439474,0.3321117270314263
am,chl,115,33,0.24928137888463198,0.5241620106390092,0.33174556841094516
ckhy,lol,38,35,0.385685746267845,0.20561645650041616,0.3316649593376163
cheo,shedy,75,255,0.22313771604316351,0.5840450487128064,0.3314099158440563
r,kal,196,30,0.27694113761021183,0.4581929813943623,0.331316690745457
shar,qoky,34,137,0.33232866653443266,0.32882980544390417,0.3312790082072741
sho,char,118,79,0.31380889930780625,0.3718102754577106,0.33120931215277755
s,shor,328,91,0.3362115274400703,0.3194469313373261,0.33118214860924705
dam,tar,59,43,0.29407444535655375,0.4175514692678177,0.3311175525299329
sheo,cheo,46,75,0.329012961140387,0.33518893233251623,0.33086575249802574
d,she,53,41,0.3913364886533895,0.1891751411854982,0.3306880844130221
dor,shedy,63,255,0.28839542014086755,0.42908568811850656,0.33060250053415924
shey,aly,344,39,0.30447629504316154,0.39080938490115047,0.3303762220005582
qoky,shcthy,137,30,0.3537058788568718,0.2757993956033293,0.330333933880809
sy,shcthy,40,30,0.3525834206158178,0.27834381081058973,0.33031153767424937
kchy,sol,36,63,0.3868686833045014,0.19815320371467632,0.3302540394275538
ar,shor,449,91,0.3010822108521157,0.39829457281182795,0.33024591944002935
chal,am,59,115,0.331438140751014,0.3273964349370319,0.33022562900681934
chl,key,33,33,0.3489283537770517,0.2860387767736776,0.33006148067603946
chcthy,cheo,84,75,0.3076544448597404,0.3819955421496269,0.32995677404670637
char,lol,79,35,0.3804457819785671,0.21204200106469623,0.3299246477044058
chl,sol,33,63,0.3502254852037321,0.28250858038812937,0.3299104137590513
am,cthey,115,47,0.3083581818753752,0.38003537871239884,0.3298613409264823
lol,sheo,35,46,0.3716707584222625,0.23221616906671472,0.3298343816155982
sy,chcthy,40,84,0.3204468796637013,0.3514825486856325,0.32975758037028063
ar,sy,449,40,0.35606103645925835,0.2677268954760039,0.329560794164282
or,shor,390,91,0.30405714123903077,0.3888987526499125,0.3295096246622953
ckhy,lor,38,38,0.3467920314105206,0.2891807296941918,0.32950864089562193
chdy,ches,108,44,0.31028421254434063,0.374234066278895,0.32946916866470694
d,dol,53,97,0.3601833977341444,0.25777609469320456,0.3294612068218624
sal,qol,48,147,0.37846537527328294,0.21500586821772197,0.3294275231566146
o,air,114,95,0.29290512230323645,0.4144659604848015,0.3293733737577059
chcthy,chos,84,42,0.334832625520404,0.31561444353984724,0.32906717092623694
qo,cthor,51,45,0.36864380447311945,0.2355096260175284,0.3287035509364421
lol,ches,35,44,0.3466624324178234,0.2866856802236258,0.3286694067595641
ckhey,sol,32,63,0.35548428649087377,0.26567577458712666,0.32854173291974964
chdy,r,108,196,0.3041649183843458,0.38482484661810973,0.32836289685447495
d,qo,53,51,0.3741663045247855,0.2212103645732869,0.3282795225393359
chos,chl,42,33,0.3375199026004125,0.30664510644057,0.32825746375245973
sheo,sol,46,63,0.3425320022179013,0.29489603124177544,0.32824121092506353
shody,ain,50,149,0.40037030514486144,0.15976849627186335,0.328189762482962
cthol,sol,55,63,0.34756651773913305,0.28260947127300334,0.3280794037992941
dol,qo,97,51,0.3599520400518953,0.2529188482058094,0.3278420824980695
qo,air,51,95,0.38949605380019703,0.18305494709359504,0.3275637217882164
kar,aly,58,39,0.37019019145515114,0.2271360051523312,0.3272739355643051
lol,dor,35,63,0.3665402338726201,0.23553682162163653,0.327239210197325
kchy,chedy,36,341,0.3805111194527374,0.2024292434177283,0.3270865566422346
kar,sol,58,63,0.35417792215126925,0.26336685298914064,0.32693460140263064
dam,key,59,33,0.29906725859840105,0.39131189606246314,0.32674064983761963
chcthy,sar,84,77,0.32972408264851133,0.31971492969259935,0.3267213367617377
dor,ody,63,38,0.3707567177177203,0.22279453444856465,0.3263680627369736
chol,qol,367,147,0.36944685920192605,0.22569988311594316,0.32632276637613117
dair,shckhy,93,55,0.30631344253860515,0.37288586962373366,0.3262851706641437
or,ckhey,390,32,0.3306887341919009,0.31547741557719994,0.3261253386074906
ar,shody,449,50,0.3238022076811888,0.3313286837632368,0.32606015050580317
char,kol,79,35,0.3374204456637045,0.2993051434983588,0.32598585501410077
chol,air,367,95,0.31640780956599923,0.3479450698897634,0.3258689876631285
shor,shckhy,91,55,0.34190307764015904,0.28789343228009934,0.3257001840321411
cho,qol,77,147,0.3907046766896666,0.1739927740589924,0.32569110590046435
cho,aly,77,39,0.28511240114923325,0.42029898562248863,0.32566837649120983
chody,sar,80,77,0.28289694472949534,0.4241865901553191,0.32528383835724245
chl,lor,33,38,0.3628925156406677,0.23721733771654935,0.32518996226343216
dam,shckhy,59,55,0.30050713505100085,0.3818534729839866,0.3249110364308966
chos,qoky,42,137,0.3486979462127777,0.26901379342448517,0.32479270037628993
shor,shcthy,91,30,0.3398968845790322,0.2888375671614558,0.3245790893537593
kchy,aly,36,39,0.39197797103440374,0.16667104267041333,0.3243858925252066
d,qoky,53,137,0.38955653502820436,0.17155259005160914,0.32415535153522573
chor,lor,215,38,0.35631825388385274,0.2483779500153129,0.32393616272329073
kol,ain,35,149,0.4051354606817373,0.13393485974444028,0.32377528040054815
sho,chal,118,59,0.3150166222650353,0.3438841209103706,0.32367687185863586
shol,aly,176,39,0.3377065667952599,0.29032320937699047,0.32349155956977904
kar,qoky,58,137,0.36089375454051864,0.23607383401013793,0.3234477783814044
kar,shedy,58,255,0.29299617849000964,0.39416815129303545,0.32334777033091733
am,ody,115,38,0.25905724413284575,0.4729960087784493,0.3232388735265268
oly,aly,65,39,0.2942223440394049,0.39054901315611984,0.32312034477441937
shey,kchy,344,36,0.37623144378045165,0.1970506819446971,0.3224772152297253
sal,oty,48,114,0.3500353588928517,0.2581744979952058,0.32247710062355794
ar,ckhey,449,32,0.36136049923949115,0.23156319471206727,0.32242130788126394
sor,shcthy,43,30,0.28794215930615763,0.40275204167989814,0.3223851240182798
sy,qo,40,51,0.3402069087198859,0.2806575806191598,0.3223421102896681
kol,chcthy,35,84,0.35586155995237184,0.24350957853720587,0.32215596552782205
kchy,shor,36,91,0.3790505974547104,0.18934056017974232,0.32213758627221994
kol,o,35,114,0.2824048513718777,0.41446565814525793,0.3220230934038918
cthol,ches,55,44,0.29484505132868943,0.3850485974007027,0.3219061151502934
r,shor,196,91,0.3295565945196606,0.3039277176046937,0.3218679314451705
cthy,lol,100,35,0.3852731440529158,0.17146795414172977,0.32113158707955997
shar,shor,34,91,0.3187852511749617,0.32653965580946276,0.321111572565312
ckhey,oly,32,65,0.3063857527128991,0.3549794900639896,0.32096387391822623
tol,air,42,95,0.3813260621770261,0.17954709267033395,0.3207923713250184
oly,lor,65,38,0.3379113197434799,0.2801389778539403,0.320579617176618
oly,o,65,114,0.26808713342056545,0.4422600170170639,0.32033899849951497
oly,chos,65,42,0.29741654274313306,0.37351936241960676,0.32024738864607516
am,sheo,115,46,0.2842442990441433,0.40409470078693954,0.32019941956698217
qoty,air,84,95,0.39650833953227776,0.1413660643614183,0.31996565698101986
shedy,lor,255,38,0.31461475874497796,0.33231462146049967,0.3199247175596345
sho,d,118,53,0.3383258822163364,0.27693890293621176,0.319909788432299
kol,dam,35,59,0.29327786272050044,0.3820287239802081,0.31990312109841273
chor,sar,215,77,0.3324486297151202,0.2904340780863877,0.3198442642265004
cthey,shedy,47,255,0.3560456522623554,0.234190651616833,0.31948915206869866
cho,shedy,77,255,0.26469489994661766,0.4468964922695429,0.3193553776434952
shody,lor,50,38,0.35212588825032226,0.2427996858958119,0.3193280275439691
ody,kar,38,58,0.2992910670126346,0.3658779446132142,0.31926713029280845
shar,shedy,34,255,0.2987964628472412,0.36701733743515835,0.3192627252236163
d,cthor,53,45,0.3492561213964132,0.24901927385304254,0.319185067133402
kchy,ches,36,44,0.3233726998195389,0.3091471210379341,0.3191050261850574
shor,chedy,91,341,0.3455872014850102,0.2570736103146238,0.3190331241338943
kol,oly,35,65,0.3430386928528455,0.2628000843346807,0.31896711029739605
kal,qo,30,51,0.2791416879780108,0.41042443232342,0.31852651128163356
chdy,o,108,114,0.28208430361313463,0.4033046884393631,0.31845041906100313
shey,chos,344,42,0.2706535922602303,0.4285288464976451,0.3180161685314547
cheo,qol,75,147,0.3688497371932362,0.1992062234561711,0.31795668307211666
she,aly,41,39,0.2704813730373557,0.4279300031444873,0.31771596206949515
char,dam,79,59,0.292945601156924,0.37502881795170523,0.31757056619535834
kol,cheo,35,75,0.346014325745716,0.25067662911077465,0.3174130167552336
ain,chos,149,42,0.33861866113309663,0.2664288584394278,0.316961720324996
shckhy,lor,55,38,0.3220425013724723,0.30506724451454,0.3169499243150926
sal,shy,48,94,0.31164243188035656,0.32878779432831495,0.3167860406147441
shar,shcthy,34,30,0.31897310289882935,0.31127766320887973,0.3166644709918444
chdy,aly,108,39,0.27025177453177013,0.4246364057132492,0.31656716388621386
shody,kal,50,30,0.30779201806441203,0.33649667009455825,0.31640341367345587
oty,sol,114,63,0.32248162316211654,0.30197707384907824,0.31633025836820505
ches,sol,44,63,0.3437199207697262,0.25227535976162463,0.3162865524672957
dor,o,63,114,0.33389781787987893,0.275,0.31622847251591524
chol,sar,367,77,0.32125734816842,0.30392246015307867,0.3160568817638176
chor,air,215,95,0.26514900486852466,0.43468422464512785,0.3160095708015056
dam,kar,59,58,0.2782561240803789,0.4040854169041359,0.316004911927506
d,chcthy,53,84,0.31016290826176407,0.3292330275927905,0.315883944061072
she,chos,41,42,0.34716758064090075,0.24271195048676705,0.3158308915946606
ckhy,o,38,114,0.3025697151049566,0.34641016151377524,0.3157218490276022
lol,shedy,35,255,0.33502407010372964,0.26924244152420584,0.31528958152987246
tol,chl,42,33,0.3068951783365303,0.33371190623595715,0.3149401967063583
qo,aly,51,39,0.3407532311662863,0.2547041910591521,0.31493851913414606
shody,shckhy,50,55,0.3071613137221523,0.3328473901497357,0.3148671366504273
shor,kar,91,58,0.33020082316930105,0.2790068685465045,0.31484263678246205
dor,chedy,63,341,0.281967028819265,0.391469039528399,0.3148176320320052
oly,shcthy,65,30,0.281893000628095,0.39157066900960286,0.31479630114254736
shar,kchy,34,36,0.33148095368707964,0.27564734029977306,0.31473086967088765
ar,shckhy,449,55,0.3114163919122877,0.3217112712286268,0.31450485570718945
shody,o,50,114,0.2784263086273174,0.3984925297873176,0.3144461749753174
lol,chedy,35,341,0.3412588368381912,0.2513576668373997,0.3142884858379537
sor,shckhy,43,55,0.3322738698391721,0.27221548228745646,0.31425635357365744
sy,sol,40,63,0.31255242385885307,0.3181818181818182,0.31424124215574256
chol,sal,367,48,0.30820237966649516,0.32765723062442403,0.3140388349538738
shckhy,sar,55,77,0.2936071526304512,0.361648413809844,0.314019530984269
dor,air,63,95,0.3524265236480754,0.22354298331703412,0.313761461548763
cthol,key,55,33,0.36215324569055857,0.2006201565271271,0.3136933189415291
shar,qol,34,147,0.3392164456343267,0.25405201627943635,0.3136671168278596
chal,dam,59,59,0.33886448130579777,0.25483659659102953,0.31365611589136727
char,cthol,79,55,0.28108880556729066,0.3893111741417124,0.3135555161396172
tol,oty,42,114,0.3324827606000898,0.2692766226061611,0.31352091920191116
am,shor,115,91,0.32065601903967333,0.29608470987071067,0.3132846262889845
shar,lol,34,35,0.34078540076839686,0.24869535965276307,0.3131583884337067
sho,am,118,115,0.32628373510230274,0.2823448923245611,0.31310208226898023
tol,shckhy,42,55,0.34177177954647964,0.2459845805977939,0.3130356198618739
sho,chedy,118,341,0.29046848606247216,0.3649060755387136,0.31279976290534456
shol,shckhy,176,55,0.3135797884108413,0.31095303163165544,0.3127917613770855
sho,kar,118,58,0.3216466829253547,0.2917684097603826,0.31268320097586305
o,aly,114,39,0.23975366026786185,0.48271207660997,0.3126411851704943
char,sal,79,48,0.27814140324914144,0.3929897866435241,0.3125959182674562
cthy,chos,100,42,0.3363300311629575,0.2568272005403242,0.31247918197616753
chdy,chl,108,33,0.26715650545619796,0.41799225261217643,0.3124072296029915
ody,tar,38,43,0.2991797086557838,0.34324087940255066,0.31239805987981384
sal,qoky,48,137,0.3172119811710176,0.30114704100565615,0.31239249912140915
cthor,oly,45,65,0.32479818847689507,0.2832465246521764,0.31233268932947944
chor,am,215,115,0.2618578789276044,0.42997309785551746,0.3122924446059783
ckhey,sal,32,48,0.3293035561058757,0.2724772988672779,0.31225567893429634
chody,sal,80,48,0.29130694460241996,0.3608735770540904,0.3121769343379211
tol,lor,42,38,0.32670919327777803,0.27800361776778265,0.3120975206247794
qo,shor,51,91,0.3177778294166827,0.2984846947536454,0.31198988901777147
r,sheo,196,46,0.3244484316500198,0.28156096888350884,0.3115821928200665
chy,am,197,115,0.2792476844850436,0.38682250825680997,0.31152013161657355
sheo,sar,46,77,0.3296862835538494,0.26794754351542277,0.31116466154232136
qoky,chl,137,33,0.34259937976895216,0.23780828644199606,0.3111620517708653
r,shedy,196,255,0.2621875643652618,0.4254154129444791,0.31115591893902694
shar,chody,34,80,0.261071888133174,0.42764678579291904,0.3110443574310975
shol,am,176,115,0.28801786142856184,0.36463182626527846,0.31100205087957683
shar,she,34,41,0.31683995347292104,0.29654621085492516,0.31075183068752227
am,lol,115,35,0.3644765076286299,0.1851062301801485,0.31066542439408545
sal,oly,48,65,0.291471318402429,0.35541528157802593,0.3106545073551081
o,qol,114,147,0.34432741351309437,0.23154194008887619,0.3104917714858289
ain,dy,149,204,0.36242887633758264,0.1890264908788034,0.31040816069994887
shor,key,91,33,0.3460739272260923,0.22714553049650757,0.3103954082072169
sho,ches,118,44,0.29183493904253455,0.3536529207422365,0.3103803335524451
qoty,cheo,84,75,0.3306676022815078,0.26293818809725256,0.31034877802623123
cho,shckhy,77,55,0.2967689350499044,0.34131438156095,0.31013256900321806
chol,shedy,367,255,0.27648203562166335,0.38862381766574255,0.3101245702348871
shody,cheo,50,75,0.3098170504486017,0.3096015056072146,0.30975238699618557
cthor,tar,45,43,0.3434127286971717,0.2308190737502406,0.3096346322130924
or,cthor,390,45,0.29129519031618106,0.3519682050399478,0.3094970947333111
char,shckhy,79,55,0.28393037274699,0.3684105660151212,0.30927443072742933
ckhy,ches,38,44,0.343881651498519,0.22807568594332553,0.30913986183196096
shar,ody,34,38,0.31498894977292907,0.2954116298672168,0.30911575380121536
chal,d,59,53,0.29694092356871316,0.33646214241711,0.3087972892232322
chy,aly,197,39,0.28446698070299686,0.3653904851958253,0.3087440320508454
kol,aly,35,39,0.3619713284645423,0.18448439146733978,0.30872524736538154
r,cthol,196,55,0.3609618704866505,0.186112240775419,0.30850698157328105
tol,ckhy,42,38,0.30961395513936146,0.3058581783206945,0.3084872220937614
cthy,shckhy,100,55,0.280030863907686,0.37464323420911183,0.30841457499811376
dor,chos,63,42,0.3241197957702734,0.2713602101199872,0.3082919200751875
shody,ches,50,44,0.31414934751793555,0.2945941518185897,0.30828278880813176
dam,sol,59,63,0.2929638451576173,0.3440118542203973,0.3082782478764513
sal,ches,48,44,0.2859727437779263,0.35975554288003875,0.30810758350856005
shody,r,50,196,0.323322172003676,0.2714564300992759,0.307762449432356
qo,dor,51,63,0.32734660087046763,0.2618303029194324,0.30769171148515706
cthol,oly,55,65,0.29473866704797635,0.33759063108925036,0.3075942562603585
chal,aly,59,39,0.30874889821896,0.30464400138500247,0.3075174291687727
dair,shcthy,93,30,0.3058149399353262,0.31147666853036593,0.3075134585138381
char,sol,79,63,0.29555755532084105,0.33540310872207746,0.30751122134121195
oky,lol,103,35,0.30703123819035577,0.3085197806998365,0.3074778009432
shody,sal,50,48,0.3237659610491706,0.26900347432386856,0.30733721503157996
dair,sal,93,48,0.30848753099316417,0.3031483284047868,0.3068857702166509
sheo,qol,46,147,0.3571412619718371,0.18824165225700973,0.30647137905738886
cthor,chos,45,42,0.31563058060930477,0.28494380252634915,0.3064245471844181
oty,qol,114,147,0.3275618492296704,0.25690887437927645,0.3063659567745522
tol,shcthy,42,30,0.32593501215961856,0.25998142027431254,0.3061489345940267
qo,oly,51,65,0.31051867186111043,0.29481574767258284,0.30580779460455215
sy,am,40,115,0.27352716859443316,0.38066934190931917,0.3056698205888989
cthor,sal,45,48,0.3440575978909852,0.21608313303036264,0.30566525843279846
cthy,r,100,196,0.30195802106993636,0.3139952773770604,0.30556919796207355
ar,kchy,449,36,0.37774164284660405,0.13627121607767698,0.3053005148159259
am,dair,115,93,0.30193911336452545,0.3128883164567945,0.30522387429220615
sy,kal,40,30,0.27467069204965844,0.3763402090565233,0.3051715471517179
shody,air,50,95,0.35441023309874164,0.19006690809624016,0.3051072355979912
shcthy,aly,30,39,0.33719832014741913,0.22913134203150498,0.3047782267126449
r,aly,196,39,0.309132028023865,0.29277660246769743,0.30422540035701473
cheo,aly,75,39,0.23940737556071282,0.4554064712573357,0.30420710426969966
cthy,o,100,114,0.3037868734380424,0.3049572113054736,0.30413797479827176
cthol,kal,55,30,0.3323953109645388,0.23816163768063325,0.3041252089793671
lol,ody,35,38,0.3534946429027201,0.18881714858148996,0.30409139460635104
dam,shedy,59,255,0.2684026352688985,0.38666374759158123,0.30388096896570327
l,aly,156,39,0.3443132808794595,0.2084131938112145,0.30354325475898597
sho,shedy,118,255,0.2599914774997612,0.40437813687289514,0.3033074753117013
shody,am,50,115,0.28652980064898187,0.3423361312124393,0.30327169981801905
dam,shor,59,91,0.28253758809719953,0.3515357389165011,0.30323703334299
shor,air,91,95,0.31421693123663036,0.2772922204848894,0.30313951801110806
chl,aly,33,39,0.2286626015898832,0.4765398677140269,0.30302578142712633
shar,o,34,114,0.30522210552764434,0.2976279144820379,0.30294384821396236
r,kol,196,35,0.28515864693754367,0.3442991425545487,0.30290079562264516
chos,shcthy,42,30,0.26093757573581505,0.3995004293950528,0.3025064318335864
cthy,kar,100,58,0.2946688360594551,0.3206515118312207,0.30246363879098476
ar,kol,449,35,0.35252941619360006,0.1845022007512872,0.3021212515609062
lor,aly,38,39,0.32776349393875964,0.24202428907450527,0.3020417324794833
or,kol,390,35,0.2898326692946745,0.3297936601751031,0.3018209665588031
ches,shcthy,44,30,0.2815428336762443,0.3491076435556672,0.30181227664007115
am,cheo,115,75,0.23946040894667012,0.4465314464605695,0.30158172020083995
shckhy,air,55,95,0.3574725502801882,0.1709188562809716,0.3015064420804232
shar,shckhy,34,55,0.2657066217587098,0.3847971570673493,0.30143378235130164
sal,lor,48,38,0.27708752924475055,0.357517710896289,0.3012165837402121
or,dam,390,59,0.2302786586483321,0.46657943887799624,0.30116889271723135
d,am,53,115,0.28262704891869045,0.34442938648868077,0.30116775018968756
shody,d,50,53,0.29594129971365624,0.3131692428555514,0.3011096826562248
qoty,kar,84,58,0.28774287144893285,0.3321501057942946,0.30106504175254134
chody,air,80,95,0.32724214016635084,0.23987375198509125,0.30103162371197295
dor,shcthy,63,30,0.30879044909195275,0.2825587541402397,0.3009209406064388
sy,l,40,156,0.3240258153841841,0.24699362886506127,0.30091615942844724
kol,sal,35,48,0.3325869767805078,0.22692581263127037,0.30088862753573653
sar,chedy,77,341,0.289841307809852,0.3257015711950461,0.3005993868254102
am,sor,115,43,0.32244108604248,0.24934123732663838,0.3005111314277275
cthol,lol,55,35,0.3647891777289972,0.15020421467358114,0.3004136888123724
kal,chl,30,33,0.26841419770084635,0.37506431695442194,0.300409233476919
sol,shcthy,63,30,0.2862358512361542,0.33292102861658784,0.3002414044502843
sal,chos,48,42,0.2519649750160992,0.41272589836126133,0.30019325201964786
ain,oty,149,114,0.332706285308133,0.2241776514851461,0.3001476951612369
chedy,aly,341,39,0.2946303607801171,0.31129192558264457,0.29962883022087533
cthor,key,45,33,0.363939441360089,0.14937913640817463,0.29957134987451467
tol,shedy,42,255,0.2966391039139483,0.30607727416259556,0.29947055498854247
tol,sal,42,48,0.2795600422448767,0.3455627124272789,0.29936084329959733
dam,chl,59,33,0.2741579866172354,0.35787263102548883,0.2992723799397114
ody,sar,38,77,0.24452972645697454,0.4266664761582487,0.29917075136735677
char,kchy,79,36,0.34739413249916773,0.1865402551437067,0.2991379692925294
lol,daly,35,33,0.2963884582385092,0.30406056993414854,0.29869009174720096
sho,aly,118,39,0.30801794636883095,0.2767955215570182,0.2986512189252871
ckhey,chdy,32,108,0.3293712992964199,0.22680185946664125,0.2986004673474863
d,kal,53,30,0.2671566973138278,0.36835917054239564,0.29751743928239816
lol,air,35,95,0.352801882578018,0.1677353866030051,0.2972819337855141
kar,shcthy,58,30,0.2913024633387329,0.311231247500525,0.29728109858727053
sho,lor,118,38,0.3193824294724583,0.24542783910115604,0.2971960523610676
chol,lor,367,38,0.332260395866261,0.2151022764784078,0.297112960049905
ckhey,qol,32,147,0.30066754811656526,0.2885977588699855,0.2970466113425913
ckhy,aly,38,39,0.31404584815832925,0.25690813732655726,0.29690453490879765
daly,shedy,33,255,0.28319914451331635,0.32800006832911804,0.29663942165805685
cthor,shckhy,45,55,0.2488856120399858,0.40782872375406287,0.2965685455542089
chor,sal,215,48,0.25504942220627075,0.39275942653990387,0.29636242350636066
sal,daly,48,33,0.2980331727896923,0.2924586144042273,0.29636080527405284
chcthy,aly,84,39,0.2996614899299015,0.28745999044971693,0.2960010400858461
kol,chl,35,33,0.2991794171641243,0.28733325827408374,0.2956255694971121
chor,shedy,215,255,0.20987224920479516,0.495338168848751,0.2955120250979819
shor,l,91,156,0.3392427360720746,0.19249023433204687,0.29521698555006626
qo,chl,51,33,0.3041093516182034,0.2743627647590266,0.2951853755604503
d,qol,53,147,0.35997686813488644,0.14400157392970914,0.29518427987333323
char,tol,79,42,0.30651072153061104,0.26797915133201966,0.2949512504710336
chol,aly,367,39,0.29989871897980214,0.28294042878090375,0.2948112319201326
kchy,qol,36,147,0.3311140673480191,0.20917019697172068,0.29453090623512956
sho,shcthy,118,30,0.2990984800348376,0.28362340781969725,0.2944559583702955
ckhey,char,32,79,0.29071253829623356,0.30306200235046654,0.2944173775125034
d,tol,53,42,0.3267569220127002,0.2187974872468418,0.29436909158294267
or,kchy,390,36,0.3320525642393862,0.20634000458299678,0.29433879634246934
cthy,d,100,53,0.3014231867745449,0.2774233465358455,0.29422323470293504
shar,ain,34,149,0.33538524594585806,0.19787757539749182,0.29413294478134816
cthy,l,100,156,0.33649871345451526,0.19423293476856698,0.29381897984873073
ain,daly,149,33,0.28662154843494225,0.3094028201311444,0.2934559299438029
shar,air,34,95,0.33053488464736575,0.20660221475319993,0.29335508367911595
s,shedy,328,255,0.19946294069323506,0.5120598930092987,0.2932420263880541
shor,qol,91,147,0.3446026542371574,0.17328350249192565,0.29320690871358784
shcthy,key,30,33,0.31822691696254796,0.2346674398791821,0.2931590738375382
sho,ain,118,149,0.3325539622883331,0.20092611262544652,0.29306560738946713
char,shor,79,91,0.27491047834778165,0.33438838429236356,0.2927538501311562
s,am,328,115,0.25275551854162914,0.38595245822932295,0.2927146004479373
kar,shckhy,58,55,0.32680824983222184,0.21289190142339567,0.29263334530957397
chdy,sar,108,77,0.2693581871956449,0.34619481837937344,0.2924091765507635
lol,shor,35,91,0.3088611981080018,0.25295595903761653,0.2920896263868862
kol,d,35,53,0.31097916806964243,0.24747744982781708,0.2919286525970948
she,lol,41,35,0.2877019344476209,0.29754498629270254,0.2906548500011454
am,o,115,114,0.1877458218851396,0.5305482838361476,0.29058656047044196
sho,qol,118,147,0.35703099531855853,0.135356554431499,0.2905286630524406
ckhey,kar,32,58,0.32155984714220426,0.21709709242867267,0.29022102072814476
sal,l,48,156,0.3214347323969579,0.21731978681236838,0.290200248721581
chy,qol,197,147,0.3278219294949331,0.20231880738710137,0.2901709928625836
shor,shedy,91,255,0.29208205300422363,0.28451951429484534,0.2898132913914101
am,lor,115,38,0.28305291818878175,0.3054046741438785,0.2897584449753108
cthy,sal,100,48,0.3140076211787702,0.2326374555635341,0.2895965714941994
or,shckhy,390,55,0.24573648170782866,0.391550947739633,0.2894808215173699
shor,ches,91,44,0.2998648105810133,0.26446496514928214,0.28924485695149393
or,sal,390,48,0.24761588027786577,0.38587434612488475,0.28909342003197147
dam,sor,59,43,0.28876103703224304,0.2897671730497771,0.28906287783750323
tol,am,42,115,0.3211504773426945,0.2139146745918302,0.2889797365174352
cthy,ches,100,44,0.2747053201172495,0.32190571239298144,0.2888654377999691
cthol,chedy,55,341,0.30294345489542723,0.2556994282500867,0.28877024690182507
or,cthy,390,100,0.26549169639882336,0.34307329209595655,0.2887661751079633
sheo,shedy,46,255,0.3006627275548392,0.2605469792479439,0.2886280030627706
char,cthor,79,45,0.27030795070880076,0.331286848563084,0.2886016200650857
sy,aly,40,39,0.2992218744656383,0.26288034617549194,0.2883194159785944
cthor,ches,45,44,0.2815513450058588,0.3040280998556857,0.2882943714608069
kchy,ain,36,149,0.3547722402170554,0.1318883251910062,0.28790706570924063
ody,chos,38,42,0.2889761290822036,0.28538432529415914,0.28789858794579026
ckhey,tar,32,43,0.2627628101548096,0.34597588666248136,0.28772673310711117
shor,sar,91,77,0.2921594885593887,0.2769820743832575,0.28760626430654934
chos,chedy,42,341,0.24572787339662475,0.38435860046319675,0.28731709151659635
am,sar,115,77,0.26093986333950964,0.34863164241397787,0.2872473970618501
ar,sal,449,48,0.27974133671343293,0.3043899723782623,0.28713592741288174
ckhy,sar,38,77,0.2789360893347254,0.3055555555555555,0.2869219292009744
kol,chos,35,42,0.2820380374088831,0.2981061494959076,0.28685847103499046
ckhy,shedy,38,255,0.29691033898378455,0.2634035836569341,0.2868583123857294
dam,aly,59,39,0.30496877279641654,0.24425851582545674,0.2867556957051286
am,kar,115,58,0.3023334605997566,0.2503662881538148,0.28674330886597404
sal,ody,48,38,0.251617878072073,0.36862269867724473,0.2867193242536245
ches,shedy,44,255,0.2617016507795642,0.3450457411714187,0.2867048778971205
ckhy,shckhy,38,55,0.26127391118505217,0.3457167656243882,0.28660676751685293
o,chedy,114,341,0.25549412920165687,0.3581962250459223,0.2863047579549365
cthy,char,100,79,0.2676416924937275,0.32932816661372327,0.2861476347297262
ar,cthol,449,55,0.31271316650981595,0.22383273662240172,0.2860490375435917
shol,air,176,95,0.3108146241741418,0.22821553344198647,0.2860348969544952
sy,sal,40,48,0.28158556256119427,0.2948960312417755,0.2855787031653686
kchy,chl,36,33,0.3142332431491134,0.21835343152677034,0.28546929966241047
sal,sheo,48,46,0.26382055350705647,0.3354430379746837,0.2853072988473446
dy,air,204,95,0.31958969369904133,0.20508988338461195,0.2852397506047125
tol,aly,42,39,0.2869720215917757,0.2807175161069358,0.28509566994632374
cthol,lor,55,38,0.33361148223454784,0.1715945434167374,0.2850064005892047
kol,shedy,35,255,0.32241201806971614,0.1973314134947937,0.2848878366972394
sho,air,118,95,0.2906564345335283,0.2707238605967309,0.28467666235248906
dam,sal,59,48,0.28847499333941956,0.2749380522509787,0.2844139110128873
kal,aly,30,39,0.24076421718101165,0.38586886416668487,0.2842956112767136
qoty,lor,84,38,0.293639767756039,0.26159440460784583,0.28402615881158105
sy,chedy,40,341,0.26561960519375655,0.3262811130671326,0.28381805755576933
shor,chos,91,42,0.2501896076992851,0.3621149308600281,0.283767204647508
chy,shckhy,197,55,0.24628981826500615,0.37030425372502085,0.28349414890301056
dam,sar,59,77,0.2752859860231163,0.30123203803835463,0.2830698016276878
d,ain,53,149,0.3326359952825953,0.16736081368045985,0.28305344080195466
d,sheo,53,46,0.27686117356267165,0.2953996867853253,0.28242272752946773
chdy,cthor,108,45,0.31714556147968975,0.20067325270481898,0.2822038688472285
cthor,chedy,45,341,0.29401209351262464,0.25320923156904307,0.28177123492955014
qoty,chl,84,33,0.3081024971182236,0.219910283159217,0.28164483293052156
oty,air,114,95,0.32171698612968713,0.1850365078064296,0.28071284263270985
shody,shedy,50,255,0.3029951172676194,0.22712535127512368,0.28023418746987067
sy,shckhy,40,55,0.2786704957883593,0.28302088303232886,0.2799756119615502
r,qoty,196,84,0.2713948842284935,0.2997926154726429,0.2799142036017383
chdy,cthol,108,55,0.30001720069025095,0.23242619826767205,0.27973989996347726
ar,cthy,449,100,0.3162420974796926,0.19365748434497587,0.2794667135392776
cthol,l,55,156,0.312715040196708,0.2016406888286795,0.2793927347862994
qoty,aly,84,39,0.31206703383169526,0.20272291105872664,0.2792637969998047
chcthy,air,84,95,0.30866938045016284,0.2092864748136766,0.27885450875921697
s,qoty,328,84,0.2547895947016472,0.3346419936720512,0.2787453143927684
d,sol,53,63,0.3079570037399368,0.20778573145475318,0.2779056220543817
qoky,aly,137,39,0.32622733208980537,0.1645816971491555,0.2777336416076104
r,cthor,196,45,0.3039895708501088,0.216382617070562,0.27770748471624473
ain,shcthy,149,30,0.3439539164981083,0.12269200222499752,0.2775753422161751
ody,shedy,38,255,0.2721727814369662,0.2901265089629757,0.27755889969476905
shody,sar,50,77,0.27468252340779037,0.28406573561708476,0.27749748707057864
chos,aly,42,39,0.2564112970341855,0.32629146642941975,0.27737534785275575
ches,aly,44,39,0.29841883878119635,0.2273378141705089,0.2770945313979901
dam,qo,59,51,0.26352313834736485,0.30805512361211185,0.2768827339267889
chl,air,33,95,0.2837144678600385,0.25887804156980104,0.27626353997296726
r,dam,196,59,0.21328213601060983,0.4200416962223758,0.27531000407413964
dor,shckhy,63,55,0.27539681383742337,0.27484046409099655,0.2752299089134953
chdy,d,108,53,0.24945314018682976,0.3352809260656835,0.2752014759504859
chol,shckhy,367,55,0.261584930349122,0.3060704614614101,0.2749305896828084
dam,ody,59,38,0.28066081273180743,0.26095337926030965,0.27474858269035807
shor,lor,91,38,0.2955017027175863,0.22574256523687242,0.27457396147337215
kol,lol,35,35,0.2495813740864135,0.331885347270393,0.2742725660416073
shor,o,91,114,0.25135962731326,0.3276639549116288,0.27425092559277064
kal,cthor,30,45,0.30261718761258893,0.20727120474913896,0.2740133927535539
cthol,sar,55,77,0.2957831138966927,0.22119949915517678,0.2734080294742379
qoty,chos,84,42,0.23500997571679483,0.36188386216217194,0.27307214165040794
ckhey,shedy,32,255,0.311123626654524,0.18404243199558146,0.27299926825684123
kchy,sal,36,48,0.28124026617747205,0.2528860821578173,0.2727340109715756
cthy,shedy,100,255,0.30973655309771037,0.1863279647294811,0.27271397658724156
am,ckhy,115,38,0.24850831627684472,0.32847952435536637,0.2724996787004012
chos,sol,42,63,0.25182954872986185,0.32069712861388977,0.2724898226950702
chl,qol,33,147,0.3103514597116999,0.18372013145551125,0.2723620612348433
sal,chl,48,33,0.2758874070814733,0.26281865967072465,0.2719667828582487
sy,ain,40,149,0.320494837448937,0.15846690344283093,0.27188645724710514
r,sal,196,48,0.2250971808478459,0.3796658360903064,0.27146777742058403
ain,cthor,149,45,0.3385777734874109,0.111512362691566,0.27045815024865744
char,shcthy,79,30,0.2622715978671771,0.2880983383605681,0.27001962001519436
ar,qoty,449,84,0.2847438300004661,0.2351496612062416,0.26986557936219874
kol,shckhy,35,55,0.2755192660028192,0.2561525597582677,0.2697092541294537
shody,qol,50,147,0.3177868239752207,0.1570898788813218,0.269577740447051
r,shckhy,196,55,0.2575510796540285,0.2974020141467197,0.2695063600018358
cthol,shckhy,55,55,0.26230186322943044,0.2860265469718277,0.2694192683521496
cthol,sal,55,48,0.2757159764474178,0.25392972463937513,0.269180100905005
ckhey,ain,32,149,0.3284438383762674,0.12899453635748387,0.2686090477706323
sol,aly,63,39,0.28093983650885507,0.23853957338146498,0.26821975757063804
ckhey,lol,32,35,0.30207399858925404,0.18906259386349167,0.2681705771715253
s,sal,328,48,0.20614287774552936,0.411587295037,0.26777620293297055
shcthy,lor,30,38,0.2619690387048513,0.2807728489615636,0.26761018178186496
qoty,ches,84,44,0.2906733931872108,0.21371478379038894,0.2675858103681642
dam,o,59,114,0.23605268266376123,0.3407341679999679,0.2674571282646232
chol,am,367,115,0.256642091890997,0.2926012448655545,0.26742983778336427
qoty,sar,84,77,0.22352288196992573,0.36723413126052057,0.2666362567571042
ckhy,sal,38,48,0.2541730914082755,0.295012951951324,0.26642504957119
ckhey,lor,32,38,0.2648184545609563,0.26762256388842165,0.2656596873591959
chos,shckhy,42,55,0.23394448735020848,0.3394573021281205,0.26559833178358205
cthor,l,45,156,0.30935418067372755,0.1620036102435705,0.2651490095446804
r,am,196,115,0.2528536359256347,0.2936450746881175,0.2650910675543795
ckhey,shckhy,32,55,0.2533630516196406,0.29229896744182715,0.2650438263662966
ckhey,am,32,115,0.24686544157075926,0.30716213366710776,0.2649544491996638
cthy,ain,100,149,0.34469138280077183,0.07830199582118934,0.2647745667068971
chl,shcthy,33,30,0.2822992995593242,0.22374662483883928,0.26473349714317873
o,sol,114,63,0.27300734844996183,0.24501523938822156,0.26460971573143977
d,chedy,53,341,0.25010957207791656,0.2962933379493778,0.2639647018393549
chor,qol,215,147,0.29920582817540686,0.1804217913887195,0.2635706171394006
s,shckhy,328,55,0.22772617687305324,0.34686062453715033,0.26346651117228237
ckhy,qol,38,147,0.2993277666343685,0.1785462758945559,0.2630933194124247
aly,key,39,33,0.26207815137221807,0.2648508738921959,0.26290996812821144
daly,air,33,95,0.25698060711930015,0.27674503240390014,0.26290993470468016
ody,shckhy,38,55,0.2771756043595524,0.2285567354754407,0.2625899436943189
chos,qol,42,147,0.29621150302363736,0.18409466334041988,0.2625764511186721
ody,qol,38,147,0.2872935730998792,0.20437754808606626,0.2624187655957353
kol,am,35,115,0.29693469119054544,0.1808891339287973,0.262121024012021
chy,sar,197,77,0.26254438583101836,0.26082036090812954,0.2620271783541517
shor,cheo,91,75,0.2753529713486758,0.23082815214377847,0.2619955255872066
dam,air,59,95,0.2851480049644437,0.20717568317279778,0.2617563084269499
am,qo,115,51,0.24981173997298262,0.28883029458161125,0.2615173063555712
dam,l,59,156,0.27851007582563914,0.22015764296317772,0.2610043459669007
ain,dam,149,59,0.317405830699276,0.1286625588664164,0.26078284914941813
sar,shedy,77,255,0.2517576387843059,0.2800746965466136,0.2602527561129982
kol,air,35,95,0.31251835727123073,0.13659502790326,0.2597413584608395
d,air,53,95,0.28944563947025165,0.1882255075557169,0.2590795998958912
ar,cthor,449,45,0.2763085153747575,0.21809290100919296,0.2588438310650881
d,shor,53,91,0.2522185707061288,0.27420066930751313,0.2588132002865441
dy,aly,204,39,0.24786503349591685,0.2837600891967161,0.25863355020615664
shody,aly,50,39,0.24966846840361026,0.27931217966412486,0.25856158178176464
cthor,o,45,114,0.25410946512955046,0.2672565501724486,0.2580535906424199
am,cthor,115,45,0.2690525940283197,0.23175710961177776,0.2578639487033571
ar,shcthy,449,30,0.25641830868509613,0.25913772271630703,0.2572341328944594
sy,qol,40,147,0.27116929612310114,0.22320216722179748,0.25677915745271
or,qoty,390,84,0.25576672618331037,0.25774814184269335,0.25636115088112527
ody,air,38,95,0.23493532789632585,0.30595836973049056,0.2562422404465753
kol,sar,35,77,0.24970291815187448,0.2694316736393356,0.25562154479811283
am,ches,115,44,0.23599883387122775,0.299707459706142,0.25511142162170203
kchy,sar,36,77,0.2687589468822994,0.22240637353878634,0.25485317487924547
lol,aly,35,39,0.28277018377823504,0.1887853045116576,0.25457471999826176
cthol,aly,55,39,0.2871181600244243,0.17616251610521083,0.25383146684866026
sy,shedy,40,255,0.23587211287397886,0.2941828668741419,0.25336533907402775
sal,cheo,48,75,0.20990941935980018,0.3533072529991386,0.2529287694516017
char,qoty,79,84,0.2557216769271839,0.24364302716513853,0.2520980819985703
ain,cthol,149,55,0.3152618951555404,0.10421317019150271,0.2519472776663291
shor,aly,91,39,0.2236148277285337,0.31786266763109655,0.2518891796993025
shcthy,qol,30,147,0.26179120214200496,0.22861254746854867,0.25183760573996805
cthor,kar,45,58,0.24731354217202867,0.26168308387156775,0.2516244046818904
shedy,aly,255,39,0.19670150828484806,0.37843412857922754,0.2512212943731619
shar,aly,34,39,0.21957751641342002,0.3225251372108802,0.25046180265265805
cthy,qol,100,147,0.2927858343996806,0.15065831050472206,0.250147577231193
dor,aly,63,39,0.23423632683179316,0.28620981533511486,0.24982837338278965
dam,qol,59,147,0.25516429186385065,0.23708802962296113,0.24974141319158377
sho,shckhy,118,55,0.21346869899101464,0.3322243517992953,0.24909539483349885
am,shcthy,115,30,0.2512712112104871,0.24372248944035776,0.2490065946794483
kchy,shedy,36,255,0.286008824967803,0.16213463904549408,0.2488465691911103
ckhey,air,32,95,0.29075671747612064,0.14940105115685023,0.2483500175803395
lol,sal,35,48,0.23134144764839157,0.28685526767064756,0.24799559365506835
sho,sar,118,77,0.25751710507766723,0.22291852548398805,0.24713753119956344
sal,sar,48,77,0.22658139093585614,0.29501295195132404,0.2471108592404965
chor,shckhy,215,55,0.20948056668330284,0.33443208480998976,0.2469660221213089
shcthy,l,30,156,0.25418397423700034,0.2284418728704106,0.2464613438270234
d,dam,53,59,0.24075908918333755,0.2574366145443049,0.24576234679162773
qol,aly,147,39,0.29549110025628833,0.12668585868060797,0.2448495277835842
ckhey,aly,32,39,0.25544101955023685,0.21851348989808492,0.24436276065459128
cheo,shcthy,75,30,0.25285527458121954,0.22365892885521008,0.24409637086341668
d,aly,53,39,0.24098134635594004,0.24924174495803292,0.2434594659365679
ckhy,kal,38,30,0.233076118694536,0.2640302225516708,0.24236234985167643
dam,lol,59,35,0.23837853159276798,0.25131536902720436,0.2422595828230989
shcthy,air,30,95,0.27845206677799555,0.15714044654903558,0.24205858070930755
kchy,air,36,95,0.299429929471594,0.10660289945144084,0.24158182046554805
chos,shedy,42,255,0.1902709871048233,0.3604368771478193,0.24132075411772208
cthor,aly,45,39,0.2672996387579515,0.1719006489830016,0.2386799418254665
cthy,aly,100,39,0.2674849758550545,0.15665883392078442,0.23423713327477347
shckhy,aly,55,39,0.23130755438025763,0.24047017695733222,0.23405634115337998
shckhy,o,55,114,0.21031605654549182,0.288085787661647,0.23364697588033836
cthy,lor,100,38,0.2574171485974664,0.17779127316852136,0.23352938596878287
ckhy,air,38,95,0.23680252901608867,0.22525947631490817,0.2333396132057345
cthor,lor,45,38,0.2695219608454634,0.14868955130956477,0.23327223798469382
kchy,shckhy,36,55,0.2573291603256315,0.17413532075115076,0.2323710084532873
cthy,sar,100,77,0.23709806562285868,0.220553172116499,0.23213459757095073
sy,air,40,95,0.26622151805789646,0.14978913957928555,0.23129180451431317
cthy,am,100,115,0.23235211100203937,0.2283661361760832,0.2311563185542525
dam,lor,59,38,0.1946785426859677,0.3084568544674622,0.22881203622041604
am,chos,115,42,0.1989519730439253,0.29783204195835455,0.22861599371825408
cheo,shckhy,75,55,0.23377907164516426,0.21650109727651148,0.22859567933456842
dol,aly,97,39,0.2292041932687567,0.22460448284186776,0.22782428014069
or,shcthy,390,30,0.1939666939702634,0.30463404959279006,0.2271669006570214
s,shcthy,328,30,0.22054651742408793,0.23938116378608051,0.22619691133268569
d,qoty,53,84,0.24042298411240995,0.18757711570675087,0.22456922359071224
sal,aly,48,39,0.2042756663305384,0.26914368985297504,0.2237360733872694
d,shcthy,53,30,0.21151540240068348,0.25148398131043775,0.22350597607360975
sal,o,48,114,0.1588649536905594,0.3619032747978712,0.21977645002275292
lol,shckhy,35,55,0.20758566417359076,0.24604303944469902,0.2191228767549232
lol,shcthy,35,30,0.21769211195868735,0.2209517432395017,0.21867000134293163
o,shcthy,114,30,0.19111166431915597,0.27617324557209877,0.21663013869503878
d,sal,53,48,0.20762053056920277,0.23385808537171585,0.2154917970099567
sar,aly,77,39,0.20529038416202955,0.23635548634043282,0.21460991481555053
sar,shcthy,77,30,0.18627471321205813,0.27419645987296004,0.2126512372103287
r,shcthy,196,30,0.2061260225398207,0.22299858755808966,0.21118779204530136
cthor,shedy,45,255,0.20899745147727533,0.2116184589298002,0.20978375371303276
cthol,qol,55,147,0.24837517354264677,0.11798590877360231,0.20925839411193342
d,shedy,53,255,0.21296769294743667,0.1975373091312894,0.2083385778025925
cthor,sar,45,77,0.2250536288614846,0.15987423848990656,0.2054998117500112
o,shedy,114,255,0.16983547114544825,0.2879821397152472,0.20527947171638794
cthor,qol,45,147,0.23303534656674948,0.1261860029181948,0.20098054347218308
cthol,am,55,115,0.18360801194712814,0.2269991580160645,0.19662535576780904
cthy,air,100,95,0.2465101032107661,0.07373754308110185,0.19467833517186683
kchy,am,36,115,0.21869559078177353,0.13588972242357378,0.1938538302743136
d,shckhy,53,55,0.19369930042206857,0.18354275595187988,0.19065233708101195
cthol,shedy,55,255,0.19254918772758683,0.17282301016807294,0.18663133445973265
cthor,air,45,95,0.22658238850974036,0.08832953188226048,0.1851065315214964
cthol,air,55,95,0.20100555356326955,0.11602108419029739,0.17551021275137788
