a,b,count_a,count_b,family_obs_a,family_obs_b,family_cosine,shared_families
or,r,390,196,407,180,0.9590085283533429,38
or,s,390,328,407,285,0.9589426279165523,52
s,r,328,196,285,180,0.9546016661996101,32
r,sar,196,77,180,49,0.9256659447866473,11
s,sar,328,77,285,49,0.922406406821949,18
or,sar,390,77,407,49,0.9154180149721008,18
ar,or,449,390,400,407,0.9070001829298923,71
r,d,196,53,180,32,0.8949712948042384,11
or,d,390,53,407,32,0.8929800449195301,9
ar,r,449,196,400,180,0.8885165822486614,44
s,d,328,53,285,32,0.8884297887282758,12
shedy,chedy,255,341,298,408,0.8855768448199633,60
ar,sar,449,77,400,49,0.8780648041030344,20
shey,chedy,344,341,382,408,0.8754684626814411,80
ar,s,449,328,400,285,0.8740729752251936,60
ol,l,588,156,628,144,0.8635167641190474,57
shey,shedy,344,255,382,298,0.8623206562173723,63
d,sar,53,77,32,49,0.8616082302118188,6
qol,l,147,156,143,144,0.8598791782209946,32
chol,cthol,367,55,365,40,0.8416061731146,15
r,ches,196,44,180,45,0.8377170152262104,13
s,ches,328,44,285,45,0.8363237442291174,17
ches,sar,44,77,45,49,0.8323926314411324,8
ol,sol,588,63,628,76,0.8225554528713858,33
chey,chedy,510,341,581,408,0.8182819760162076,84
or,ches,390,44,407,45,0.8174896319696011,20
sol,qol,63,147,76,143,0.8116467781523244,19
ol,qol,588,147,628,143,0.8115081646036743,51
y,ol,210,588,185,628,0.8112891993112024,69
shey,chey,344,510,382,581,0.8078049029033649,95
s,o,328,114,285,86,0.8070743030247238,10
d,ches,53,44,32,45,0.8050764858994134,6
or,sor,390,43,407,47,0.7996988284954389,20
r,o,196,114,180,86,0.7957935866951124,18
ar,ches,449,44,400,45,0.7950978166892867,24
kol,cthol,35,55,32,40,0.7906478406575888,8
or,o,390,114,407,86,0.7890734031936716,18
chol,kol,367,35,365,32,0.7879434907878644,17
y,tol,210,42,185,46,0.7865580849553208,19
ol,sor,588,43,628,47,0.7831958234368492,19
ol,al,588,311,628,250,0.7831253188093661,80
ar,d,449,53,400,32,0.7806116612860877,11
dain,ol,173,588,145,628,0.7750420552423293,49
chor,chol,215,367,199,365,0.7738204645250634,47
s,cheo,328,75,285,58,0.7693553488347051,14
or,tar,390,43,407,36,0.767031096070965,17
r,sor,196,43,180,47,0.7624575019134858,13
sol,l,63,156,76,144,0.7612735047550161,21
al,l,311,156,250,144,0.7595756461938001,50
d,o,53,114,32,86,0.7592979416241845,6
or,cheo,390,75,407,58,0.757734580132793,13
dain,qol,173,147,145,143,0.7574094306441107,23
r,cheo,196,75,180,58,0.7561060286721456,13
y,al,210,311,185,250,0.7545443263298955,56
d,chos,53,42,32,44,0.7534677234406273,5
dar,ol,287,588,245,628,0.7488058606592067,76
dar,sor,287,43,245,47,0.7464318238042057,23
chey,shedy,510,255,581,298,0.7436333687513343,61
dain,sol,173,63,145,76,0.74098785055656,20
y,l,210,156,185,144,0.7409388339775124,43
cthy,cthol,100,55,71,40,0.7375767277140263,11
or,chos,390,42,407,44,0.7364202429904779,18
ar,tar,449,43,400,36,0.7362517126006499,18
or,lor,390,38,407,42,0.7334068645094951,17
tol,dor,42,63,46,69,0.7308033533795515,14
ar,sor,449,43,400,47,0.7294246447246747,19
ches,o,44,114,45,86,0.7293113202178575,5
r,tar,196,43,180,36,0.7279228824529351,11
d,cheo,53,75,32,58,0.7278321311952951,4
s,sor,328,43,285,47,0.72772223271044,17
o,sar,114,77,86,49,0.7272620072034394,3
s,tar,328,43,285,36,0.7241383828417879,14
chckhy,chedy,141,341,156,408,0.7220566914986178,53
cheo,sar,75,77,58,49,0.7201425455441048,8
chol,cthy,367,100,365,71,0.7192438720629949,24
y,dor,210,63,185,69,0.7189287628750943,19
tar,sar,43,77,36,49,0.7175960105058273,9
ar,o,449,114,400,86,0.7162492235332637,20
tol,ol,42,588,46,628,0.7162090877114706,21
s,chos,328,42,285,44,0.7137446593555621,10
shckhy,chedy,55,341,67,408,0.7115117190890236,30
r,lor,196,38,180,42,0.7109605954977413,11
r,chos,196,42,180,44,0.7094100773307097,11
shey,chckhy,344,141,382,156,0.708999337148801,52
shey,shckhy,344,55,382,67,0.7070494427802914,31
sor,sar,43,77,47,49,0.7056968875983455,12
ar,dar,449,287,400,245,0.7055520111355121,74
cthy,kol,100,35,71,32,0.702260207406844,10
tol,chody,42,80,46,87,0.6982816400595745,19
tol,l,42,156,46,144,0.6953050724196971,14
sor,tar,43,43,47,36,0.6941774650196997,9
al,qol,311,147,250,143,0.692121008531282,38
dain,l,173,156,145,144,0.6907331735340343,25
cthy,cthor,100,45,71,41,0.6894996998299372,13
chos,sar,42,77,44,49,0.6890915043641556,9
sar,lor,77,38,49,42,0.6854051500975316,8
sor,lor,43,38,47,42,0.6845749463300982,7
dain,dar,173,287,145,245,0.6824126596323478,40
chey,chckhy,510,141,581,156,0.6819045153203883,59
chol,dal,367,190,365,138,0.6816615046916038,47
chey,dy,510,204,581,144,0.678348963762879,54
dain,ain,173,149,145,105,0.6782477966077085,27
cheo,o,75,114,58,86,0.6757599990427935,10
dain,qoky,173,137,145,113,0.6744736041921836,31
chor,dal,215,190,199,138,0.6742240166759955,42
d,lor,53,38,32,42,0.6734350297014737,7
s,lor,328,38,285,42,0.6734155440286953,11
ain,l,149,156,105,144,0.6729544960120325,24
sor,sol,43,63,47,76,0.6724186114250746,12
y,chor,210,215,185,199,0.6723792631369253,34
kol,qoky,35,137,32,113,0.6712720076931129,11
chor,dor,215,63,199,69,0.6707332778805607,21
d,tar,53,43,32,36,0.6698105143372365,5
cthol,cthor,55,45,40,41,0.6685796309047949,13
ol,dor,588,63,628,69,0.6680257266576544,29
or,ol,390,588,407,628,0.6675414681427861,79
or,dar,390,287,407,245,0.6647083227370308,62
ar,lor,449,38,400,42,0.6636113540567383,15
ar,chos,449,42,400,44,0.6634392944573607,17
d,sor,53,43,32,47,0.6613598304983644,6
ar,cheo,449,75,400,58,0.6604551558354402,16
ain,qol,149,147,105,143,0.6603301057651991,19
dy,chedy,204,341,144,408,0.6602635817382709,40
ain,dair,149,93,105,76,0.6601616218479439,22
dain,dal,173,190,145,138,0.6584243738914898,35
chos,ches,42,44,44,45,0.6569024909259458,6
chor,cthol,215,55,199,40,0.653668508110171,14
sor,l,43,156,47,144,0.6516713920505935,12
cheo,ches,75,44,58,45,0.6515451080944543,4
shckhy,shedy,55,255,67,298,0.6511128345778292,23
shey,dy,344,204,382,144,0.6509976524987064,48
chckhy,shedy,141,255,156,298,0.6494900985494448,45
ain,ol,149,588,105,628,0.6493093288879953,46
y,dain,210,173,185,145,0.649194516263353,35
ar,ol,449,588,400,628,0.6479483304051715,94
dal,ol,190,588,138,628,0.6466291905364309,58
sor,qol,43,147,47,143,0.6463510802561736,10
shol,chy,176,197,179,151,0.6461843045396702,48
dain,sor,173,43,145,47,0.6433792973220653,16
dy,chckhy,204,141,144,156,0.6425377398737157,32
dar,ain,287,149,245,105,0.6421163246106251,39
chol,qoky,367,137,365,113,0.6419141299985384,37
ar,char,449,79,400,74,0.6406809372375548,37
dar,lor,287,38,245,42,0.6376267410783614,16
al,sol,311,63,250,76,0.6372037962039018,19
tar,ches,43,44,36,45,0.6366613626032351,5
dain,al,173,311,145,250,0.6353211899690178,33
y,sol,210,63,185,76,0.6344106934002146,20
ches,lor,44,38,45,42,0.6343350474165463,5
qoty,shy,84,94,72,82,0.6341828617898012,20
chol,chy,367,197,365,151,0.6336616424350711,51
ol,dair,588,93,628,76,0.6330247959183003,34
y,dal,210,190,185,138,0.6319393205822439,41
shol,y,176,210,179,185,0.6314244625892367,47
y,chody,210,80,185,87,0.6303414425537822,24
tar,lor,43,38,36,42,0.6302302167068952,7
dar,sol,287,63,245,76,0.6292479386106611,23
qoty,dy,84,204,72,144,0.6282950127480693,24
y,chol,210,367,185,365,0.6276550231844148,55
chdy,chey,108,510,112,581,0.6268621888234199,57
kol,shy,35,94,32,82,0.6268573592209984,11
dain,tol,173,42,145,46,0.6265490439838347,17
chey,shckhy,510,55,581,67,0.6246808538337618,35
sor,ches,43,44,47,45,0.6235382907247957,8
dar,qol,287,147,245,143,0.6232914325763564,29
tol,al,42,311,46,250,0.6231375857879694,20
chdy,chcthy,108,84,112,88,0.6225430174794673,34
tar,o,43,114,36,86,0.6213413761000566,6
chol,cthor,367,45,365,41,0.6205338352289103,22
chos,o,42,114,44,86,0.6199366267562904,3
dair,l,93,156,76,144,0.6185157205518221,21
cheo,chos,75,42,58,44,0.6184663270196558,4
kol,chy,35,197,32,151,0.6182489099289196,14
cheo,tar,75,43,58,36,0.6180796646955087,7
chor,tol,215,42,199,46,0.6165356671892415,18
chos,lor,42,38,44,42,0.6139989257735421,9
ody,shcthy,38,30,29,36,0.6124472018807622,9
ol,lor,588,38,628,42,0.6118333693266698,18
shol,chol,176,367,179,365,0.6107251692368448,59
o,lor,114,38,86,42,0.6098368679801592,6
kol,dal,35,190,32,138,0.6092336531838823,17
shar,or,34,390,24,407,0.608716644853576,14
sor,o,43,114,47,86,0.60810065595014,6
dal,dy,190,204,138,144,0.6080134339049157,37
dal,al,190,311,138,250,0.6069630790721751,50
r,dar,196,287,180,245,0.6060624582203422,35
dair,dor,93,63,76,69,0.605800494586242,16
dy,shedy,204,255,144,298,0.6056940777754103,39
chor,kol,215,35,199,32,0.6045025947808448,15
shar,sar,34,77,24,49,0.6040796973096798,8
r,ol,196,588,180,628,0.6025200383437672,49
qoty,qoky,84,137,72,113,0.6023192518726184,19
dar,al,287,311,245,250,0.6021628135466703,59
shar,d,34,53,24,32,0.6018050449849287,5
chol,dor,367,63,365,69,0.6005260071858441,27
y,qol,210,147,185,143,0.600060797375242,38
ckhey,chol,32,367,32,365,0.5997924952384769,13
dar,l,287,156,245,144,0.5991554191270163,33
chol,shy,367,94,365,82,0.5966836822941147,38
dal,dor,190,63,138,69,0.5955157964395961,23
tol,sol,42,63,46,76,0.5952206201017156,11
dar,dair,287,93,245,76,0.5950832635645832,28
dal,qoky,190,137,138,113,0.5948530873119338,31
dar,dal,287,190,245,138,0.5940079892995669,45
ckhey,cthol,32,55,32,40,0.5921443410477892,5
y,dar,210,287,185,245,0.5918594187661377,42
dain,cthor,173,45,145,41,0.5910931966493584,20
shy,qoky,94,137,82,113,0.5885639987839111,22
dor,l,63,156,69,144,0.5880754148936139,15
al,qoky,311,137,250,113,0.5880680950652976,42
ckhey,dy,32,204,32,144,0.5876357625891093,17
cthy,shy,100,94,71,82,0.587431240128358,15
ar,shar,449,34,400,24,0.5871843801739193,16
chor,cthor,215,45,199,41,0.586414061847551,17
shar,s,34,328,24,285,0.5861892254354097,11
cthy,qoky,100,137,71,113,0.5861871429976422,17
dain,chody,173,80,145,87,0.5858917999096115,27
chor,ol,215,588,199,628,0.585203217159446,49
chdy,chedy,108,341,112,408,0.5844213301788899,46
shy,chckhy,94,141,82,156,0.5843952918554848,24
shol,dy,176,204,179,144,0.5835453933574919,35
ckhey,kol,32,35,32,32,0.5833630944789017,5
shar,r,34,196,24,180,0.5822079666412201,9
tol,dal,42,190,46,138,0.581850619991054,18
chckhy,shckhy,141,55,156,67,0.5812737468366534,24
dar,tar,287,43,245,36,0.5811230028914635,15
chol,oky,367,103,365,92,0.5805390638844907,35
dor,sol,63,63,69,76,0.579893892714505,15
chol,tol,367,42,365,46,0.5796314029615532,20
dol,dor,97,63,91,69,0.5787162065305069,19
ar,dair,449,93,400,76,0.5780553534568363,33
chy,shy,197,94,151,82,0.5780544681427295,27
tol,qol,42,147,46,143,0.5779001495933951,13
dar,kar,287,58,245,47,0.5774784593737261,26
kol,dy,35,204,32,144,0.5771128230478991,14
dain,chor,173,215,145,199,0.5760632153804998,36
y,sor,210,43,185,47,0.5757764961782157,16
shol,shor,176,91,179,87,0.5728285820605415,26
chor,cthy,215,100,199,71,0.5719823058038186,23
chy,cthol,197,55,151,40,0.5715023171933291,11
dain,kol,173,35,145,32,0.5707179022364811,14
chody,chckhy,80,141,87,156,0.5703774262770719,27
qoky,qol,137,147,113,143,0.5697159005337661,32
s,ol,328,588,285,628,0.5691852034595389,55
cthol,qoky,55,137,40,113,0.5678363560252385,12
dal,dair,190,93,138,76,0.5675954043360806,23
y,dy,210,204,185,144,0.5675218231801485,41
chey,qo,510,51,581,56,0.5671092938749137,35
shy,dy,94,204,82,144,0.56596503075729,19
ol,tar,588,43,628,36,0.5655164024672964,18
kol,qoty,35,84,32,72,0.5651215188621657,10
chor,dair,215,93,199,76,0.5634304447924781,20
y,chy,210,197,185,151,0.5625235443167793,50
cthol,dal,55,190,40,138,0.5624847840964702,14
s,dar,328,287,285,245,0.5609913439482795,45
chody,al,80,311,87,250,0.5609818129675752,26
shol,al,176,311,179,250,0.5582392734222261,50
sor,cheo,43,75,47,58,0.5564332642178125,7
ain,am,149,115,105,39,0.5559058342671717,14
chdy,chckhy,108,141,112,156,0.5558971023789863,37
y,dair,210,93,185,76,0.5555238049879881,22
chey,chcthy,510,84,581,88,0.5555012963640251,54
ol,chody,588,80,628,87,0.5536031454401339,31
al,dy,311,204,250,144,0.5533456414618856,47
ain,al,149,311,105,250,0.5525251687906286,34
chdy,shedy,108,255,112,298,0.5520379603185632,40
dain,dair,173,93,145,76,0.5517766280974487,21
chdy,shey,108,344,112,382,0.551506071740536,49
ol,o,588,114,628,86,0.5509535671624349,33
sol,lor,63,38,76,42,0.5503781614278231,13
chor,chody,215,80,199,87,0.5503434995883314,29
dar,sar,287,77,245,49,0.5496706973707273,17
ol,qoky,588,137,628,113,0.5494789323074948,48
chol,dy,367,204,365,144,0.5494648537776288,45
kol,cthor,35,45,32,41,0.5494576741043699,7
chy,qoky,197,137,151,113,0.5480770061237071,35
dal,sol,190,63,138,76,0.5476660364360072,16
ain,sol,149,63,105,76,0.5468156632076778,10
cthy,chy,100,197,71,151,0.5466173028875582,15
shol,kol,176,35,179,32,0.546018906231948,16
dain,chol,173,367,145,365,0.5444588466872121,40
dair,sor,93,43,76,47,0.5442473042699689,11
shol,chey,176,510,179,581,0.5439538368332105,64
chor,al,215,311,199,250,0.5436573315357455,44
chor,dar,215,287,199,245,0.5436199005267877,44
ckhey,cthy,32,100,32,71,0.5436167084288892,9
shol,chor,176,215,179,199,0.5432873780723994,44
dy,qoky,204,137,144,113,0.543244581987167,37
or,char,390,79,407,74,0.5428317858818632,30
tol,sor,42,43,46,47,0.5421047417431507,11
dal,qoty,190,84,138,72,0.5417604581035023,19
dain,cthy,173,100,145,71,0.5412887412688487,20
qoty,chckhy,84,141,72,156,0.5412410173829412,26
chody,l,80,156,87,144,0.5388358580129267,21
dol,sol,97,63,91,76,0.5377287261556831,11
d,dar,53,287,32,245,0.5372688284009135,11
sor,chos,43,42,47,44,0.5350681006567533,7
qol,lor,147,38,143,42,0.5348858162450679,17
dain,dy,173,204,145,144,0.5347233943689946,38
or,dair,390,93,407,76,0.5338798148544976,28
shar,tar,34,43,24,36,0.5313689313240572,9
ol,am,588,115,628,39,0.5307926812185879,24
chal,dar,59,287,55,245,0.5298029978771607,30
shar,dar,34,287,24,245,0.5297056040119971,13
cthol,shy,55,94,40,82,0.529237746757157,8
chor,oky,215,103,199,92,0.5286816880707497,23
chol,chody,367,80,365,87,0.5278790625560481,37
shar,chos,34,42,24,44,0.5272705040082966,5
char,oly,79,65,74,37,0.5269038125005622,16
chal,al,59,311,55,250,0.5268938504836069,37
qoky,sol,137,63,113,76,0.5268757352056415,15
al,dor,311,63,250,69,0.5260885644499441,21
dair,air,93,95,76,76,0.5260183876344576,17
tol,dair,42,93,46,76,0.5257000515671337,10
l,air,156,95,144,76,0.5256323169105775,19
chos,tar,42,43,44,36,0.5253284329379729,4
dain,qoty,173,84,145,72,0.5240062597878444,18
ckhey,shy,32,94,32,82,0.5237229365663817,7
ar,kar,449,58,400,47,0.5232173734112942,28
y,qoky,210,137,185,113,0.5223492538397695,31
chol,qoty,367,84,365,72,0.5222498866579472,26
ol,sar,588,77,628,49,0.5215778085474421,22
chdy,dy,108,204,112,144,0.5213287117846035,32
shol,ol,176,588,179,628,0.5205538652941241,56
dain,dor,173,63,145,69,0.5203122810810952,22
chal,ol,59,588,55,628,0.5196684688470423,35
chody,dy,80,204,87,144,0.5185705182312222,23
shar,ches,34,44,24,45,0.5185449728701348,6
dain,chal,173,59,145,55,0.5185385776004484,20
ol,dol,588,97,628,91,0.5184594769703402,31
char,tar,79,43,74,36,0.518343944838785,10
chey,al,510,311,581,250,0.5178766486070209,76
al,sor,311,43,250,47,0.5178431424572733,19
kol,oky,35,103,32,92,0.5173255862560074,13
dar,dor,287,63,245,69,0.5149549258027126,25
ain,tol,149,42,105,46,0.5147863813280251,11
dair,qol,93,147,76,143,0.5134871123754061,12
r,dair,196,93,180,76,0.5122988920799552,20
dy,shckhy,204,55,144,67,0.5121993539020248,22
am,sol,115,63,39,76,0.5114208567744898,7
dal,sor,190,43,138,47,0.510238726756612,15
cheo,lor,75,38,58,42,0.5099334297030661,4
shey,qoty,344,84,382,72,0.5084703511177918,26
ckhey,chey,32,510,32,581,0.5080561546931308,21
ar,y,449,210,400,185,0.5079103507737853,51
shey,chcthy,344,84,382,88,0.5078169876871873,41
dair,al,93,311,76,250,0.5076910157653814,30
shol,dar,176,287,179,245,0.5072916675914194,35
dal,l,190,156,138,144,0.5069461100154958,28
shol,dal,176,190,179,138,0.506539936993808,34
shar,cheo,34,75,24,58,0.5063270101411753,6
oky,shy,103,94,92,82,0.5060608273474737,19
dain,am,173,115,145,39,0.5052932832272251,16
sor,dor,43,63,47,69,0.5046043506161961,11
dar,chos,287,42,245,44,0.5043505752870833,17
dar,tol,287,42,245,46,0.5038294869307774,20
char,dar,79,287,74,245,0.5037698591616999,23
dar,dy,287,204,245,144,0.5033613730210693,41
dar,cthor,287,45,245,41,0.5032781248709827,18
chody,dor,80,63,87,69,0.503208485284844,17
chey,key,510,33,581,36,0.502410852685545,25
dar,ches,287,44,245,45,0.5022169139225651,20
chol,dair,367,93,365,76,0.5020244860574021,35
s,char,328,79,285,74,0.5018424462039558,20
tol,dol,42,97,46,91,0.5012547071170854,11
qoty,chedy,84,341,72,408,0.501220671828836,26
am,dor,115,63,39,69,0.5011800252416706,12
or,dor,390,63,407,69,0.500927813621804,25
shar,lor,34,38,24,42,0.5002975305232068,7
y,dol,210,97,185,91,0.5000541310383357,25
chody,qoky,80,137,87,113,0.4998851754538696,24
shey,she,344,41,382,34,0.4998633373005064,24
chol,al,367,311,365,250,0.4992383721641306,56
ol,dy,588,204,628,144,0.4991040127725657,55
dair,sol,93,63,76,76,0.49888136450973286,12
shol,cthol,176,55,179,40,0.49859311087298136,11
shol,shy,176,94,179,82,0.498494232714176,26
y,or,210,390,185,407,0.49796054142619245,39
ain,dal,149,190,105,138,0.49789863162094455,22
ckhey,chckhy,32,141,32,156,0.49709942982994343,17
chckhy,qoky,141,137,156,113,0.4969408067935365,39
char,sar,79,77,74,49,0.496871710687474,9
r,char,196,79,180,74,0.49683762896777056,16
cthy,dy,100,204,71,144,0.496768389017174,19
cthy,oky,100,103,71,92,0.49642195703812436,12
chey,qoty,510,84,581,72,0.4963580785377599,35
chor,dy,215,204,199,144,0.4961652608195605,30
chy,al,197,311,151,250,0.4961617231409293,52
chody,chedy,80,341,87,408,0.49610527369617075,32
cthy,dal,100,190,71,138,0.49539432295637564,17
char,ches,79,44,74,45,0.4952224199743436,12
chy,dy,197,204,151,144,0.49488740421426214,32
chor,chy,215,197,199,151,0.49487413442974104,35
dain,dol,173,97,145,91,0.49464553562015606,22
chody,qol,80,147,87,143,0.494612661997703,15
y,ain,210,149,185,105,0.494413779895067,25
chedy,key,341,33,408,36,0.4944072675888067,17
qoky,l,137,156,113,144,0.494296588266962,31
cthol,oky,55,103,40,92,0.49391379041839517,9
chal,dal,59,190,55,138,0.49339912426959087,21
dal,cthor,190,45,138,41,0.4928442182413396,16
y,kol,210,35,185,32,0.4914763821134585,15
ain,qoky,149,137,105,113,0.4914178611177498,22
al,chckhy,311,141,250,156,0.49136742357323704,51
shol,qoty,176,84,179,72,0.4899670473195231,22
dor,air,63,95,69,76,0.4898991317464034,11
chey,chy,510,197,581,151,0.48959680788372384,64
ain,chody,149,80,105,87,0.4894503385533326,19
am,l,115,156,39,144,0.4887473730242136,12
oky,dal,103,190,92,138,0.4887060544552624,24
y,air,210,95,185,76,0.48774774732351145,17
chy,qoty,197,84,151,72,0.4870645092312716,21
kol,al,35,311,32,250,0.4867796462368767,20
tol,qoky,42,137,46,113,0.48670178810583514,13
shol,chckhy,176,141,179,156,0.48657535058193707,37
ain,sor,149,43,105,47,0.4865401437450046,12
cthy,qoty,100,84,71,72,0.48610891335804357,15
oky,cthor,103,45,92,41,0.4855639584272881,12
dal,qol,190,147,138,143,0.4852845140486054,22
ol,air,588,95,628,76,0.48528357832455576,27
char,sor,79,43,74,47,0.4852416505819131,9
chal,sor,59,43,55,47,0.48454371185234896,14
oky,chckhy,103,141,92,156,0.4832345831607109,24
ckhey,qoky,32,137,32,113,0.4826459398716198,11
chol,ol,367,588,365,628,0.4819221297374706,79
chody,shy,80,94,87,82,0.4817096624472335,16
y,oky,210,103,185,92,0.4785944611912028,26
shol,chdy,176,108,179,112,0.47858111247080604,40
cho,o,77,114,58,86,0.47812854862349063,10
ol,qo,588,51,628,56,0.47804264846403777,38
ckhey,chy,32,197,32,151,0.47785491913446615,10
chey,shy,510,94,581,82,0.47767139989799073,39
qo,al,51,311,56,250,0.47757982325855775,29
shey,qo,344,51,382,56,0.47757228676082647,27
shol,sho,176,118,179,124,0.4768990587276525,31
shol,chody,176,80,179,87,0.4768768716724228,26
tol,air,42,95,46,76,0.475218305874735,8
char,chos,79,42,74,44,0.47478090343649054,12
dain,char,173,79,145,74,0.47443810007818343,27
shol,dor,176,63,179,69,0.4741471652712727,16
shar,sor,34,43,24,47,0.4735680169380811,7
dal,chody,190,80,138,87,0.4734234357496451,23
kar,lor,58,38,47,42,0.4733010239531003,8
al,qoty,311,84,250,72,0.47307453123284376,23
shol,oky,176,103,179,92,0.47255912267735556,23
or,l,390,156,407,144,0.47218439401035633,33
dair,cthor,93,45,76,41,0.47210735240588764,16
chcthy,chedy,84,341,88,408,0.47185767051655164,43
tol,daly,42,33,46,25,0.47171475742927904,7
chal,qoky,59,137,55,113,0.47127543605989747,17
shedy,key,255,33,298,36,0.4710220741577998,18
y,daly,210,33,185,25,0.47078274159207645,11
cthol,dy,55,204,40,144,0.4707172933502451,11
chody,qoty,80,84,87,72,0.47045769891518197,13
shol,qoky,176,137,179,113,0.4704336743270516,32
dar,am,287,115,245,39,0.47033535005663485,17
chy,qo,197,51,151,56,0.4698217799391241,27
char,o,79,114,74,86,0.4697626929283326,12
chy,dal,197,190,151,138,0.4692121782993349,40
y,chal,210,59,185,55,0.46869389464751793,23
ckhey,chedy,32,341,32,408,0.46845638550113117,18
am,dol,115,97,39,91,0.46836905870100937,6
kol,tol,35,42,32,46,0.4671955518553975,11
char,cthor,79,45,74,41,0.46707366976248954,11
am,qol,115,147,39,143,0.4669052307686006,13
or,sol,390,63,407,76,0.4668723367915792,27
ar,l,449,156,400,144,0.46679979361804586,46
shody,chcthy,50,84,44,88,0.46607160861921454,18
sho,al,118,311,124,250,0.46592259684685,36
chcthy,chckhy,84,141,88,156,0.4658071104973458,34
y,qoty,210,84,185,72,0.4657779712580842,24
s,dor,328,63,285,69,0.4657548828193487,22
chor,qoky,215,137,199,113,0.4653392619221224,28
dar,chody,287,80,245,87,0.46522937595345976,28
tol,qoty,42,84,46,72,0.46499055497527714,10
chey,cthey,510,47,581,47,0.46406968099780566,27
cho,ches,77,44,58,45,0.46403837199142045,8
ar,dor,449,63,400,69,0.4639548519009378,27
d,ol,53,588,32,628,0.46326691732712083,14
chal,dair,59,93,55,76,0.46265194557299216,16
oky,dair,103,93,92,76,0.46264459903432875,16
dar,o,287,114,245,86,0.4625397571440863,15
ol,ches,588,44,628,45,0.4619957287248587,25
al,air,311,95,250,76,0.46121784737566496,25
kchy,qoky,36,137,35,113,0.4612075064508877,12
tol,dy,42,204,46,144,0.46119561614136456,15
d,cho,53,77,32,58,0.46111233416338787,6
r,cho,196,77,180,58,0.46073581778173084,14
chody,shckhy,80,55,87,67,0.4604077064669434,15
shy,chedy,94,341,82,408,0.4602693309503989,23
y,qo,210,51,185,56,0.46022388528261743,23
ol,cheo,588,75,628,58,0.46017810417463184,23
am,al,115,311,39,250,0.4600423403007148,19
tar,sol,43,63,36,76,0.4599443876376512,10
she,chey,41,510,34,581,0.4586169602643503,27
oky,qoky,103,137,92,113,0.45853098089563504,22
oky,chody,103,80,92,87,0.4585280198863387,16
chol,kchy,367,36,365,35,0.45852046523457757,19
dol,daly,97,33,91,25,0.45834776253585474,10
chy,chckhy,197,141,151,156,0.4582090843270099,36
chody,sol,80,63,87,76,0.4581143101583697,10
dal,chckhy,190,141,138,156,0.45790732364266823,38
or,cho,390,77,407,58,0.4566287856004349,16
chol,chal,367,59,365,55,0.456516155047762,30
shol,shody,176,50,179,44,0.456030284335044,21
oky,qoty,103,84,92,72,0.4557278472922484,18
kol,chody,35,80,32,87,0.45526766457638934,11
chal,ain,59,149,55,105,0.4549560770823122,15
shol,dain,176,173,179,145,0.454694851705082,32
y,chckhy,210,141,185,156,0.4541918567019923,34
shey,shy,344,94,382,82,0.4541063337219668,29
shol,cthy,176,100,179,71,0.4540823885587572,18
chdy,shckhy,108,55,112,67,0.45333950359163,24
or,kar,390,58,407,47,0.4531626555507932,28
dor,daly,63,33,69,25,0.4529912582000719,8
qoty,qol,84,147,72,143,0.45293144809122654,13
s,cho,328,77,285,58,0.45244355016502397,15
cthor,qoky,45,137,41,113,0.4519853998774998,16
dain,lor,173,38,145,42,0.4517722852507075,12
chdy,dar,108,287,112,245,0.45175940685818755,40
chdy,kar,108,58,112,47,0.4514746262612067,20
kol,chal,35,59,32,55,0.45144694907163446,9
shol,qo,176,51,179,56,0.4510950350653881,24
ar,ain,449,149,400,105,0.4509935886843065,45
shol,shey,176,344,179,382,0.45034247395215193,53
chdy,key,108,33,112,36,0.4499770425732575,17
char,cheo,79,75,74,58,0.4497612147783068,10
dain,tar,173,43,145,36,0.44921020339238016,13
y,s,210,328,185,285,0.44910977633598625,30
sor,qoky,43,137,47,113,0.4489001392432336,10
chey,qoky,510,137,581,113,0.44883784596156107,47
oky,dy,103,204,92,144,0.4486465168119515,20
dar,oty,287,114,245,79,0.44825275416614613,30
char,dair,79,93,74,76,0.447523407518758,20
chor,sor,215,43,199,47,0.44746225473268253,16
dain,chy,173,197,145,151,0.4471708146498207,33
y,am,210,115,185,39,0.4470021112679999,14
dol,sal,97,48,91,42,0.44678717928454215,13
chdy,kal,108,30,112,27,0.4467397556226988,14
chody,dair,80,93,87,76,0.4463336976475769,19
chody,cthor,80,45,87,41,0.44626118390736075,17
sho,shor,118,91,124,87,0.44614242367315493,30
ain,air,149,95,105,76,0.44586103454161513,17
shol,tol,176,42,179,46,0.44584626323225235,17
chor,chal,215,59,199,55,0.4456753226341013,21
kol,chckhy,35,141,32,156,0.4455663943395035,16
or,chor,390,215,407,199,0.4451485071218416,46
cthy,chody,100,80,71,87,0.4450616632203587,17
shor,sal,91,48,87,42,0.4450501381578756,12
ckhy,qoty,38,84,29,72,0.4446160115013827,12
chol,shor,367,91,365,87,0.44407876936109153,34
chy,chody,197,80,151,87,0.4440711055224603,26
ol,kar,588,58,628,47,0.44402719200269475,30
chdy,char,108,79,112,74,0.44396643691409504,23
shol,chal,176,59,179,55,0.44369742483691893,23
y,r,210,196,185,180,0.44348494965991836,29
ar,sol,449,63,400,76,0.4434285985989193,26
char,ol,79,588,74,628,0.4430775930594214,27
dal,qo,190,51,138,56,0.4428035839320997,25
am,dair,115,93,39,76,0.44262935501471873,12
dor,dy,63,204,69,144,0.4426277371592963,17
am,oly,115,65,39,37,0.44221663871405326,10
s,dair,328,93,285,76,0.44206698919275367,16
shol,sol,176,63,179,76,0.4406910447026508,18
ar,al,449,311,400,250,0.4405147576135299,74
ar,oly,449,65,400,37,0.440296566232198,22
dol,al,97,311,91,250,0.439733873243378,24
dor,qol,63,147,69,143,0.4396651027389923,15
chor,l,215,156,199,144,0.43959550316343393,25
kal,al,30,311,27,250,0.4394621297120795,16
cthol,qoty,55,84,40,72,0.4393747751637468,7
oky,al,103,311,92,250,0.4386414157829987,28
chdy,qoty,108,84,112,72,0.4381247732704885,24
dair,sar,93,77,76,49,0.4381145488753606,11
ar,dal,449,190,400,138,0.4380435485700616,53
shey,chody,344,80,382,87,0.43749481746471874,38
she,chckhy,41,141,34,156,0.4373151648146978,19
sor,kar,43,58,47,47,0.4370866917665224,11
shody,chdy,50,108,44,112,0.43684887642861214,15
y,chey,210,510,185,581,0.4366561010857166,70
ar,chal,449,59,400,55,0.43656285265255934,32
dol,l,97,156,91,144,0.4360269467541753,16
tol,am,42,115,46,39,0.4358686122265565,5
tar,l,43,156,36,144,0.43511314684786156,16
dain,cthol,173,55,145,40,0.43360949968984747,14
chcthy,qoty,84,84,88,72,0.43337185698841535,24
dal,am,190,115,138,39,0.43314953128552763,15
dal,kar,190,58,138,47,0.43304574192079637,22
kol,shor,35,91,32,87,0.4323215399162966,11
char,d,79,53,74,32,0.432051862244351,4
ain,kal,149,30,105,27,0.43193512645277626,11
shar,o,34,114,24,86,0.4317496577766927,2
kar,ches,58,44,47,45,0.431101536882283,11
or,tol,390,42,407,46,0.4310081177651389,15
ckhey,dal,32,190,32,138,0.4307932474933765,10
chal,chy,59,197,55,151,0.43035840302599687,24
ckhey,qoty,32,84,32,72,0.4301162633521313,9
chey,dal,510,190,581,138,0.4301141883208494,50
char,oky,79,103,74,92,0.4300530389940936,20
y,cthor,210,45,185,41,0.4297997721052481,16
shol,chedy,176,341,179,408,0.42967408866515855,46
shor,dy,91,204,87,144,0.4293588597792226,22
chal,chckhy,59,141,55,156,0.4291191239112909,28
kar,chos,58,42,47,44,0.4284277458792638,10
cho,cheo,77,75,58,58,0.42836762732988853,8
chdy,chody,108,80,112,87,0.42787127999563485,22
ol,qoty,588,84,628,72,0.4274503750469522,31
chody,daly,80,33,87,25,0.4271986228206595,8
cthy,chal,100,59,71,55,0.42716055995046126,13
dar,qoky,287,137,245,113,0.4270221887518377,28
shol,dair,176,93,179,76,0.4262358720632748,26
dar,shor,287,91,245,87,0.4261807696940962,29
tol,oky,42,103,46,92,0.4259501720029795,12
qoty,shedy,84,255,72,298,0.42567625091424127,21
ar,dain,449,173,400,145,0.4254819676353927,49
chy,cthor,197,45,151,41,0.42526277136437535,16
dar,cheo,287,75,245,58,0.425152204589636,9
shey,al,344,311,382,250,0.4250621161370834,64
shody,cthy,50,100,44,71,0.4247651690853098,13
shol,ckhey,176,32,179,32,0.4247030383779394,11
shar,dal,34,190,24,138,0.42469765499648,13
al,chedy,311,341,250,408,0.42425079418950723,62
shar,dor,34,63,24,69,0.42412560132289073,12
chal,sol,59,63,55,76,0.4239850579259864,11
shar,dair,34,93,24,76,0.4239113759983975,11
chol,qo,367,51,365,56,0.4237428800781785,31
r,l,196,156,180,144,0.4235170605725994,28
dar,qoty,287,84,245,72,0.4233810518486627,28
chdy,ain,108,149,112,105,0.42320503354045286,26
dal,shy,190,94,138,82,0.42303057118162357,20
or,dal,390,190,407,138,0.42275291345467814,42
chey,chody,510,80,581,87,0.42270025439835957,34
qol,air,147,95,143,76,0.42250957253579746,18
chody,shor,80,91,87,87,0.4216007957302433,19
y,o,210,114,185,86,0.4215963422691326,22
dar,kal,287,30,245,27,0.4215575169755735,17
ar,cho,449,77,400,58,0.4211208864053179,24
kol,ol,35,588,32,628,0.42076549279255604,22
shar,char,34,79,24,74,0.420210157631365,6
al,shy,311,94,250,82,0.4200939241422481,29
char,chcthy,79,84,74,88,0.4200373383118487,21
chal,dy,59,204,55,144,0.4199451491552299,19
cthol,dor,55,63,40,69,0.41981712248849745,11
ain,kar,149,58,105,47,0.41972412205482695,15
char,lor,79,38,74,42,0.41942459205081,6
chol,dar,367,287,365,245,0.4191124204428005,52
oky,oly,103,65,92,37,0.41905817746174684,17
y,cthol,210,55,185,40,0.41895466057570496,12
shar,ol,34,588,24,628,0.4185591505963531,16
ain,dor,149,63,105,69,0.4180515489341713,13
dair,qoky,93,137,76,113,0.41790328667158766,18
chor,sol,215,63,199,76,0.4178915944340048,14
r,dor,196,63,180,69,0.41777394841399934,17
dain,oky,173,103,145,92,0.4170665682796669,21
chcthy,shcthy,84,30,88,36,0.41686711970209617,14
chcthy,dy,84,204,88,144,0.4160891658116288,29
chol,chckhy,367,141,365,156,0.41582169631775645,45
shey,key,344,33,382,36,0.4154067494885019,18
tol,chckhy,42,141,46,156,0.4150830249083029,16
kar,tar,58,43,47,36,0.4148261956621718,8
shar,chor,34,215,24,199,0.414064921227906,11
qo,l,51,156,56,144,0.4137091396796161,20
ar,oty,449,114,400,79,0.4136549859605004,39
y,shy,210,94,185,82,0.41338301388401777,23
chdy,oly,108,65,112,37,0.4131671220064234,18
dal,oly,190,65,138,37,0.4128145038483917,18
qoty,shcthy,84,30,72,36,0.4126381832432261,11
dal,dol,190,97,138,91,0.41224363682786563,19
kar,sar,58,77,47,49,0.41199314650921093,11
char,kar,79,58,74,47,0.41173292510261283,15
l,lor,156,38,144,42,0.4116883110018423,11
ain,oky,149,103,105,92,0.4113542452363538,13
shar,cthor,34,45,24,41,0.4110541536602924,7
dain,oly,173,65,145,37,0.41094086854902373,17
chor,ain,215,149,199,105,0.41059030871659824,23
chdy,oty,108,114,112,79,0.41042563012190475,22
chor,ckhey,215,32,199,32,0.410349968653823,7
shody,chckhy,50,141,44,156,0.4101734961193465,14
r,kar,196,58,180,47,0.4099546482805098,16
chal,l,59,156,55,144,0.40991044939604854,24
cthy,chckhy,100,141,71,156,0.4098853500849883,17
chdy,dal,108,190,112,138,0.4093473131461189,38
qoty,l,84,156,72,144,0.40929707115623054,18
chal,tar,59,43,55,36,0.4087700137316486,14
ckhey,oky,32,103,32,92,0.40859664647693206,8
chor,qoty,215,84,199,72,0.40848448403887766,19
dain,kchy,173,36,145,35,0.4083852473382894,12
dain,cthey,173,47,145,47,0.4082411449487013,18
dair,tar,93,43,76,36,0.4077862096248241,11
sho,chol,118,367,124,365,0.4074330648201693,48
shody,chody,50,80,44,87,0.4072401190961184,16
char,chckhy,79,141,74,156,0.4069481333706325,22
char,oty,79,114,74,79,0.4069016223546088,17
cthey,qoky,47,137,47,113,0.4067418161377188,20
dar,dol,287,97,245,91,0.40671605640679204,21
qo,chcthy,51,84,56,88,0.4063822475213189,19
kol,sol,35,63,32,76,0.4063712768871578,8
dain,air,173,95,145,76,0.4052675329511724,20
oky,ol,103,588,92,628,0.4051908819322199,40
shol,l,176,156,179,144,0.4048212434175224,32
ar,chor,449,215,400,199,0.4033357263399522,43
or,dain,390,173,407,145,0.40312086457718255,44
chody,shedy,80,255,87,298,0.40288341023568264,24
dair,cheo,93,75,76,58,0.4020707706840087,11
ol,cthor,588,45,628,41,0.4016509402838109,19
cthey,chckhy,47,141,47,156,0.4012213134422702,21
kol,kchy,35,36,32,35,0.40112872661921,6
dain,chdy,173,108,145,112,0.4009999495040594,40
qoty,sol,84,63,72,76,0.4008421583414022,11
cthol,shor,55,91,40,87,0.4005483444335401,8
chody,kal,80,30,87,27,0.40049870889436834,12
shol,oty,176,114,179,79,0.40042776855345175,25
chdy,cthey,108,47,112,47,0.40023339864923885,19
cthor,chcthy,45,84,41,88,0.4000151237310298,11
dol,dy,97,204,91,144,0.4000132237962248,22
ol,daly,588,33,628,25,0.39970155401129315,14
chdy,oky,108,103,112,92,0.399556294927216,18
cho,ol,77,588,58,628,0.39915573675694144,31
ain,cthor,149,45,105,41,0.39902840356934116,12
tol,qo,42,51,46,56,0.39842570533490196,13
kol,dor,35,63,32,69,0.3982339869599832,11
dar,sal,287,48,245,42,0.39808346608122225,23
cthor,chckhy,45,141,41,156,0.3980810970615513,16
cho,sar,77,77,58,49,0.39795163312486964,3
qo,chedy,51,341,56,408,0.39703172531191117,23
shy,shedy,94,255,82,298,0.3968721712221649,22
chal,cthol,59,55,55,40,0.39681849545413517,10
chy,shor,197,91,151,87,0.3963188154635274,22
cthor,dy,45,204,41,144,0.3959871306273785,15
s,chor,328,215,285,199,0.39547524326235983,32
dain,shy,173,94,145,82,0.39545578941935006,16
r,sol,196,63,180,76,0.3952547746592526,18
chey,oky,510,103,581,92,0.3951253799930452,38
shol,chcthy,176,84,179,88,0.39490116807723324,33
shol,sor,176,43,179,47,0.39476910986489266,15
shol,kar,176,58,179,47,0.39468205609583484,16
dar,oky,287,103,245,92,0.39456173299837166,22
sho,dy,118,204,124,144,0.39449655304498216,31
tar,qol,43,147,36,143,0.39434972555124764,9
ol,chos,588,42,628,44,0.39332727153474695,21
she,dy,41,204,34,144,0.3932917016326423,16
y,chedy,210,341,185,408,0.39322509391045846,54
chor,sho,215,118,199,124,0.3929950507973705,23
y,char,210,79,185,74,0.39290114582314595,23
ar,tol,449,42,400,46,0.39283878437267583,22
ar,air,449,95,400,76,0.3926261959704273,34
dy,sol,204,63,144,76,0.3926073252373594,17
cthey,chedy,47,341,47,408,0.3916212743069867,22
sho,chey,118,510,124,581,0.3915545134346297,45
chal,qol,59,147,55,143,0.39148168948387735,16
cthor,dor,45,63,41,69,0.3913723451167099,13
kal,chckhy,30,141,27,156,0.39123864671626835,17
she,qo,41,51,34,56,0.39086797998528583,14
chdy,shcthy,108,30,112,36,0.3907295134355129,15
ain,qoty,149,84,105,72,0.39065853311982746,14
chckhy,oty,141,114,156,79,0.39029670872764427,26
sho,qo,118,51,124,56,0.3900533404441095,23
chy,oky,197,103,151,92,0.390040963200285,19
she,chedy,41,341,34,408,0.39002747542847815,15
al,daly,311,33,250,25,0.3899452700262113,13
chcthy,shckhy,84,55,88,67,0.38993176791040124,21
chor,shor,215,91,199,87,0.3898824762207317,25
kchy,cthol,36,55,35,40,0.38984058779272523,7
dar,oly,287,65,245,37,0.3887665748980238,21
cthor,shy,45,94,41,82,0.388761805805281,9
shor,kar,91,58,87,47,0.38872930983719434,12
oky,dor,103,63,92,69,0.38871062409649165,12
chor,shy,215,94,199,82,0.3885460162966803,20
qoty,shckhy,84,55,72,67,0.3875666396994202,13
chor,qo,215,51,199,56,0.3875299889882773,16
chcthy,oly,84,65,88,37,0.3869206667253396,15
shol,she,176,41,179,34,0.38676339191429665,21
chey,ol,510,588,581,628,0.38670969895453744,101
cthey,shedy,47,255,47,298,0.3864903844602479,20
kol,chey,35,510,32,581,0.3860026082224948,15
dain,chckhy,173,141,145,156,0.385970498424294,31
chal,qoty,59,84,55,72,0.38593059049724354,13
cthy,oly,100,65,71,37,0.3856881028625836,10
d,dair,53,93,32,76,0.38516444325982163,6
or,qol,390,147,407,143,0.38509519796750397,28
chor,cheo,215,75,199,58,0.384973533979277,16
y,shckhy,210,55,185,67,0.3848781820212721,24
sol,air,63,95,76,76,0.38454573525291774,9
shody,qoty,50,84,44,72,0.3844529282682785,14
shody,dy,50,204,44,144,0.38388594797495723,17
shol,dol,176,97,179,91,0.383837019038645,24
chdy,cthy,108,100,112,71,0.3834994276478612,19
chor,chckhy,215,141,199,156,0.38306992572497767,31
chol,sol,367,63,365,76,0.3829980117451969,23
sal,sol,48,63,42,76,0.38240733329037374,11
chy,ol,197,588,151,628,0.3822530879142813,56
s,tol,328,42,285,46,0.38206907171941745,16
kchy,al,36,311,35,250,0.3820398074999257,13
shody,chey,50,510,44,581,0.3820115112293281,26
ckhey,chdy,32,108,32,112,0.38191436979850046,14
y,cthy,210,100,185,71,0.38183147169591247,15
ckhey,shey,32,344,32,382,0.38173329590946475,15
dair,qoty,93,84,76,72,0.3817111417071759,12
y,shey,210,344,185,382,0.3815126499167627,56
chy,chcthy,197,84,151,88,0.38131282419788354,31
char,ain,79,149,74,105,0.3812450744904341,16
dy,oty,204,114,144,79,0.38090768940267633,20
chy,tol,197,42,151,46,0.380898848585444,17
cthy,chey,100,510,71,581,0.3808318064251812,28
al,o,311,114,250,86,0.3803149210236106,22
shey,chy,344,197,382,151,0.38002736093281364,50
qo,chckhy,51,141,56,156,0.37998029782867415,22
shody,oty,50,114,44,79,0.37974686710126954,16
or,chal,390,59,407,55,0.37943570938118687,28
chcthy,oty,84,114,88,79,0.37920573898769383,23
tol,cthor,42,45,46,41,0.37904902178945177,9
kol,dar,35,287,32,245,0.37896416935880733,17
cthey,al,47,311,47,250,0.3787006115445847,26
ar,shol,449,176,400,179,0.37854145252887944,46
chor,chos,215,42,199,44,0.3783980698720477,14
chor,char,215,79,199,74,0.3783279113917122,23
cho,chos,77,42,58,44,0.37815144530510975,4
dor,cheo,63,75,69,58,0.37808605762478464,8
char,dal,79,190,74,138,0.37786653800496384,24
y,sho,210,118,185,124,0.3777138248135114,30
s,kar,328,58,285,47,0.37739039900023263,15
qo,dy,51,204,56,144,0.37732532636158367,23
dain,chey,173,510,145,581,0.3773019902867853,51
sol,daly,63,33,76,25,0.3770965855883414,7
chal,tol,59,42,55,46,0.37698503505030295,11
chal,oly,59,65,55,37,0.3768673314407158,13
chy,cthey,197,47,151,47,0.37668824237591486,24
chcthy,ody,84,38,88,29,0.3766551417629451,11
dal,tar,190,43,138,36,0.3761185651188545,15
or,al,390,311,407,250,0.37610330338059256,58
dar,chckhy,287,141,245,156,0.3760373883521244,40
chal,oky,59,103,55,92,0.3760222310914726,14
al,shckhy,311,55,250,67,0.3759525463569686,24
dol,qol,97,147,91,143,0.3756629576001094,12
shody,oky,50,103,44,92,0.37565274200835697,10
dair,qo,93,51,76,56,0.3755338080994054,14
kchy,cthor,36,45,35,41,0.37532084586936265,9
oly,dy,65,204,37,144,0.3747123653219175,14
tol,shy,42,94,46,82,0.3740878118331298,9
ckhey,shedy,32,255,32,298,0.3735041680195945,12
kal,kar,30,58,27,47,0.373018759184977,9
dar,chcthy,287,84,245,88,0.3728228370604079,30
shor,daly,91,33,87,25,0.37270675559686506,10
kar,sol,58,63,47,76,0.3723461482474974,9
dar,chey,287,510,245,581,0.37226709208352454,59
al,tar,311,43,250,36,0.3719456676884003,18
ol,oly,588,65,628,37,0.3717596181916079,25
cthy,chcthy,100,84,71,88,0.37174432782345174,18
dor,sar,63,77,69,49,0.37163898640254023,10
kchy,dal,36,190,35,138,0.3716208759570291,10
ain,chcthy,149,84,105,88,0.3715508621180127,20
chol,chey,367,510,365,581,0.37147100595406435,89
dy,key,204,33,144,36,0.37121293493384755,13
chcthy,shedy,84,255,88,298,0.3710334835724045,33
am,chody,115,80,39,87,0.3708353202654836,9
ches,oty,44,114,45,79,0.3708151701927348,15
chdy,dair,108,93,112,76,0.3698439019160811,25
she,shckhy,41,55,34,67,0.3698001308168194,11
dy,kar,204,58,144,47,0.3697624553277307,17
ody,dy,38,204,29,144,0.36964804356760816,11
al,cthor,311,45,250,41,0.3694743790686464,21
y,tar,210,43,185,36,0.3692879211996932,13
tol,cthol,42,55,46,40,0.3689653188899599,8
kchy,qol,36,147,35,143,0.3689288353620804,6
shol,cthey,176,47,179,47,0.3687572023594448,24
ar,qol,449,147,400,143,0.36857860463208286,34
kal,dy,30,204,27,144,0.36854230359837375,13
kar,key,58,33,47,36,0.36835473434187865,12
al,shedy,311,255,250,298,0.3682337809366516,44
o,l,114,156,86,144,0.36796977367754063,22
chdy,shy,108,94,112,82,0.3673563630192044,23
she,chy,41,197,34,151,0.36727658015579384,17
sho,qoty,118,84,124,72,0.36704132562878355,17
ain,oly,149,65,105,37,0.36703905580763513,10
cthey,dy,47,204,47,144,0.3664153091080648,18
sol,sar,63,77,76,49,0.36630445642527154,10
ol,chckhy,588,141,628,156,0.3659611513157268,56
dar,cthol,287,55,245,40,0.3659236344784601,15
chody,sor,80,43,87,47,0.3656523724229934,9
shol,shar,176,34,179,24,0.36552617660476633,11
y,shor,210,91,185,87,0.3652917736112432,22
chal,chey,59,510,55,581,0.3643925604067724,39
oly,kar,65,58,37,47,0.3642389098054354,9
ckhy,dy,38,204,29,144,0.36418618720013035,11
chor,dol,215,97,199,91,0.36409468294682645,21
dal,shor,190,91,138,87,0.36394994844745115,23
s,l,328,156,285,144,0.36378699951583837,23
chody,dol,80,97,87,91,0.36356600254646015,12
am,daly,115,33,39,25,0.36326960977236206,6
shody,shey,50,344,44,382,0.36320894935211734,25
shey,cthey,344,47,382,47,0.3630477336431572,22
char,dy,79,204,74,144,0.3626400744720401,22
am,kar,115,58,39,47,0.3624131393618194,9
dar,air,287,95,245,76,0.36224630267571545,24
y,oly,210,65,185,37,0.36201516226774044,18
dair,kar,93,58,76,47,0.3619112001591168,13
chol,l,367,156,365,144,0.3617119695702577,44
cthor,cheo,45,75,41,58,0.3616120435637729,7
kar,o,58,114,47,86,0.361131391263993,7
ain,tar,149,43,105,36,0.36107628675970055,12
cthy,dair,100,93,71,76,0.3610289189827877,12
sor,qoty,43,84,47,72,0.3602551648259658,12
r,tol,196,42,180,46,0.36002313796457014,14
s,sol,328,63,285,76,0.3599545952311321,17
dain,chcthy,173,84,145,88,0.35984961977561,27
chy,sheo,197,46,151,35,0.3594495151061449,18
chor,daly,215,33,199,25,0.35941033195558425,7
chor,r,215,196,199,180,0.3593834202772564,24
d,kar,53,58,32,47,0.3591627316465866,5
al,lor,311,38,250,42,0.3582016879782178,16
chdy,cthor,108,45,112,41,0.35810108469128726,16
shey,ckhy,344,38,382,29,0.358036228291215,16
cthol,chody,55,80,40,87,0.3575766899380551,10
ckhey,chody,32,80,32,87,0.35740006523479295,7
qo,o,51,114,56,86,0.35712394351633253,17
shar,kar,34,58,24,47,0.35687978939637643,7
cho,lor,77,38,58,42,0.35662337634840974,4
r,chal,196,59,180,55,0.3562961580492382,19
y,sar,210,77,185,49,0.3556411398327995,14
cthy,cthey,100,47,71,47,0.35538947731415377,13
chor,am,215,115,199,39,0.35527602465692204,14
cthy,ody,100,38,71,29,0.3551104121142175,10
dor,chckhy,63,141,69,156,0.3548793633464091,18
qo,shckhy,51,55,56,67,0.35478743759344955,13
al,chl,311,33,250,30,0.35461389283877665,16
ar,dy,449,204,400,144,0.35438011751882537,47
y,ckhey,210,32,185,32,0.3543405234204663,12
sho,dal,118,190,124,138,0.3537869023170047,24
sho,oky,118,103,124,92,0.3535202226781397,20
y,lor,210,38,185,42,0.35330939884144125,13
ain,dol,149,97,105,91,0.3531366515763373,13
oky,kar,103,58,92,47,0.35297374168985096,13
chal,shy,59,94,55,82,0.3529428679643902,12
sor,chl,43,33,47,30,0.3528038948697904,8
sho,kchy,118,36,124,35,0.35280034737282073,12
qo,sor,51,43,56,47,0.3527811580208692,10
dain,kar,173,58,145,47,0.3525681028700838,17
chol,sor,367,43,365,47,0.35256499356685517,16
y,cheo,210,75,185,58,0.35248634494135894,14
ain,dy,149,204,105,144,0.3524840972676279,26
ar,chdy,449,108,400,112,0.3521708439746107,46
y,shar,210,34,185,24,0.3518858836138167,16
ar,am,449,115,400,39,0.3517991856987522,22
sho,dar,118,287,124,245,0.35177726059146996,26
dain,oty,173,114,145,79,0.35141649543734,24
shor,sol,91,63,87,76,0.35136611240321564,11
chy,chedy,197,341,151,408,0.3510583743315137,37
dar,qo,287,51,245,56,0.3509823084052073,19
cthy,tol,100,42,71,46,0.35096133648568406,8
chckhy,key,141,33,156,36,0.3507853424905877,13
y,chdy,210,108,185,112,0.35064676973913705,39
shody,shy,50,94,44,82,0.35053409200798713,11
ches,key,44,33,45,36,0.35032452487268534,9
chdy,al,108,311,112,250,0.35022520372294236,38
am,air,115,95,39,76,0.3499829114078456,8
shol,key,176,33,179,36,0.34984065098860834,17
am,sor,115,43,39,47,0.34975315971020576,6
cthol,dair,55,93,40,76,0.3495010688839122,9
qoty,dor,84,63,72,69,0.3491694088895792,10
dair,dy,93,204,76,144,0.34911204114718547,15
dain,qo,173,51,145,56,0.3489617881180364,17
oky,l,103,156,92,144,0.34879358830103757,25
shody,cthey,50,47,44,47,0.34875597165181743,13
ckhey,cthor,32,45,32,41,0.3487251000462956,5
chal,cthor,59,45,55,41,0.3484813916980648,11
oky,chcthy,103,84,92,88,0.3483525319574712,20
dol,shor,97,91,91,87,0.3481438016936254,13
chdy,chy,108,197,112,151,0.3480161332882401,34
kchy,qoty,36,84,35,72,0.34771082484059707,9
cho,sor,77,43,58,47,0.34721483196269676,4
oly,chckhy,65,141,37,156,0.34686583016987066,16
chcthy,kar,84,58,88,47,0.34682376543912036,17
sor,oly,43,65,47,37,0.3466666666666667,9
shol,sal,176,48,179,42,0.3465296751145415,16
chol,she,367,41,365,34,0.3465010953332736,25
dor,oly,63,65,69,37,0.3462971033640562,11
dair,oly,93,65,76,37,0.3461221891190593,12
chdy,qoky,108,137,112,113,0.34597433700274466,29
shor,chckhy,91,141,87,156,0.34587418530340286,21
or,chl,390,33,407,30,0.3456478074901463,14
char,al,79,311,74,250,0.3455993581461494,28
shol,shedy,176,255,179,298,0.3455955446726496,38
al,kar,311,58,250,47,0.34523944142915963,26
she,shedy,41,255,34,298,0.3452383398798625,13
sor,cthor,43,45,47,41,0.3452135770694766,8
chckhy,kar,141,58,156,47,0.3447524591952303,20
shody,chol,50,367,44,365,0.34449548459356416,21
chcthy,shy,84,94,88,82,0.3441804948462093,24
sor,dy,43,204,47,144,0.3441236008058426,14
cthol,chckhy,55,141,40,156,0.34401648061622614,11
shody,cthor,50,45,44,41,0.34384095303675166,7
cthor,qoty,45,84,41,72,0.34369571925919046,7
char,am,79,115,74,39,0.34359710135414123,9
chal,dor,59,63,55,69,0.3435824574434601,12
ar,chl,449,33,400,30,0.3433202518599768,18
ckhy,chcthy,38,84,29,88,0.34275531069192616,11
sho,ol,118,588,124,628,0.34261303513719815,46
qo,qoky,51,137,56,113,0.3424075912604484,19
char,chey,79,510,74,581,0.3417959426892928,35
dal,air,190,95,138,76,0.34141531479696996,16
dy,qol,204,147,144,143,0.34136007019494896,27
shody,chedy,50,341,44,408,0.3413467659879363,15
shol,sheo,176,46,179,35,0.3410953065941816,18
dy,daly,204,33,144,25,0.3409016308284957,11
chal,am,59,115,55,39,0.34088932749037176,10
chor,air,215,95,199,76,0.3408544005606991,14
y,cho,210,77,185,58,0.3408451311590223,20
shcthy,chedy,30,341,36,408,0.3407651640470497,15
shol,shckhy,176,55,179,67,0.34073639373323983,19
r,dal,196,190,180,138,0.3405340600143536,24
ckhey,chal,32,59,32,55,0.34050261230349943,9
cho,tar,77,43,58,36,0.33999275762786196,3
qoky,chedy,137,341,113,408,0.33994188354105104,37
shody,sho,50,118,44,124,0.3397841913675454,17
ar,cthor,449,45,400,41,0.3395288894893748,20
kchy,ol,36,588,35,628,0.33929543245153665,16
cthey,shy,47,94,47,82,0.3391231227194379,14
am,kal,115,30,39,27,0.3390516357875379,8
shor,al,91,311,87,250,0.33850037611686745,28
shol,or,176,390,179,407,0.3380454422804076,38
r,qol,196,147,180,143,0.33763064607022764,24
shey,kol,344,35,382,32,0.33740775267784184,19
oly,key,65,33,37,36,0.337099931231621,9
chal,sar,59,77,55,49,0.33703860958378806,11
sal,kar,48,58,42,47,0.33687431280049684,10
shol,cthor,176,45,179,41,0.33660138533707407,14
oky,kal,103,30,92,27,0.33659562807192855,9
sho,chody,118,80,124,87,0.3365091663529004,25
char,chal,79,59,74,55,0.33645230966426365,14
chdy,ckhy,108,38,112,29,0.33634998607300864,11
tol,shckhy,42,55,46,67,0.33619908880831545,6
dol,sor,97,43,91,47,0.3360425912225679,7
kchy,chy,36,197,35,151,0.3357228501819507,13
chdy,am,108,115,112,39,0.3353930851693735,15
daly,l,33,156,25,144,0.3353666830097938,7
shody,qoky,50,137,44,113,0.33533643072356617,14
or,ain,390,149,407,105,0.33516459721855657,36
shor,dor,91,63,87,69,0.3351481206863169,15
kal,chcthy,30,84,27,88,0.33506201438013733,12
dy,l,204,156,144,144,0.33431725346298075,31
cheo,chl,75,33,58,30,0.33421342287388955,7
y,she,210,41,185,34,0.3340754492797365,12
shody,chy,50,197,44,151,0.3337399027884709,17
chdy,chal,108,59,112,55,0.3336625515205745,23
chal,qo,59,51,55,56,0.3336625515205745,17
cthor,l,45,156,41,144,0.3336490446592093,16
shol,ain,176,149,179,105,0.33349281729311325,27
shody,cthol,50,55,44,40,0.33333333333333326,8
chor,oly,215,65,199,37,0.33311078963433033,16
shol,char,176,79,179,74,0.33287837565982875,24
kchy,dar,36,287,35,245,0.33285439775544406,10
chody,qo,80,51,87,56,0.3327887733299383,14
dain,daly,173,33,145,25,0.3326543646596706,10
qo,dor,51,63,56,69,0.33253977091332537,12
dal,chl,190,33,138,30,0.33244498490712016,14
chor,qol,215,147,199,143,0.33239952284524327,18
shol,oly,176,65,179,37,0.33236574541889585,15
shey,dal,344,190,382,138,0.33221843681048163,46
dain,shey,173,344,145,382,0.33184096023279747,43
shol,o,176,114,179,86,0.3317718557573091,20
cthor,chos,45,42,41,44,0.33173989404362175,7
shody,dair,50,93,44,76,0.33166938169595755,15
kol,chedy,35,341,32,408,0.33166068773231516,16
chal,ches,59,44,55,45,0.33155726515211154,13
tol,chedy,42,341,46,408,0.3312822342385398,17
chol,cthey,367,47,365,47,0.3312652776121659,30
kol,qol,35,147,32,143,0.3312111350128228,10
kchy,l,36,156,35,144,0.33111080016715966,6
chal,chody,59,80,55,87,0.3310837695916073,12
chal,cthey,59,47,55,47,0.33072537342610564,13
d,dal,53,190,32,138,0.3305831625830131,8
dar,cho,287,77,245,58,0.33043330655566316,19
dal,chedy,190,341,138,408,0.33041357231159196,41
ain,cthey,149,47,105,47,0.33034020649321816,12
chal,chl,59,33,55,30,0.3303360556061336,14
kol,dair,35,93,32,76,0.3302643172229922,8
cthy,dar,100,287,71,245,0.33014156872252587,20
sal,dy,48,204,42,144,0.33005801612881525,16
shar,chal,34,59,24,55,0.3296902366978935,9
ar,dol,449,97,400,91,0.3291841739271062,29
shol,qol,176,147,179,143,0.32881371213007926,22
oky,chedy,103,341,92,408,0.3281529889390824,24
s,dal,328,190,285,138,0.32803085295120316,31
dal,chcthy,190,84,138,88,0.32793839447603695,37
dol,air,97,95,91,76,0.327737791994618,9
shey,tol,344,42,382,46,0.3275786715889752,20
r,al,196,311,180,250,0.3275338101134752,39
sho,l,118,156,124,144,0.326968868482763,27
shey,dar,344,287,382,245,0.32692002422890054,50
chody,cthey,80,47,87,47,0.32671776994646434,15
ar,key,449,33,400,36,0.3265326728364642,16
dor,qoky,63,137,69,113,0.3264509176312719,15
shey,qoky,344,137,382,113,0.3264500756149235,39
oky,am,103,115,92,39,0.3264062192355624,12
kol,cthey,35,47,32,47,0.3262313393781364,9
y,kchy,210,36,185,35,0.32611556872995645,16
or,oly,390,65,407,37,0.32601630897895584,22
ain,chckhy,149,141,105,156,0.32600017945421245,22
oty,shedy,114,255,79,298,0.32597385130291645,30
dal,chos,190,42,138,44,0.32561329480267176,13
chol,daly,367,33,365,25,0.325605326059851,14
chody,air,80,95,87,76,0.3255612283504588,10
shy,oty,94,114,82,79,0.3253341926923359,20
dair,lor,93,38,76,42,0.3253097988094813,7
shar,cthol,34,55,24,40,0.32530002431617777,5
shody,shedy,50,255,44,298,0.3252476168390671,19
d,dor,53,63,32,69,0.32521044699813184,8
char,l,79,156,74,144,0.3250300270946536,16
kal,qoty,30,84,27,72,0.32479622744662096,9
ain,lor,149,38,105,42,0.32463274151235366,11
kal,qol,30,147,27,143,0.3244760505742307,11
dal,lor,190,38,138,42,0.32446949893723204,10
chal,kal,59,30,55,27,0.32432906254830796,10
qo,qol,51,147,56,143,0.3241845261917523,18
oky,shor,103,91,92,87,0.32408294992417536,15
dar,chy,287,197,245,151,0.3240657986191578,43
cthey,cthor,47,45,47,41,0.3239851612839116,11
dair,ches,93,44,76,45,0.3238684736495998,11
cthy,dor,100,63,71,69,0.3238213373756521,13
chal,kar,59,58,55,47,0.32356440115666074,13
chey,shcthy,510,30,581,36,0.3234097458640165,23
ain,sal,149,48,105,42,0.3232991323827435,14
chor,chdy,215,108,199,112,0.322349103990249,32
kal,l,30,156,27,144,0.32221504838195875,16
dair,chos,93,42,76,44,0.32206118091958724,8
qo,shedy,51,255,56,298,0.32202214351916186,19
dor,tar,63,43,69,36,0.32195309646016795,10
y,ches,210,44,185,45,0.32180835689591397,20
oky,cthey,103,47,92,47,0.3217817401051081,15
cthy,ain,100,149,71,105,0.3216904200128564,14
ar,oky,449,103,400,92,0.32161096544146167,33
cthol,chos,55,42,40,44,0.3216020770783165,9
shar,sol,34,63,24,76,0.3215025884391737,7
she,shy,41,94,34,82,0.32146531242102483,10
chey,kal,510,30,581,27,0.32124314688523226,19
cthy,al,100,311,71,250,0.320988116562982,20
chor,d,215,53,199,32,0.32089181307226583,6
oly,ches,65,44,37,45,0.32075014954979203,10
or,cthor,390,45,407,41,0.32067122632114026,20
o,sol,114,63,86,76,0.3203276135375402,16
she,tol,41,42,34,46,0.31988163910820006,9
kol,qo,35,51,32,56,0.3198010745334156,9
cthor,oly,45,65,41,37,0.3196422009902561,8
shol,r,176,196,179,180,0.3195977225305819,24
dair,o,93,114,76,86,0.31950239036015854,10
ol,kal,588,30,628,27,0.31935953310450066,19
shey,ol,344,588,382,628,0.3192611419650268,85
sho,cthor,118,45,124,41,0.31915006490008646,12
s,chl,328,33,285,30,0.3191144750990141,14
dy,shcthy,204,30,144,36,0.3188324565321822,11
chdy,ody,108,38,112,29,0.31863474626616217,13
shol,kchy,176,36,179,35,0.3185801724608512,15
tol,tar,42,43,46,36,0.3184973724075164,7
dal,kal,190,30,138,27,0.31831736519263026,15
chdy,qo,108,51,112,56,0.3181818181818182,20
dar,cthey,287,47,245,47,0.3179256751296802,23
chcthy,key,84,33,88,36,0.317925392228937,16
chody,kar,80,58,87,47,0.317827414941087,11
oty,shcthy,114,30,79,36,0.31774263823676774,13
char,chody,79,80,74,87,0.3177116927738891,15
dal,shckhy,190,55,138,67,0.3174606920003484,23
shody,kol,50,35,44,32,0.3173727247710039,8
chey,l,510,156,581,144,0.3173529223776196,55
shol,ches,176,44,179,45,0.3172083195826086,18
sho,dor,118,63,124,69,0.3169502674606462,12
chor,she,215,41,199,34,0.3168427393334083,12
kal,chedy,30,341,27,408,0.31670946211135526,16
ckhey,qo,32,51,32,56,0.3165869118066518,10
sho,shey,118,344,124,382,0.31620212350201593,45
chy,shcthy,197,30,151,36,0.31606522282130495,16
qoty,ody,84,38,72,29,0.3158988758955939,7
dain,shor,173,91,145,87,0.31581906221142264,21
shar,chol,34,367,24,365,0.3158046796141653,15
ol,sal,588,48,628,42,0.315709805308879,28
chey,kar,510,58,581,47,0.31562991620435343,25
qo,qoty,51,84,56,72,0.31544983675475174,12
shol,shcthy,176,30,179,36,0.3154317520168507,16
chol,ain,367,149,365,105,0.3152273734009328,24
shar,cho,34,77,24,58,0.31499969238326314,5
oky,oty,103,114,92,79,0.3149613561567592,17
shor,shy,91,94,87,82,0.3148648840257147,13
chor,chl,215,33,199,30,0.3145888929431152,15
oly,qoky,65,137,37,113,0.3142300974702635,14
dain,r,173,196,145,180,0.3142107230587648,26
dar,chedy,287,341,245,408,0.31374451590976354,49
dal,sar,190,77,138,49,0.3136409278595879,15
chdy,ol,108,588,112,628,0.3131318428841744,50
dar,chl,287,33,245,30,0.3130788693699379,11
oly,sar,65,77,37,49,0.3130107162734597,10
sho,dair,118,93,124,76,0.3128178856552144,19
sho,chy,118,197,124,151,0.31281136489779804,30
cthy,kchy,100,36,71,35,0.31269686276826947,6
ol,shor,588,91,628,87,0.3125156922609446,31
chey,oly,510,65,581,37,0.312207381630224,17
ckhy,chedy,38,341,29,408,0.3119910303868127,15
tar,chl,43,33,36,30,0.3119588740528886,8
s,chal,328,59,285,55,0.3118527585984639,21
qo,cheo,51,75,56,58,0.3116113513990391,12
shey,shcthy,344,30,382,36,0.311421313681319,21
y,shedy,210,255,185,298,0.3114062644606798,36
ain,qo,149,51,105,56,0.31129985640235236,11
dain,sal,173,48,145,42,0.31106726453978045,14
ckhey,cthey,32,47,32,47,0.31081147595432457,9
am,tar,115,43,39,36,0.3106832215796711,9
dain,ckhey,173,32,145,32,0.31066390097531804,13
cthey,key,47,33,47,36,0.31061826246096835,8
she,al,41,311,34,250,0.3101604825580099,16
sho,chckhy,118,141,124,156,0.3101020364356034,23
sho,kol,118,35,124,32,0.3100868364730211,12
char,kal,79,30,74,27,0.3100327625626836,9
cthy,char,100,79,71,74,0.30989443226575275,9
ain,chey,149,510,105,581,0.30987190289183864,36
she,chody,41,80,34,87,0.30970589426965256,11
dar,key,287,33,245,36,0.3096131511294911,14
dain,kal,173,30,145,27,0.30944592061364706,10
sho,cthol,118,55,124,40,0.3093969872615047,8
shody,dar,50,287,44,245,0.30929259580917456,20
shar,dy,34,204,24,144,0.30907331782195896,9
y,d,210,53,185,32,0.3090649135394545,11
kar,qol,58,147,47,143,0.30899690433159727,11
or,air,390,95,407,76,0.3086895834780505,30
chdy,she,108,41,112,34,0.3079565902914373,17
cthy,shey,100,344,71,382,0.30761675157614327,27
shey,oty,344,114,382,79,0.3075828398778583,31
cthor,shcthy,45,30,41,36,0.30754069777539583,5
r,chl,196,33,180,30,0.30740174824476574,9
oly,tar,65,43,37,36,0.3073181485764296,7
chal,lor,59,38,55,42,0.30713563475547073,8
y,cthey,210,47,185,47,0.3071019164584181,19
sho,chcthy,118,84,124,88,0.30684663644823473,21
cthy,shor,100,91,71,87,0.30679802707004433,13
shy,shckhy,94,55,82,67,0.3067050196328208,7
shar,dain,34,173,24,145,0.306697048856629,9
kchy,sol,36,63,35,76,0.3062559380486915,7
y,kar,210,58,185,47,0.30610359008691324,19
oky,key,103,33,92,36,0.3060730460762072,13
shody,ain,50,149,44,105,0.30606668389142,8
daly,air,33,95,25,76,0.30592618704273405,7
dair,chckhy,93,141,76,156,0.3052097087491338,17
ol,chl,588,33,628,30,0.30494482880594026,13
shol,s,176,328,179,285,0.3049106301485368,25
or,dol,390,97,407,91,0.30474265722317134,25
dy,ches,204,44,144,45,0.30464244212496,17
s,she,328,41,285,34,0.30404267209986263,11
oty,chedy,114,341,79,408,0.3036551734036213,31
qoky,lor,137,38,113,42,0.3035118901037139,7
shody,dal,50,190,44,138,0.3034457387888852,14
tol,cheo,42,75,46,58,0.30285653714467425,8
sar,l,77,156,49,144,0.30284852439570864,11
chey,oty,510,114,581,79,0.30269770429390336,32
kar,oty,58,114,47,79,0.30237987426533103,10
shody,ckhey,50,32,44,32,0.3023715784073818,6
ain,key,149,33,105,36,0.30212856394343385,10
shar,al,34,311,24,250,0.30201225376659496,16
kol,sor,35,43,32,47,0.3018691769624716,7
chor,kchy,215,36,199,35,0.3016219300737165,7
qoty,oty,84,114,72,79,0.301408609151562,16
shar,oty,34,114,24,79,0.30125786715206027,7
she,ches,41,44,34,45,0.3012320380383546,8
cthol,al,55,311,40,250,0.3008740675755495,15
oly,oty,65,114,37,79,0.30063735595328883,11
chal,d,59,53,55,32,0.3002950776409672,8
or,dy,390,204,407,144,0.2997230336331437,35
dal,ckhy,190,38,138,29,0.29957609548343606,10
shar,oky,34,103,24,92,0.29938962296890553,9
shody,dain,50,173,44,145,0.2993056723522841,15
chckhy,l,141,156,156,144,0.2990779870329955,29
chy,dor,197,63,151,69,0.29902456774638236,15
dal,cheo,190,75,138,58,0.2988915899328224,12
shol,ody,176,38,179,29,0.29872941460844904,10
chor,ches,215,44,199,45,0.2985290570566618,18
dal,daly,190,33,138,25,0.29842252986809076,10
chey,cthor,510,45,581,41,0.2982913216850942,20
ol,cthey,588,47,628,47,0.29800764289025666,28
sor,air,43,95,47,76,0.2974452625451047,6
ckhey,al,32,311,32,250,0.2972958090854334,16
or,qo,390,51,407,56,0.297130632591159,18
chor,sar,215,77,199,49,0.29709798970136353,15
shar,kol,34,35,24,32,0.296683051981965,8
she,ol,41,588,34,628,0.2963531045582122,21
kchy,oky,36,103,35,92,0.2961436978509845,10
dain,shedy,173,255,145,298,0.29592231336196423,35
she,o,41,114,34,86,0.29559878344928797,9
ody,chedy,38,341,29,408,0.2955587540385454,14
r,qo,196,51,180,56,0.2955001088851867,19
kar,l,58,156,47,144,0.2952141163542458,17
ar,chckhy,449,141,400,156,0.2948869772874902,47
qoky,shedy,137,255,113,298,0.2945592650650075,34
oty,qoky,114,137,79,113,0.2944497838890522,22
dor,chos,63,42,69,44,0.29436867984522636,7
shol,daly,176,33,179,25,0.294203671698355,8
dain,chedy,173,341,145,408,0.293875963792916,39
am,chckhy,115,141,39,156,0.29372522840900395,12
cthey,qol,47,147,47,143,0.2936517935175197,12
chol,dol,367,97,365,91,0.2935747218486877,32
shey,qol,344,147,382,143,0.29349326493842404,35
ckhey,shor,32,91,32,87,0.29346959282671115,8
kol,ain,35,149,32,105,0.29345664633585744,10
shol,cheo,176,75,179,58,0.29330190565838854,16
chal,air,59,95,55,76,0.29293746257419007,14
kchy,shy,36,94,35,82,0.29259693879412335,9
dol,tar,97,43,91,36,0.2922792084264495,7
shol,ckhy,176,38,179,29,0.2922644611172898,12
kchy,dair,36,93,35,76,0.29196364741690733,6
or,oty,390,114,407,79,0.29187599895058036,21
cthor,ody,45,38,41,29,0.29184818148727604,5
qol,shedy,147,255,143,298,0.2915842951239575,24
cthy,shcthy,100,30,71,36,0.2915676758522342,7
chey,ody,510,38,581,29,0.2913020323649647,16
kal,shy,30,94,27,82,0.29099384762368896,10
shcthy,shedy,30,255,36,298,0.2909103123087836,14
y,kal,210,30,185,27,0.29077757568922374,17
char,tol,79,42,74,46,0.29061909685954823,10
chody,sheo,80,46,87,35,0.29020760752299923,12
chy,ody,197,38,151,29,0.2901358488665539,10
r,ain,196,149,180,105,0.2900038037802343,24
shody,chor,50,215,44,199,0.2896939979124622,16
cthey,oty,47,114,47,79,0.2896119118022347,14
chol,chdy,367,108,365,112,0.2895871844327858,46
shy,sheo,94,46,82,35,0.289177615627128,11
dal,cthey,190,47,138,47,0.289092524614419,18
cthol,ol,55,588,40,628,0.2889191527416453,14
ckhey,kchy,32,36,32,35,0.28879794895246214,7
char,qoky,79,137,74,113,0.2887832029526252,19
chy,sol,197,63,151,76,0.288551262174073,13
cthy,ol,100,588,71,628,0.28851173959394866,20
chody,lor,80,38,87,42,0.28796224978408247,7
al,oly,311,65,250,37,0.2876906346984852,16
sho,cho,118,77,124,58,0.28756270219259605,15
shody,shcthy,50,30,44,36,0.287494454249973,7
cho,qo,77,51,58,56,0.28737530616981427,13
she,cheo,41,75,34,58,0.2873204807817469,7
shckhy,shcthy,55,30,67,36,0.28729720245711154,14
sho,shy,118,94,124,82,0.2870846258816073,20
kchy,sor,36,43,35,47,0.2870243521435145,6
chy,l,197,156,151,144,0.2868682878919876,36
cho,oty,77,114,58,79,0.2866654092653303,13
chey,shor,510,91,581,87,0.2865662262595267,32
shody,shor,50,91,44,87,0.2865461233255326,13
dal,o,190,114,138,86,0.2865047925051472,19
tol,shor,42,91,46,87,0.2864822215689322,11
dar,shedy,287,255,245,298,0.2864257075183801,36
tol,lor,42,38,46,42,0.2863513306204547,7
y,oty,210,114,185,79,0.2862226551017246,21
chy,dair,197,93,151,76,0.2862150941521411,21
chey,o,510,114,581,86,0.28619618832707727,34
shey,l,344,156,382,144,0.2861865329559973,42
cthor,tar,45,43,41,36,0.28602803212078903,7
or,chol,390,367,407,365,0.2858214296633816,52
char,chy,79,197,74,151,0.285798183102647,23
qo,cthor,51,45,56,41,0.285718950551559,11
ckhey,tol,32,42,32,46,0.28571428571428575,4
chey,tol,510,42,581,46,0.2856850717879308,19
ches,sol,44,63,45,76,0.28562811185292314,8
shody,char,50,79,44,74,0.2855936038564354,10
oky,sol,103,63,92,76,0.28559038965724703,16
s,dain,328,173,285,145,0.2854937806071194,36
s,al,328,311,285,250,0.28542078627407313,38
cheo,l,75,156,58,144,0.28539997084149704,14
ar,qo,449,51,400,56,0.28511844818474286,27
char,key,79,33,74,36,0.2850169183305506,11
cthor,oty,45,114,41,79,0.28501314530596455,10
sho,shedy,118,255,124,298,0.2847632799491676,37
s,oly,328,65,285,37,0.2846347546974068,17
ckhy,chckhy,38,141,29,156,0.2845213189769458,11
ol,shckhy,588,55,628,67,0.2843173549928235,33
s,oty,328,114,285,79,0.2842897697573131,17
chor,o,215,114,199,86,0.284261242008128,13
ol,chedy,588,341,628,408,0.28418823116238434,77
char,sol,79,63,74,76,0.28392986215849314,9
she,chcthy,41,84,34,88,0.28388748697883437,13
cheo,kar,75,58,58,47,0.28386659691340876,3
char,qoty,79,84,74,72,0.28378378378378377,14
dol,dair,97,93,91,76,0.2837795965627758,9
chl,sar,33,77,30,49,0.2837170351550145,8
char,dor,79,63,74,69,0.2837001447227831,11
am,dy,115,204,39,144,0.28360293018509053,8
am,sal,115,48,39,42,0.2832856927186044,4
chal,shor,59,91,55,87,0.2831269618025617,14
chor,tar,215,43,199,36,0.2831155593458762,10
sho,chedy,118,341,124,408,0.28310738805726504,29
dal,shedy,190,255,138,298,0.2829905511233985,33
oly,sol,65,63,37,76,0.28269851531384527,7
chol,oly,367,65,365,37,0.2826470412561287,21
cho,al,77,311,58,250,0.28242837087759604,23
al,chcthy,311,84,250,88,0.28232122778752833,38
cthey,qoty,47,84,47,72,0.2822742201107156,10
s,dol,328,97,285,91,0.28191341758991334,23
chey,sheo,510,46,581,35,0.28172081473824384,25
qo,sol,51,63,56,76,0.28157560385073005,11
chy,daly,197,33,151,25,0.281449903386634,11
chol,qol,367,147,365,143,0.28144556439494467,30
sho,dol,118,97,124,91,0.2813628547791591,18
ol,shy,588,94,628,82,0.28127204223451746,34
chol,ckhy,367,38,365,29,0.2811329999894473,16
shey,oky,344,103,382,92,0.2810359361390878,24
chal,kchy,59,36,55,35,0.2809613029891601,7
chal,she,59,41,55,34,0.2809003238667948,11
al,sal,311,48,250,42,0.28055734754244827,20
dy,o,204,114,144,86,0.28053210626755104,19
kchy,cthey,36,47,35,47,0.28050536489530137,8
dy,chos,204,42,144,44,0.2804272056936863,13
chdy,shor,108,91,112,87,0.28020063649858984,21
cthy,chedy,100,341,71,408,0.2801950115555996,21
kchy,qo,36,51,35,56,0.2798866861070053,8
shol,cho,176,77,179,58,0.279673981182371,17
oty,shckhy,114,55,79,67,0.27967105989950675,14
or,oky,390,103,407,92,0.27960179710795363,27
dar,shy,287,94,245,82,0.279173072434016,24
char,shy,79,94,74,82,0.2790404591875126,14
r,oty,196,114,180,79,0.2789502246112602,12
sor,oty,43,114,47,79,0.2787728209748678,9
shckhy,key,55,33,67,36,0.27874733666903023,8
tol,o,42,114,46,86,0.2786932057166471,10
shor,qoty,91,84,87,72,0.2786070355419245,11
cthey,chcthy,47,84,47,88,0.2785353236384915,15
tar,oty,43,114,36,79,0.2779150536832552,7
shar,shor,34,91,24,87,0.27783625115549687,8
cthy,oty,100,114,71,79,0.2778336415026898,14
chey,qol,510,147,581,143,0.2775609803000228,46
shody,kar,50,58,44,47,0.27753483809054413,8
chor,chey,215,510,199,581,0.2773626069236322,49
oky,ckhy,103,38,92,29,0.2771809306079386,9
chor,kar,215,58,199,47,0.2770713785329542,14
dair,shor,93,91,76,87,0.2769074001478755,22
chol,cheo,367,75,365,58,0.27675076018436323,19
chey,ckhy,510,38,581,29,0.27648948035075993,12
dal,ches,190,44,138,45,0.2764727353098108,14
dy,lor,204,38,144,42,0.27629564910487764,10
dol,cheo,97,75,91,58,0.2762910419814062,12
shey,kal,344,30,382,27,0.2760676749290051,18
kchy,ain,36,149,35,105,0.27562276884912323,4
ar,chey,449,510,400,581,0.2751785225881276,81
char,shcthy,79,30,74,36,0.27509212216215073,10
d,chl,53,33,32,30,0.2750095491084634,4
she,oty,41,114,34,79,0.27500954910846337,11
dair,cthey,93,47,76,47,0.27494116888411485,15
chor,cthey,215,47,199,47,0.27487387804979646,17
al,oty,311,114,250,79,0.27484619325852333,26
oky,qo,103,51,92,56,0.2746949527624611,12
chey,dair,510,93,581,76,0.27416661869643727,30
she,qoty,41,84,34,72,0.27399831217559545,10
shor,chedy,91,341,87,408,0.2735874720598801,27
shey,shor,344,91,382,87,0.27358473666548894,34
sho,ain,118,149,124,105,0.27343501732794745,16
r,oly,196,65,180,37,0.27341589310671044,11
kal,shor,30,91,27,87,0.273318287437701,9
kal,shedy,30,255,27,298,0.27282919974351844,12
chcthy,qoky,84,137,88,113,0.2727456013670862,25
dain,sho,173,118,145,124,0.27247026565960747,21
cho,l,77,156,58,144,0.2724146449105999,19
ckhey,oty,32,114,32,79,0.272245563891909,10
or,she,390,41,407,34,0.27158623420313505,9
dair,oty,93,114,76,79,0.2715600901612974,17
d,sol,53,63,32,76,0.27151823034599865,7
dor,o,63,114,69,86,0.2714041947806401,11
chckhy,qol,141,147,156,143,0.27130234663719127,24
qoty,kar,84,58,72,47,0.2711411945797695,13
shody,ckhy,50,38,44,29,0.27105237087157535,7
char,cthey,79,47,74,47,0.270983251306287,13
cthol,sor,55,43,40,47,0.2709184847824625,7
shol,lor,176,38,179,42,0.27086816944298076,9
kol,she,35,41,32,34,0.2708333333333333,6
shar,am,34,115,24,39,0.27080128015453203,8
shey,chal,344,59,382,55,0.2707941342924948,24
kal,key,30,33,27,36,0.2707651805369412,7
ol,oty,588,114,628,79,0.27064128913990027,34
kal,qoky,30,137,27,113,0.27042395144039133,10
ckhy,qo,38,51,29,56,0.27028123880866767,7
kol,l,35,156,32,144,0.2700179345647159,13
s,cthor,328,45,285,41,0.2699014707838197,16
d,cthol,53,55,32,40,0.2698412698412698,5
she,daly,41,33,34,25,0.26940795304016235,6
kol,daly,35,33,32,25,0.2694079530401623,5
chy,oty,197,114,151,79,0.26934551121798206,18
chol,chos,367,42,365,44,0.26932804261369486,12
dal,oty,190,114,138,79,0.26908754030246895,16
chckhy,air,141,95,156,76,0.2690437620976049,18
dol,shckhy,97,55,91,67,0.2686979714043089,13
dol,kar,97,58,91,47,0.2684712310845391,9
oty,sar,114,77,79,49,0.2683093915148497,6
y,sal,210,48,185,42,0.2682590243306957,17
sho,ody,118,38,124,29,0.2681296162758981,9
qo,air,51,95,56,76,0.2680393547481039,12
ar,she,449,41,400,34,0.26801177536328735,15
char,chl,79,33,74,30,0.26784484035643547,8
tar,qoky,43,137,36,113,0.2677953099824562,10
kal,oly,30,65,27,37,0.26773977630083295,5
kal,sol,30,63,27,76,0.2676169317078552,7
dor,kar,63,58,69,47,0.2675861370088349,10
shol,chos,176,42,179,44,0.2675083628546441,10
oly,l,65,156,37,144,0.2674363334210978,8
d,cthor,53,45,32,41,0.26743185236191797,4
r,key,196,33,180,36,0.2670791145999501,11
s,qo,328,51,285,56,0.26706711583678255,14
dol,chckhy,97,141,91,156,0.26672085369251225,18
cthey,l,47,156,47,144,0.26654376077392383,15
oty,o,114,114,79,86,0.2664587111694745,9
daly,chedy,33,341,25,408,0.2663911363553456,12
y,chos,210,42,185,44,0.2663810606321346,10
shor,oty,91,114,87,79,0.26631931594745634,12
chckhy,shcthy,141,30,156,36,0.26627685093627235,12
r,dy,196,204,180,144,0.2662287108148092,29
ain,chedy,149,341,105,408,0.2661076112970048,35
char,cho,79,77,74,58,0.2659139806946032,8
dain,sar,173,77,145,49,0.2658452316951361,15
shckhy,daly,55,33,67,25,0.26567225673958283,7
cthol,oly,55,65,40,37,0.26560635762986523,7
cthy,sheo,100,46,71,35,0.2655280235320201,8
oky,sor,103,43,92,47,0.2654035123924397,8
kchy,tol,36,42,35,46,0.2652226061808326,5
shol,tar,176,43,179,36,0.2648580734092408,13
sal,oty,48,114,42,79,0.2648105012358155,9
dain,cheo,173,75,145,58,0.2647338457561188,12
chor,lor,215,38,199,42,0.26472223989241933,8
cthor,qol,45,147,41,143,0.2647076361914385,10
y,chl,210,33,185,30,0.26443138561072055,10
sheo,dy,46,204,35,144,0.2643809831213286,13
chey,cthol,510,55,581,40,0.2642076049144016,17
shody,kal,50,30,44,27,0.2640084484055256,5
ckhey,chcthy,32,84,32,88,0.263828093951146,15
al,sheo,311,46,250,35,0.2637230597959134,19
chl,l,33,156,30,144,0.26371839147389226,9
chal,chcthy,59,84,55,88,0.2636437163167711,16
tol,sar,42,77,46,49,0.26352531567571075,8
chody,sal,80,48,87,42,0.2635181178549165,12
shol,d,176,53,179,32,0.26348416428246985,9
cho,kar,77,58,58,47,0.263477399713271,10
qo,shy,51,94,56,82,0.2631806779839076,10
sho,tol,118,42,124,46,0.26311740579210874,9
sheo,chckhy,46,141,35,156,0.2628796132394268,11
ckhey,dor,32,63,32,69,0.262821022499802,6
shey,daly,344,33,382,25,0.26260095907880965,16
chy,shckhy,197,55,151,67,0.26258325961596213,25
cthy,ckhy,100,38,71,29,0.26239752097989305,10
ar,chody,449,80,400,87,0.26222749289914915,27
chl,o,33,114,30,86,0.261922994512232,5
chol,shey,367,344,365,382,0.2615714634150507,70
sho,oty,118,114,124,79,0.2615156459876071,17
shol,kal,176,30,179,27,0.26151437484298223,12
ckhey,shckhy,32,55,32,67,0.26148818018424536,7
l,chedy,156,341,144,408,0.26126220659242005,37
sor,chckhy,43,141,47,156,0.2612563912343281,15
shey,ody,344,38,382,29,0.2611376558264936,14
dar,ody,287,38,245,29,0.2610014313879751,16
kol,oly,35,65,32,37,0.2608745973749755,6
ckhy,shy,38,94,29,82,0.2608202654786505,10
shor,qoky,91,137,87,113,0.26037115340733374,15
qoty,key,84,33,72,36,0.2602328384757201,8
kchy,chody,36,80,35,87,0.26020942637466643,7
kol,ody,35,38,32,29,0.26020824993326663,6
or,key,390,33,407,36,0.26020459013658914,15
sho,chdy,118,108,124,112,0.26003556029607294,22
char,qol,79,147,74,143,0.25987869972447425,12
chal,cho,59,77,55,58,0.25963080785400416,11
am,oty,115,114,39,79,0.25957596025900587,8
sho,qol,118,147,124,143,0.2595615566444785,23
chal,daly,59,33,55,25,0.25946325003864623,8
kal,sal,30,48,27,42,0.25941664685011806,6
chol,chedy,367,341,365,408,0.2592955678998485,59
chody,chcthy,80,84,87,88,0.25924320035314313,15
cho,dair,77,93,58,76,0.25900594339123895,11
shody,oly,50,65,44,37,0.25896619868911863,6
y,sheo,210,46,185,35,0.2588624129713425,19
shar,dol,34,97,24,91,0.25884681771633977,6
dair,kal,93,30,76,27,0.2588387888443729,8
shey,ain,344,149,382,105,0.2586721513192678,35
oky,qol,103,147,92,143,0.2586324446717377,17
chy,sor,197,43,151,47,0.2584216991282577,14
tol,shedy,42,255,46,298,0.25807010675490194,13
oky,o,103,114,92,86,0.2577533216170866,16
dor,shckhy,63,55,69,67,0.2577172158286344,7
shol,am,176,115,179,39,0.25768811003873654,10
dar,daly,287,33,245,25,0.2576184825961838,10
oly,shedy,65,255,37,298,0.25732546547018315,11
qoty,oly,84,65,72,37,0.2573251177328327,10
am,qoky,115,137,39,113,0.2571621206723081,10
chol,sheo,367,46,365,35,0.2571515316535329,20
r,she,196,41,180,34,0.2570560381280746,6
s,dy,328,204,285,144,0.25641566614072797,31
cthol,qo,55,51,40,56,0.25641129703418536,6
tol,oly,42,65,46,37,0.2559939058231545,7
d,dy,53,204,32,144,0.2559239653166381,8
dain,ches,173,44,145,45,0.25579251022450034,18
sho,cthey,118,47,124,47,0.2555622163859946,19
chy,oly,197,65,151,37,0.2555016799290683,12
dain,ody,173,38,145,29,0.25519669049507,11
chal,o,59,114,55,86,0.2550323673027163,12
chody,oly,80,65,87,37,0.25484862320390456,9
shol,sar,176,77,179,49,0.25477724091019827,10
sal,tar,48,43,42,36,0.2547719021193928,8
r,cthor,196,45,180,41,0.254737314098473,11
al,key,311,33,250,36,0.25457379457870694,17
dal,sal,190,48,138,42,0.2545336747471412,10
she,sar,41,77,34,49,0.2545139051903111,6
shey,oly,344,65,382,37,0.2542832113785233,13
shckhy,l,55,156,67,144,0.25386271404640504,14
sho,chal,118,59,124,55,0.25384446470841,16
chor,oty,215,114,199,79,0.25376093499076474,20
she,shor,41,91,34,87,0.25362863675089403,14
sal,chckhy,48,141,42,156,0.2535248466525176,12
dair,key,93,33,76,36,0.2534723885322655,10
kol,chcthy,35,84,32,88,0.2534709705168165,14
dol,oty,97,114,91,79,0.2534338307290487,14
she,sor,41,43,34,47,0.2534210374499761,7
shody,kchy,50,36,44,35,0.2533963820652714,9
dair,chcthy,93,84,76,88,0.2532681125647389,17
cthor,lor,45,38,41,42,0.25326278077284614,5
chal,sal,59,48,55,42,0.2529189909674716,9
oky,shckhy,103,55,92,67,0.2526697143974558,12
d,she,53,41,32,34,0.2524133951395119,4
dain,shcthy,173,30,145,36,0.2522624895547565,13
shor,cthor,91,45,87,41,0.252142554061404,13
chody,oty,80,114,87,79,0.2521093518844186,16
qol,chedy,147,341,143,408,0.2520774889398548,22
sho,shcthy,118,30,124,36,0.2520247676647744,8
chdy,sal,108,48,112,42,0.2519516299301344,12
am,shor,115,91,39,87,0.2518310500572651,11
kar,qoky,58,137,47,113,0.25139185464405017,15
dor,ches,63,44,69,45,0.25134651249315204,10
chdy,tol,108,42,112,46,0.251259453814803,15
cthor,sheo,45,46,41,35,0.2511537716003215,8
ches,chl,44,33,45,30,0.25092421756969363,5
chol,air,367,95,365,76,0.2509209940835828,21
shy,dor,94,63,82,69,0.2509160895481322,12
shy,qol,94,147,82,143,0.25088884859728755,14
dain,shckhy,173,55,145,67,0.2508726030021272,19
shey,air,344,95,382,76,0.2508676735580416,29
sheo,qoky,46,137,35,113,0.25082036561812515,13
shy,sol,94,63,82,76,0.25081779740824506,11
chey,cho,510,77,581,58,0.25056662256140916,35
char,dol,79,97,74,91,0.25055960727981935,15
ar,chol,449,367,400,365,0.2505345239904851,73
ar,qoky,449,137,400,113,0.2503556405272716,36
shar,sho,34,118,24,124,0.24910094751181105,6
sal,qol,48,147,42,143,0.24907996524573497,12
sho,qoky,118,137,124,113,0.24900499532375428,25
chckhy,daly,141,33,156,25,0.24897004791035257,9
daly,qol,33,147,25,143,0.24876497210691012,6
or,am,390,115,407,39,0.24863514552967994,18
shor,sheo,91,46,87,35,0.24846359494186787,9
dy,sar,204,77,144,49,0.2480694691784169,10
or,qoky,390,137,407,113,0.2480396373336642,34
chdy,sor,108,43,112,47,0.247900273203854,17
chy,shedy,197,255,151,298,0.2476786756350246,33
chey,ches,510,44,581,45,0.2473545034708995,25
cheo,oty,75,114,58,79,0.24735404619990822,7
dair,chl,93,33,76,30,0.2471557663714904,6
shody,shckhy,50,55,44,67,0.24708310555370042,7
cthey,shor,47,91,47,87,0.2470371510050836,16
kol,kal,35,30,32,27,0.24695729028681548,10
kchy,dy,36,204,35,144,0.24692963394647596,11
char,shedy,79,255,74,298,0.24689222553025994,25
kal,cthey,30,47,27,47,0.24670685574572424,8
char,air,79,95,74,76,0.24668859551648253,12
sho,shckhy,118,55,124,67,0.24654082828843832,16
sho,air,118,95,124,76,0.2464833637043196,19
chor,chcthy,215,84,199,88,0.24617262262717163,29
ain,shedy,149,255,105,298,0.24611520845383555,27
ckhy,qoky,38,137,29,113,0.24601904161611438,13
oly,chos,65,42,37,44,0.24600832214103602,6
am,cthor,115,45,39,41,0.24575816200113804,8
ain,shor,149,91,105,87,0.2455662208949253,18
ol,shedy,588,255,628,298,0.2455498892062092,54
sar,qol,77,147,49,143,0.2452300782971023,11
r,air,196,95,180,76,0.24512835377959713,16
o,key,114,33,86,36,0.24509756329670146,7
d,oty,53,114,32,79,0.24499797877501261,3
cthol,oty,55,114,40,79,0.24499797877501261,9
shar,oly,34,65,24,37,0.24494897427831783,5
cho,dal,77,190,58,138,0.24486450258353398,16
cthy,sor,100,43,71,47,0.2446364538156959,8
chdy,l,108,156,112,144,0.24458276182316924,24
cthy,qo,100,51,71,56,0.24428388199487056,9
s,qol,328,147,285,143,0.24424889618857276,26
chy,o,197,114,151,86,0.24367150085844935,18
chal,cheo,59,75,55,58,0.2436291318453774,9
sho,sol,118,63,124,76,0.24362007512131903,14
dol,sar,97,77,91,49,0.24356716713362486,8
she,dor,41,63,34,69,0.24336521425332303,8
chol,char,367,79,365,74,0.24335204142700156,24
dol,cthor,97,45,91,41,0.24320013619211442,12
sho,key,118,33,124,36,0.24308621740219885,13
sho,cthy,118,100,124,71,0.24297615248570162,14
shar,cthy,34,100,24,71,0.24293289905367477,7
al,cheo,311,75,250,58,0.2428073374782089,18
l,shedy,156,255,144,298,0.24268941485623166,28
she,qoky,41,137,34,113,0.24257804639377287,13
cthol,ody,55,38,40,29,0.242510945756184,4
chol,chl,367,33,365,30,0.2424517462079429,15
oly,o,65,114,37,86,0.24235895708157745,7
shody,qo,50,51,44,56,0.24216622497673068,9
chal,chedy,59,341,55,408,0.24204348268201015,22
s,chol,328,367,285,365,0.2419198813769217,39
or,cthol,390,55,407,40,0.24162989450763755,13
ar,sal,449,48,400,42,0.2413143098561454,27
chdy,tar,108,43,112,36,0.24130758866434224,16
oky,shedy,103,255,92,298,0.24127933703528853,17
ol,key,588,33,628,36,0.24108673004896572,17
chor,cho,215,77,199,58,0.24096043093301087,15
dair,shy,93,94,76,82,0.24090602791485788,12
oly,chedy,65,341,37,408,0.2407564476585048,16
shey,kar,344,58,382,47,0.24045535305260932,19
cthol,cheo,55,75,40,58,0.24038492406450115,5
cthy,sol,100,63,71,76,0.2403186334239659,8
chol,d,367,53,365,32,0.2400355634587415,11
shol,air,176,95,179,76,0.2398932329441136,18
chdy,kol,108,35,112,32,0.23985080590006172,11
dain,o,173,114,145,86,0.23979242123400232,16
ches,l,44,156,45,144,0.23948443614231746,17
ckhy,shedy,38,255,29,298,0.239259314512798,13
she,dar,41,287,34,245,0.23905983443422976,13
kol,shcthy,35,30,32,36,0.23904572186687872,7
dor,chl,63,33,69,30,0.239037978617541,6
chy,cheo,197,75,151,58,0.23858071072575654,17
cho,dy,77,204,58,144,0.23786329554687718,18
d,qo,53,51,32,56,0.23741786762424572,6
char,shey,79,344,74,382,0.23728616385496953,26
char,chedy,79,341,74,408,0.23706383127039538,24
al,sar,311,77,250,49,0.23682046695465142,15
dy,tar,204,43,144,36,0.23639448585188372,9
dain,chl,173,33,145,30,0.23638294399772306,10
chal,key,59,33,55,36,0.235935052808204,9
ckhey,she,32,41,32,34,0.23570226039551578,4
ckhy,dor,38,63,29,69,0.2355984039197113,7
ckhy,cthor,38,45,29,41,0.23558612229514372,5
char,shckhy,79,55,74,67,0.23557972217023582,13
kol,shedy,35,255,32,298,0.23519361904315642,12
r,dol,196,97,180,91,0.2349188826162229,17
sho,kar,118,58,124,47,0.23487544638750346,12
shody,al,50,311,44,250,0.23486598132172995,15
ckhey,key,32,33,32,36,0.2345207879911715,7
tol,kar,42,58,46,47,0.23447857265779773,10
ckhy,shckhy,38,55,29,67,0.2344036154692477,6
chor,shckhy,215,55,199,67,0.2343369729077076,17
char,cthol,79,55,74,40,0.23433321342066496,7
kol,sheo,35,46,32,35,0.23426064283290915,6
she,oky,41,103,34,92,0.234260642832909,10
oky,cheo,103,75,92,58,0.23411436705040875,9
dain,d,173,53,145,32,0.2340723847883247,8
oky,chos,103,42,92,44,0.23356735737410164,6
chdy,sheo,108,46,112,35,0.23307450537420946,14
chy,qol,197,147,151,143,0.2329706992772181,30
char,she,79,41,74,34,0.23289856534925615,10
r,oky,196,103,180,92,0.23273486814169694,15
shckhy,air,55,95,67,76,0.23245932317735454,8
y,key,210,33,185,36,0.23244816439097035,20
chey,sor,510,43,581,47,0.2324463717246923,18
chdy,ches,108,44,112,45,0.23242568374889833,15
kol,ckhy,35,38,32,29,0.23241742005034205,6
cthor,sol,45,63,41,76,0.23236039453267313,7
dar,shckhy,287,55,245,67,0.23206143987291655,18
chal,oty,59,114,55,79,0.23175081423308572,11
s,oky,328,103,285,92,0.23171942083731745,23
d,l,53,156,32,144,0.23158139325007704,6
kar,chedy,58,341,47,408,0.23153601105763996,18
o,qol,114,147,86,143,0.2314132566309868,16
cthol,chcthy,55,84,40,88,0.23122932520643197,10
dor,oty,63,114,69,79,0.23120498163078693,14
shar,qol,34,147,24,143,0.23088775810979725,12
chey,sal,510,48,581,42,0.23084086888824373,25
s,air,328,95,285,76,0.23082805676939186,21
she,dal,41,190,34,138,0.23077032317571303,12
sal,l,48,156,42,144,0.23075856355260418,17
cthor,ches,45,44,41,45,0.23068188848261098,9
kar,chl,58,33,47,30,0.23047075540228085,9
kol,dol,35,97,32,91,0.23038639162770919,8
shor,shckhy,91,55,87,67,0.23021648930300442,14
shey,dor,344,63,382,69,0.23016609627147602,20
ckhy,dair,38,93,29,76,0.23006608383332589,6
shy,oly,94,65,82,37,0.23002185311411805,7
chos,chl,42,33,44,30,0.22995346974509814,3
qoky,o,137,114,113,86,0.22995300388661694,17
am,chcthy,115,84,39,88,0.22967628561139872,9
chor,ody,215,38,199,29,0.22964463626612852,10
shor,key,91,33,87,36,0.22941573387056174,11
chor,sheo,215,46,199,35,0.22918220960702457,16
sheo,chedy,46,341,35,408,0.22906365502414383,20
shy,l,94,156,82,144,0.22880260475305952,20
or,chody,390,80,407,87,0.22869571369836375,25
cthy,shedy,100,255,71,298,0.22841073432747377,18
d,key,53,33,32,36,0.22831650647385776,4
lor,key,38,33,42,36,0.2279211529192759,5
dol,qoky,97,137,91,113,0.22769745810032868,16
chol,kar,367,58,365,47,0.2275760056320156,28
chol,oty,367,114,365,79,0.22717400622377046,26
ckhy,kar,38,58,29,47,0.22715445653021024,7
qoky,key,137,33,113,36,0.22698630910313872,13
oky,dol,103,97,92,91,0.22695272126247396,17
chos,oty,42,114,44,79,0.22692055349961612,4
chey,air,510,95,581,76,0.22691235989869776,33
chl,lor,33,38,30,42,0.22687130324325752,3
y,shody,210,50,185,44,0.22664760326226663,13
sal,dor,48,63,42,69,0.22659296517528954,9
shey,sal,344,48,382,42,0.22644168749708604,22
l,key,156,33,144,36,0.2263018502331825,12
al,ody,311,38,250,29,0.22625360485196352,17
chody,ody,80,38,87,29,0.22614240680810566,8
she,key,41,33,34,36,0.2261335084333227,6
char,kol,79,35,74,32,0.22604860754486628,9
cthol,ckhy,55,38,40,29,0.22587697572631282,4
chckhy,ches,141,44,156,45,0.2258285800495035,18
dor,lor,63,38,69,42,0.22577744852354026,8
d,oly,53,65,32,37,0.22576540398538544,4
ain,oty,149,114,105,79,0.22570701396054352,11
qoty,chl,84,33,72,30,0.22555354977384034,10
chor,ckhy,215,38,199,29,0.22549978040207858,8
cthey,oly,47,65,47,37,0.2252415428391155,8
shody,chal,50,59,44,55,0.22522130823072542,8
tol,chl,42,33,46,30,0.22521165181945205,5
chey,daly,510,33,581,25,0.22514476961187213,11
d,tol,53,42,32,46,0.22497885298168288,5
ar,chcthy,449,84,400,88,0.22492822752204142,39
dy,air,204,95,144,76,0.22468814953827954,14
chckhy,sol,141,63,156,76,0.2246551994182465,13
shey,dol,344,97,382,91,0.22456533564591394,27
chol,cho,367,77,365,58,0.22418504416689533,32
char,ody,79,38,74,29,0.223761703759379,5
cthol,shcthy,55,30,40,36,0.22360679774997894,4
oty,sol,114,63,79,76,0.22351196325473557,12
chal,chos,59,42,55,44,0.22350334791897372,8
shor,shedy,91,255,87,298,0.223283940219572,25
cthol,sol,55,63,40,76,0.22324832272893225,6
cthey,air,47,95,47,76,0.2228282589107932,10
sho,sheo,118,46,124,35,0.2227661677149922,13
she,cthol,41,55,34,40,0.22271770159368695,6
chor,chedy,215,341,199,408,0.22260416468793767,32
chol,chcthy,367,84,365,88,0.22259120442898478,40
ain,sar,149,77,105,49,0.22224471321182712,13
ckhy,shcthy,38,30,29,36,0.22223355980148637,2
chody,shcthy,80,30,87,36,0.222101607186349,7
dar,shcthy,287,30,245,36,0.22209103291549753,16
dol,oly,97,65,91,37,0.2219149187318845,6
shody,key,50,33,44,36,0.22160131510697959,6
chdy,cthol,108,55,112,40,0.22159000978262933,11
qo,kar,51,58,56,47,0.2213962109550149,9
shar,tol,34,42,24,46,0.22131333406899528,6
chol,r,367,196,365,180,0.22116371085704561,32
dol,lor,97,38,91,42,0.22104382663862537,5
ckhey,sheo,32,46,32,35,0.22086305214969312,5
s,ain,328,149,285,105,0.22075160740278363,29
chl,sol,33,63,30,76,0.22069164692422386,7
shar,l,34,156,24,144,0.2205890238118694,12
shar,chdy,34,108,24,112,0.22057470084576486,11
qo,ches,51,44,56,45,0.22019275302527214,10
ar,chy,449,197,400,151,0.22017174557839686,47
sho,ckhy,118,38,124,29,0.22013981571160282,6
s,cthol,328,55,285,40,0.21994054525834145,12
shckhy,qol,55,147,67,143,0.21991072189551356,13
qoky,air,137,95,113,76,0.21982481304212909,14
qo,tar,51,43,56,36,0.21976226824788314,7
qo,cthey,51,47,56,47,0.21964027974653352,10
shar,ain,34,149,24,105,0.21953751686551298,8
ckhey,sho,32,118,32,124,0.21926450482675727,9
y,chcthy,210,84,185,88,0.2188611686708065,30
ol,chcthy,588,84,628,88,0.21860437827330456,47
cthey,kar,47,58,47,47,0.2181564290630409,8
shey,sor,344,43,382,47,0.21795703832444857,18
kal,tar,30,43,27,36,0.21780342093451605,8
tol,kal,42,30,46,27,0.21771450342889798,8
ody,key,38,33,29,36,0.21726204731337045,4
chdy,dor,108,63,112,69,0.21697630442571586,16
am,lor,115,38,39,42,0.2166000563609908,6
oty,lor,114,38,79,42,0.21654966521101152,5
shey,dair,344,93,382,76,0.21611392206330504,32
y,ody,210,38,185,29,0.21603703527310653,14
shody,tol,50,42,44,46,0.21597969886241555,8
ain,daly,149,33,105,25,0.2159675632263881,4
sal,qoty,48,84,42,72,0.2158664458881728,6
kal,shckhy,30,55,27,67,0.2158587086009111,7
shor,lor,91,38,87,42,0.21569088156660085,5
d,oky,53,103,32,92,0.21565250004183453,6
ody,shedy,38,255,29,298,0.2156012741520128,9
dy,cheo,204,75,144,58,0.21532092039124126,11
dain,sheo,173,46,145,35,0.21526016427337652,13
chy,ckhy,197,38,151,29,0.2152143859706937,11
shey,cthor,344,45,382,41,0.21503378703732237,17
chdy,lor,108,38,112,42,0.21488612374010135,11
oly,ody,65,38,37,29,0.21483446221182992,6
shar,chy,34,197,24,151,0.21457671231432807,11
cthey,sheo,47,46,47,35,0.21452116007007208,10
kal,oty,30,114,27,79,0.21403708355411527,7
shody,ody,50,38,44,29,0.2139802462554565,5
sor,shy,43,94,47,82,0.2139203233961298,9
dain,cho,173,77,145,58,0.21365557202191668,14
she,l,41,156,34,144,0.21357350756531204,11
cthey,shcthy,47,30,47,36,0.2134304585735135,9
qoty,air,84,95,72,76,0.21335229882506598,9
chal,dol,59,97,55,91,0.2133481715034914,6
shey,sol,344,63,382,76,0.213286607780277,21
cheo,sol,75,63,58,76,0.2132117046672454,5
sal,air,48,95,42,76,0.2130071614211525,11
ain,ckhy,149,38,105,29,0.212930924138164,9
she,dol,41,97,34,91,0.21266436150250076,10
chedy,air,341,95,408,76,0.21253645782473568,20
kal,o,30,114,27,86,0.21236443512062636,7
oly,cheo,65,75,37,58,0.21229381566543043,5
chckhy,chl,141,33,156,30,0.21226112837853892,17
ar,kal,449,30,400,27,0.21219282746826043,16
shy,shcthy,94,30,82,36,0.21209194514945376,6
chal,ody,59,38,55,29,0.21204880838762144,8
kal,cthor,30,45,27,41,0.2118128051888567,4
chy,dol,197,97,151,91,0.21175577796590622,20
sho,kal,118,30,124,27,0.21163431169320365,10
chy,kal,197,30,151,27,0.21108742753997553,12
sar,key,77,33,49,36,0.21103178186108743,5
ckhey,oly,32,65,32,37,0.21081851067789192,5
chy,ches,197,44,151,45,0.21073423383635598,16
qo,daly,51,33,56,25,0.21060588479355802,7
am,qoty,115,84,39,72,0.21059177179769953,5
al,ches,311,44,250,45,0.21058887218646127,19
shor,ody,91,38,87,29,0.21044962411238535,7
char,qo,79,51,74,56,0.21029989116983452,12
qo,sar,51,77,56,49,0.21026736927252324,5
shy,ody,94,38,82,29,0.21002063972064533,6
chal,shedy,59,255,55,298,0.2098871509249776,15
dol,qoty,97,84,91,72,0.2097708340017092,8
cthy,she,100,41,71,34,0.20944602677046226,6
dar,ckhy,287,38,245,29,0.20938943388703074,10
s,key,328,33,285,36,0.20901287791236817,7
ody,qoky,38,137,29,113,0.20895164333579389,9
shody,sheo,50,46,44,35,0.20869596778242058,7
cthol,sheo,55,46,40,35,0.20869596778242058,5
oky,tar,103,43,92,36,0.20832735524660678,9
dain,she,173,41,145,34,0.2081864045894082,12
cthol,cthey,55,47,40,47,0.20802987782739982,6
shey,sheo,344,46,382,35,0.20784949443620038,21
dal,sheo,190,46,138,35,0.20759195233497876,14
sheo,shedy,46,255,35,298,0.207581105605779,13
chor,shey,215,344,199,382,0.20755862737671232,36
cthol,ches,55,44,40,45,0.20701966780270623,6
chdy,o,108,114,112,86,0.20657169281827079,17
tar,air,43,95,36,76,0.20655848728321635,7
chl,qol,33,147,30,143,0.20655360377506757,5
chol,o,367,114,365,86,0.20648940932463272,21
sar,air,77,95,49,76,0.2064380369875621,8
ar,qoty,449,84,400,72,0.2063667018891492,25
she,chos,41,42,34,44,0.20628424925175864,4
kol,oty,35,114,32,79,0.20625716183134754,7
shckhy,chl,55,33,67,30,0.2061156474669474,7
r,qoky,196,137,180,113,0.20607168068115628,19
she,cthey,41,47,34,47,0.20604084592303354,6
char,sheo,79,46,74,35,0.20539846638523876,8
chdy,chos,108,42,112,44,0.20523976532898647,11
cthy,cheo,100,75,71,58,0.20500581407129187,7
ar,cthol,449,55,400,40,0.20465474265927394,14
cthor,sar,45,77,41,49,0.20465066103378796,5
or,chdy,390,108,407,112,0.20418207572930924,42
shor,sor,91,43,87,47,0.20416711421361614,11
chol,am,367,115,365,39,0.20408256157777996,19
dol,qo,97,51,91,56,0.2040308739703875,10
ckhy,key,38,33,29,36,0.20385887657505022,6
chor,kal,215,30,199,27,0.2036658547748311,10
kal,lor,30,38,27,42,0.2036532699906392,6
cho,chl,77,33,58,30,0.20342484840021002,7
kchy,dor,36,63,35,69,0.20330938992731706,6
or,chckhy,390,141,407,156,0.20327506476013002,41
chol,ches,367,44,365,45,0.2032672021087066,21
ain,shy,149,94,105,82,0.20321383468489052,11
ckhey,daly,32,33,32,25,0.2032002032003048,4
ches,qoky,44,137,45,113,0.20301854938121744,13
kchy,chey,36,510,35,581,0.20291834899624075,16
ckhey,dar,32,287,32,245,0.20284899604533263,12
sor,key,43,33,47,36,0.20225995873897262,3
she,tar,41,43,34,36,0.20211302086361077,4
oly,qol,65,147,37,143,0.20198471258005432,7
chody,key,80,33,87,36,0.2017004557065876,7
qo,lor,51,38,56,42,0.20145574100634506,5
dol,ches,97,44,91,45,0.20133557410536024,9
ain,shckhy,149,55,105,67,0.2011595919880233,16
chody,ckhy,80,38,87,29,0.2010234272689897,8
cthey,ches,47,44,47,45,0.20097595560404077,13
oty,air,114,95,79,76,0.20075597946407314,14
cthor,o,45,114,41,86,0.20071293531189688,8
dair,chedy,93,341,76,408,0.20055772595472726,21
dal,key,190,33,138,36,0.20039002683654034,11
kar,shedy,58,255,47,298,0.2003434867296763,17
kchy,chl,36,33,35,30,0.200125117309704,5
cthor,air,45,95,41,76,0.20000756186551488,9
shor,qol,91,147,87,143,0.1999449012496309,12
dain,chos,173,42,145,44,0.19991906150500377,10
chey,sol,510,63,581,76,0.19982872572629481,21
qo,sheo,51,46,56,35,0.19977814746360809,8
dair,sal,93,48,76,42,0.19974563842731055,8
cthor,chedy,45,341,41,408,0.19965349868955762,15
qoty,tar,84,43,72,36,0.19936305570722498,7
chy,key,197,33,151,36,0.19932849992645313,13
dol,sheo,97,46,91,35,0.199275560132904,13
r,chckhy,196,141,180,156,0.19914736654073298,24
tol,sal,42,48,46,42,0.19895929090398415,7
she,oly,41,65,34,37,0.19876159799998133,7
chody,tar,80,43,87,36,0.1983028413804943,8
r,chody,196,80,180,87,0.19829785779693274,19
cho,sal,77,48,58,42,0.19822791512600968,10
ody,chckhy,38,141,29,156,0.1981881225643726,8
kar,air,58,95,47,76,0.19818500882235449,10
qoky,chl,137,33,113,30,0.19796714691575507,10
tol,chos,42,42,46,44,0.19795963131857117,6
shy,key,94,33,82,36,0.19772789470967508,7
chy,kar,197,58,151,47,0.19742789317995627,17
ar,shckhy,449,55,400,67,0.1972102445919324,34
chdy,r,108,196,112,180,0.19700007259012445,25
dor,chedy,63,341,69,408,0.19688729141892652,20
dain,ckhy,173,38,145,29,0.19657820241165552,10
cthey,sor,47,43,47,47,0.1965744373868644,6
cho,cthor,77,45,58,41,0.19653507529013658,9
cthor,kar,45,58,41,47,0.19646908900284496,7
kal,sheo,30,46,27,35,0.19634744970862508,7
oky,daly,103,33,92,25,0.196347449708625,4
shor,oly,91,65,87,37,0.19591793788175285,11
d,qol,53,147,32,143,0.19581674688935752,9
sal,oly,48,65,42,37,0.19574007317156783,4
chos,sol,42,63,44,76,0.1955986521303404,6
sho,o,118,114,124,86,0.19554408880013513,16
oky,sheo,103,46,92,35,0.1951219512195122,8
r,cthol,196,55,180,40,0.19496262646150428,8
sal,shedy,48,255,42,298,0.19492766405296022,15
dain,key,173,33,145,36,0.19480519480519481,13
shar,qo,34,51,24,56,0.19462473604038077,5
ar,daly,449,33,400,25,0.19451009184590537,15
chol,ody,367,38,365,29,0.1944179707278003,10
tol,cthey,42,47,46,47,0.19425717247145288,6
ar,cthy,449,100,400,71,0.19407673980229295,22
ain,chy,149,197,105,151,0.19347780138732532,22
r,chey,196,510,180,581,0.19308512661427052,41
oly,shckhy,65,55,37,67,0.19294292047210201,8
kal,sor,30,43,27,47,0.19277263893659974,5
sor,daly,43,33,47,25,0.1927726389365997,4
cthor,daly,45,33,41,25,0.19255709562623338,6
cho,cthey,77,47,58,47,0.19255561701187998,11
ain,ody,149,38,105,29,0.19254713970565038,10
shar,chcthy,34,84,24,88,0.192513385271705,8
ckhey,dair,32,93,32,76,0.19248709580458126,4
chckhy,tar,141,43,156,36,0.19211684257122963,14
shey,am,344,115,382,39,0.19209444215729865,18
qoky,shcthy,137,30,113,36,0.19195777393409091,9
oky,lor,103,38,92,42,0.19184143423281041,8
shar,sal,34,48,24,42,0.19178532059415368,4
ody,oty,38,114,29,79,0.1908260093025333,7
shody,l,50,156,44,144,0.1908100211990071,11
shor,chcthy,91,84,87,88,0.19075853568659878,15
cthy,chos,100,42,71,44,0.19061213113724368,8
cthey,shckhy,47,55,47,67,0.1904848294398648,6
chy,cho,197,77,151,58,0.19010137042019606,16
chcthy,l,84,156,88,144,0.19005914283772293,22
chcthy,sheo,84,46,88,35,0.19001047197680251,9
shar,chckhy,34,141,24,156,0.18981415059132417,10
al,shcthy,311,30,250,36,0.18947537092179506,19
cthy,l,100,156,71,144,0.18945369564558723,14
qoky,daly,137,33,113,25,0.1892967660082739,5
she,air,41,95,34,76,0.18925832465255626,7
kol,lor,35,38,32,42,0.1889822365046136,5
ain,cthol,149,55,105,40,0.18874112173304228,7
shy,kar,94,58,82,47,0.1885115452718528,12
sheo,key,46,33,35,36,0.18835264373920446,5
chdy,qol,108,147,112,143,0.18830520333250297,15
sor,sal,43,48,47,42,0.1879104702447051,4
shar,chl,34,33,24,30,0.18786728732554484,3
sheo,shckhy,46,55,35,67,0.18769750212382433,7
oky,chl,103,33,92,30,0.18748505440195307,9
chor,shcthy,215,30,199,36,0.18735659805710483,9
sho,sal,118,48,124,42,0.18729542332053115,9
d,al,53,311,32,250,0.1872787563480461,9
am,shckhy,115,55,39,67,0.1869893980016914,6
she,dair,41,93,34,76,0.18681617943926832,8
chey,dor,510,63,581,69,0.18669545747517463,22
daly,lor,33,38,25,42,0.1866821641580859,3
chos,key,42,33,44,36,0.18659112407133685,3
ckhy,al,38,311,29,250,0.18640600994314807,13
qol,key,147,33,143,36,0.18611002276957178,8
sho,she,118,41,124,34,0.18605210188381263,10
ckhy,oty,38,114,29,79,0.18594039241599103,8
ckhey,shcthy,32,30,32,36,0.1859339360402736,6
cthy,daly,100,33,71,25,0.18587528348817745,4
cthy,kal,100,30,71,27,0.18587528348817742,6
chey,cheo,510,75,581,58,0.18562389020770667,27
ches,daly,44,33,45,25,0.1854955583040673,9
cho,sheo,77,46,58,35,0.1852471483066804,9
cho,oky,77,103,58,92,0.18524714830668038,13
tol,cho,42,77,46,58,0.1851768354038771,7
cho,qol,77,147,58,143,0.1850707878767813,13
ckhey,ol,32,588,32,628,0.18503950878097616,15
ar,shor,449,91,400,87,0.18500927942050663,30
sal,sheo,48,46,42,35,0.18455957621888897,7
shor,ches,91,44,87,45,0.18455323681201571,13
sal,qoky,48,137,42,113,0.1845222668146148,10
chdy,air,108,95,112,76,0.18445719036428657,12
ar,chedy,449,341,400,408,0.18388490126929863,67
cthor,chl,45,33,41,30,0.18386578283823055,6
kol,kar,35,58,32,47,0.1832541665344578,7
or,chey,390,510,407,581,0.18289779387993454,58
tar,key,43,33,36,36,0.18281810603178267,3
chy,air,197,95,151,76,0.1827123949281525,20
tol,ches,42,44,46,45,0.18257418583505536,6
she,sheo,41,46,34,35,0.18220272220337375,7
s,am,328,115,285,39,0.18202714860886343,16
oky,ches,103,44,92,45,0.1814575136727401,8
chol,shckhy,367,55,365,67,0.18144078894150079,27
chdy,dol,108,97,112,91,0.18136077686256666,14
al,chos,311,42,250,44,0.18128012982745312,16
ckhey,ody,32,38,32,29,0.18116432546313532,4
chl,key,33,33,30,36,0.18098069149825669,7
chl,air,33,95,30,76,0.18083483732426361,7
sho,chl,118,33,124,30,0.18081014266989473,7
kar,shckhy,58,55,47,67,0.18071310601911925,8
chckhy,o,141,114,156,86,0.1804899523025107,16
am,sar,115,77,39,49,0.18017290186800486,8
ar,shey,449,344,400,382,0.17993575417573923,73
daly,shedy,33,255,25,298,0.17981924528550075,7
she,am,41,115,34,39,0.17978662999019787,6
y,shcthy,210,30,185,36,0.17968344059492197,13
oty,key,114,33,79,36,0.17965674766740417,7
chody,o,80,114,87,86,0.1794354237234389,14
cthy,am,100,115,71,39,0.17941783651469137,7
shedy,air,255,95,298,76,0.17921617319723687,18
chey,dol,510,97,581,91,0.178807718886199,34
sho,char,118,79,124,74,0.1784228666251031,15
chey,chl,510,33,581,30,0.17827822889744038,17
sho,daly,118,33,124,25,0.17821836774164518,9
kchy,kar,36,58,35,47,0.1782024496233496,6
shody,she,50,41,44,34,0.1781741612749496,7
oly,shcthy,65,30,37,36,0.17817416127494956,5
cthy,dol,100,97,71,91,0.17816682220950417,9
s,chody,328,80,285,87,0.17808259304436555,19
ar,cthey,449,47,400,47,0.17806075347517042,22
oty,l,114,156,79,144,0.17788239788020688,18
shody,dor,50,63,44,69,0.17738751654443555,8
qo,key,51,33,56,36,0.1767766952966369,7
cthey,sol,47,63,47,76,0.17676139459160137,4
oty,qol,114,147,79,143,0.1766520725325164,15
shody,ol,50,588,44,628,0.1763403104664525,18
chey,lor,510,38,581,42,0.176229932994399,10
cthol,daly,55,33,40,25,0.17600563227035038,2
qo,chos,51,42,56,44,0.17591979885341696,3
cthy,qol,100,147,71,143,0.17583842707363953,7
shar,chey,34,510,24,581,0.17583639807386453,15
chdy,cheo,108,75,112,58,0.17578076232766307,7
shody,sal,50,48,44,42,0.17546560158589916,6
sal,chedy,48,341,42,408,0.1752786945540643,16
dol,o,97,114,91,86,0.1746203515087745,10
d,qoky,53,137,32,113,0.17437494397625436,6
ckhy,chos,38,42,29,44,0.17434201093860166,5
cthol,kar,55,58,40,47,0.17413950625289046,6
sor,chcthy,43,84,47,88,0.1741143000264028,8
dol,chedy,97,341,91,408,0.1740675585990706,28
ches,qol,44,147,45,143,0.1736281597350888,12
or,qoty,390,84,407,72,0.17360042503040107,19
or,daly,390,33,407,25,0.17329142707236175,11
she,lor,41,38,34,42,0.17323371679589578,3
cho,qoky,77,137,58,113,0.17318309601707835,14
ckhey,kar,32,58,32,47,0.17277368511627197,6
cthey,daly,47,33,47,25,0.17269479902200693,6
chal,shcthy,59,30,55,36,0.17266633892068622,7
s,daly,328,33,285,25,0.1725602560068143,9
dair,daly,93,33,76,25,0.17255919256291524,3
ody,daly,38,33,29,25,0.17255919256291524,5
kal,ody,30,38,27,29,0.17255919256291524,4
chy,tar,197,43,151,36,0.1722167995299651,13
shckhy,qoky,55,137,67,113,0.171677563019954,17
kchy,shor,36,91,35,87,0.17152477146435263,4
chol,tar,367,43,365,36,0.17143927385415622,16
shor,chos,91,42,87,44,0.17122775865023515,8
cthol,o,55,114,40,86,0.17117121227366008,6
oky,air,103,95,92,76,0.1710094247791222,7
cho,chckhy,77,141,58,156,0.17083256870359284,13
tol,ckhy,42,38,46,29,0.17074694419062766,5
cheo,chckhy,75,141,58,156,0.17069380085575409,11
chdy,chl,108,33,112,30,0.1706302322963305,14
dol,shedy,97,255,91,298,0.17008941442043454,20
sal,shckhy,48,55,42,67,0.16994997617015364,8
dol,shy,97,94,91,82,0.16954325421982355,14
sal,ches,48,44,42,45,0.1695158759052026,10
she,sol,41,63,34,76,0.16932136536964906,7
oly,air,65,95,37,76,0.16927779169233606,5
sheo,sol,46,63,35,76,0.16923874942651676,7
s,chckhy,328,141,285,156,0.16918847286373484,28
shar,shy,34,94,24,82,0.1690308509457033,7
oly,lor,65,38,37,42,0.1690308509457033,3
oky,sar,103,77,92,49,0.16893067461275635,9
cthol,chedy,55,341,40,408,0.1688381853273663,10
kol,am,35,115,32,39,0.1685499656158105,6
chdy,sol,108,63,112,76,0.16846403649188976,12
chckhy,lor,141,38,156,42,0.16840826742715195,9
cho,chody,77,80,58,87,0.16831808510099955,12
shor,air,91,95,87,76,0.16831635501758715,14
cho,sol,77,63,58,76,0.16797720999169746,7
ckhy,dol,38,97,29,91,0.16775191062276443,5
am,shedy,115,255,39,298,0.1675869417101098,14
ckhey,ckhy,32,38,32,29,0.16733200530681508,3
ar,sho,449,118,400,124,0.1658746351869419,28
sheo,l,46,156,35,144,0.16581990263491955,12
chody,chl,80,33,87,30,0.1657160627539275,6
kchy,lor,36,38,35,42,0.16539535392599136,1
kchy,o,36,114,35,86,0.16528380379937035,9
sol,chedy,63,341,76,408,0.16519297574098518,21
sor,chedy,43,341,47,408,0.16509013553726043,17
shar,qoty,34,84,24,72,0.16508256192660767,4
chey,tar,510,43,581,36,0.16499257747979962,16
chey,am,510,115,581,39,0.16490639548455205,17
ar,shedy,449,255,400,298,0.16485079992765742,48
cho,dor,77,63,58,69,0.1646135882580682,8
dair,shedy,93,255,76,298,0.16446507451339437,21
ol,ckhy,588,38,628,29,0.16445566481574253,16
or,chy,390,197,407,151,0.1643204916724059,33
cheo,air,75,95,58,76,0.1641466292914566,10
cthy,shckhy,100,55,71,67,0.1640184736209459,8
shar,kal,34,30,24,27,0.16395645894598826,5
qoty,lor,84,38,72,42,0.163109563575315,3
dar,sheo,287,46,245,35,0.16291581233481162,13
she,kar,41,58,34,47,0.16289259247507362,6
ody,shckhy,38,55,29,67,0.16284238361758677,6
ckhey,char,32,79,32,74,0.162746694241347,7
cho,key,77,33,58,36,0.1625640221905888,6
daly,key,33,33,25,36,0.1624591083221647,3
ckhy,ody,38,38,29,29,0.16239958858823006,1
qo,shor,51,91,56,87,0.16222142113076254,13
shcthy,key,30,33,36,36,0.16216874328520062,4
shody,am,50,115,44,39,0.16216874328520062,4
she,cho,41,77,34,58,0.1617491598051576,4
chol,kal,367,30,365,27,0.16130906061680694,20
shody,qol,50,147,44,143,0.1609452714159103,5
she,cthor,41,45,34,41,0.1608168802256692,7
ol,sheo,588,46,628,35,0.16067914283519072,16
oly,daly,65,33,37,25,0.16064386578049974,5
ckhey,chos,32,42,32,44,0.160451490647684,4
am,chedy,115,341,39,408,0.15999604952902916,18
shar,kchy,34,36,24,35,0.15978709238739222,3
sal,chcthy,48,84,42,88,0.15975537106586438,9
dal,ody,190,38,138,29,0.15963620746952265,9
or,kol,390,35,407,32,0.15946757501730136,16
kchy,sheo,36,46,35,35,0.1594619911505301,6
kol,cheo,35,75,32,58,0.15927548391162055,5
kchy,chckhy,36,141,35,156,0.15887064923174918,11
shody,cho,50,77,44,58,0.15850736486866462,7
chdy,sar,108,77,112,49,0.15826576181802823,13
or,sho,390,118,407,124,0.15823614674284528,29
cheo,key,75,33,58,36,0.15819461514694902,2
d,ain,53,149,32,105,0.1581344533439003,6
cheo,qol,75,147,58,143,0.15797933546207105,13
sor,shedy,43,255,47,298,0.15748318486775206,11
cho,chcthy,77,84,58,88,0.15743507142179686,14
tol,oty,42,114,46,79,0.15742090429123992,7
chcthy,tar,84,43,88,36,0.15737789507292674,9
cthor,shedy,45,255,41,298,0.15730709946901145,13
ain,chl,149,33,105,30,0.15711968670365706,3
shor,l,91,156,87,144,0.15701788843637632,17
shey,cthol,344,55,382,40,0.15697306316827137,14
y,ckhy,210,38,185,29,0.15637585146043018,8
qo,oty,51,114,56,79,0.15635262099882088,11
kol,d,35,53,32,32,0.15590239111558088,5
shar,qoky,34,137,24,113,0.15577330726978417,6
ckhy,sal,38,48,29,42,0.15536386656646636,5
d,chey,53,510,32,581,0.15525601525897825,11
kol,chos,35,42,32,44,0.154713186938819,4
chy,sal,197,48,151,42,0.15432248836216084,12
shar,ckhy,34,38,24,29,0.15430334996209194,2
qoty,sheo,84,46,72,35,0.15404884978892908,5
kal,chl,30,33,27,30,0.15401027590842437,4
cthey,ody,47,38,47,29,0.15396705457510432,5
kar,daly,58,33,47,25,0.15359595966440226,2
ches,air,44,95,45,76,0.1535797663736217,12
dol,chos,97,42,91,44,0.15354257854301792,8
sho,chos,118,42,124,44,0.15351847263525606,8
ar,shody,449,50,400,44,0.15349105699445548,15
sho,cheo,118,75,124,58,0.15339714078282463,10
oly,chl,65,33,37,30,0.1533929977694741,5
chdy,cho,108,77,112,58,0.1532668299572343,12
kal,qo,30,51,27,56,0.15316791621349674,5
r,chy,196,197,180,151,0.15309837177093502,22
cthol,sar,55,77,40,49,0.1530488303665731,4
char,ckhy,79,38,74,29,0.15283675395360033,7
cho,chedy,77,341,58,408,0.15282954971345206,22
cthol,chl,55,33,40,30,0.1527830828380352,5
dol,kal,97,30,91,27,0.1527825875119516,4
ain,ches,149,44,105,45,0.1527723959972784,11
shy,daly,94,33,82,25,0.15242534875526562,3
cthy,tar,100,43,71,36,0.1523943690424518,7
tol,key,42,33,46,36,0.1522862259682932,7
ckhy,cheo,38,75,29,58,0.15203277504208884,3
ckhy,shor,38,91,29,87,0.1519974097703536,7
sol,shedy,63,255,76,298,0.1519861904246642,11
ckhy,kal,38,30,29,27,0.15179418517972906,4
kol,tar,35,43,32,36,0.15158476564770812,6
ckhy,oly,38,65,29,37,0.15118578920369088,4
am,ody,115,38,39,29,0.15114173098063569,5
chos,l,42,156,44,144,0.1510520594337435,6
cho,qoty,77,84,58,72,0.15068458906027513,9
ar,shy,449,94,400,82,0.15065077522571338,31
sal,sar,48,77,42,49,0.1503869085168182,4
kol,shckhy,35,55,32,67,0.1502313031443329,6
cthey,tar,47,43,47,36,0.14991673604687317,6
ar,ody,449,38,400,29,0.1497688870319985,16
cho,shy,77,94,58,82,0.1497506232689374,9
ar,kol,449,35,400,32,0.1497310683789794,18
cho,shckhy,77,55,58,67,0.14953715113864477,9
s,chdy,328,108,285,112,0.1495230130736679,22
sheo,shcthy,46,30,35,36,0.1493306785893115,6
r,am,196,115,180,39,0.14895046563597686,8
sal,lor,48,38,42,42,0.1488875000956395,4
sor,shckhy,43,55,47,67,0.14884168150705016,7
cho,air,77,95,58,76,0.14868867856503037,11
ol,ody,588,38,628,29,0.1486309987587523,16
chol,sal,367,48,365,42,0.14850489365248898,21
shol,chl,176,33,179,30,0.1482656606430789,8
r,sal,196,48,180,42,0.14778389320776628,21
kol,sal,35,48,32,42,0.14771973696718788,5
s,qoky,328,137,285,113,0.14771161436056696,24
ain,chos,149,42,105,44,0.14764752189592978,10
kchy,oty,36,114,35,79,0.14708564032266805,8
air,key,95,33,76,36,0.14673479641335554,8
ain,o,149,114,105,86,0.1466914548911657,7
chcthy,qol,84,147,88,143,0.1465351118621263,12
shar,shody,34,50,24,44,0.14638501094227999,4
qo,chl,51,33,56,30,0.14625448482542613,5
ckhey,ches,32,44,32,45,0.14605934866804426,8
dol,chl,97,33,91,30,0.14588654843165563,6
shey,cho,344,77,382,58,0.14553445468636625,24
d,dol,53,97,32,91,0.1452499612678262,5
s,chy,328,197,285,151,0.14472140766802596,23
cho,oly,77,65,58,37,0.14467284665112365,5
sho,sor,118,43,124,47,0.14422205101855956,6
shckhy,sol,55,63,67,76,0.144014645046691,5
chol,sar,367,77,365,49,0.14392501418321854,13
dol,chcthy,97,84,91,88,0.14374464561167458,12
am,qo,115,51,39,56,0.14373989364401726,4
shody,sor,50,43,44,47,0.14342743312012726,7
sheo,oty,46,114,35,79,0.14316425279852696,8
she,ain,41,149,34,105,0.14314958357846705,9
qo,oly,51,65,56,37,0.14301938838683884,8
chckhy,chos,141,42,156,44,0.14297628978599175,9
she,chl,41,33,34,30,0.14291548761875736,5
cthey,lor,47,38,47,42,0.14277288620407036,4
or,kchy,390,36,407,35,0.14230097607677686,13
am,key,115,33,39,36,0.14229523493180476,4
r,qoty,196,84,180,72,0.1421983558769826,15
sho,am,118,115,124,39,0.14216114170120542,7
chol,shedy,367,255,365,298,0.14211504994826316,44
kchy,chcthy,36,84,35,88,0.1419745572840903,9
kchy,air,36,95,35,76,0.14197455728409025,6
chckhy,sar,141,77,156,49,0.14175355380614144,12
kchy,tar,36,43,35,36,0.14150982753544497,3
sal,daly,48,33,42,25,0.14149998919097348,3
oty,chl,114,33,79,30,0.14149124571834235,7
chol,lor,367,38,365,42,0.14144231220634162,11
chol,shcthy,367,30,365,36,0.1411416460025776,9
or,cthy,390,100,407,71,0.14106194675293654,21
dair,ody,93,38,76,29,0.14102564102564105,6
she,ckhy,41,38,34,29,0.14085904245475275,5
shor,sar,91,77,87,49,0.14084075958014158,10
dair,shckhy,93,55,76,67,0.14063660403337036,4
she,qol,41,147,34,143,0.14051381485392478,10
cthol,tar,55,43,40,36,0.14044414010296893,5
ches,chedy,44,341,45,408,0.14041917537360005,16
chdy,daly,108,33,112,25,0.14040392319570533,7
char,sal,79,48,74,42,0.14031318982731233,7
sheo,daly,46,33,35,25,0.14024817836330364,4
kol,ches,35,44,32,45,0.1398577319463789,7
she,shcthy,41,30,34,36,0.13944333775567924,6
tol,chcthy,42,84,46,88,0.13928812413569822,11
chody,cheo,80,75,87,58,0.13928062921434384,8
dal,shcthy,190,30,138,36,0.13901493939225787,11
am,chl,115,33,39,30,0.13874918701886407,4
shar,key,34,33,24,36,0.13762047064079508,3
ckhy,sol,38,63,29,76,0.1373785654642566,7
ain,cheo,149,75,105,58,0.13733779092303697,9
ckhey,cho,32,77,32,58,0.1372487132993442,7
am,ckhy,115,38,39,29,0.13675269175156554,3
ain,cho,149,77,105,58,0.1358387059056147,9
shody,sol,50,63,44,76,0.13575911517299935,6
chey,chos,510,42,581,44,0.13560115265723238,15
shey,ches,344,44,382,45,0.13551736665211658,19
cheo,qoky,75,137,58,113,0.13542450169171608,11
shedy,lor,255,38,298,42,0.13538112071509548,7
or,sal,390,48,407,42,0.13513649542870296,19
cthol,lor,55,38,40,42,0.13468700594029476,4
cho,cthol,77,55,58,40,0.1344910974643215,5
chy,chl,197,33,151,30,0.13437314955242213,9
or,shor,390,91,407,87,0.13422111661470879,24
chy,lor,197,38,151,42,0.1341902490983086,8
sheo,kar,46,58,35,47,0.13355763199075443,4
she,ody,41,38,34,29,0.13344012817090595,4
oky,sal,103,48,92,42,0.13329302726919756,6
sho,r,118,196,124,180,0.13313673157168487,23
shy,o,94,114,82,86,0.1330346573819203,11
chdy,d,108,53,112,32,0.1329540058695776,6
sol,key,63,33,76,36,0.13273601259969878,4
r,shor,196,91,180,87,0.13263618586176854,17
dor,shedy,63,255,69,298,0.131757072185895,11
sal,shy,48,94,42,82,0.13169664600188002,6
chal,sheo,59,46,55,35,0.13160778088201544,5
kchy,kal,36,30,35,27,0.13099062926556151,3
char,shor,79,91,74,87,0.13077473096865846,13
chor,key,215,33,199,36,0.13072756259258228,11
oky,shcthy,103,30,92,36,0.1306643437656475,4
chol,key,367,33,365,36,0.1303835659172008,20
ain,shcthy,149,30,105,36,0.13003332305753942,6
ckhey,sal,32,48,32,42,0.12998673672393632,6
cho,dol,77,97,58,91,0.12994906455333483,11
kchy,d,36,53,35,32,0.12994686259757507,3
am,cthey,115,47,39,47,0.1296518626509113,5
cthor,key,45,33,41,36,0.1293016367670472,5
chedy,lor,341,38,408,42,0.12924899920123795,9
s,chey,328,510,285,581,0.12921359015735637,38
shar,ckhey,34,32,24,32,0.12909944487358055,2
sor,ody,43,38,47,29,0.12890067732709792,7
cthor,shckhy,45,55,41,67,0.12885189058084473,5
cthy,ches,100,44,71,45,0.12724407429197068,8
ckhey,kal,32,30,32,27,0.12700012700019048,3
cthy,chl,100,33,71,30,0.12677540207595642,5
cthor,sal,45,48,41,42,0.1266977453163713,7
cthy,kar,100,58,71,47,0.12643435270043465,5
cthol,dol,55,97,40,91,0.12630431414593585,8
chy,chos,197,42,151,44,0.1262722893419855,10
cthey,sal,47,48,47,42,0.12625427967391514,7
tol,sheo,42,46,46,35,0.12620745837125322,5
kchy,cho,36,77,35,58,0.12583221237211148,5
sheo,ody,46,38,35,29,0.12503908082008885,4
oky,ody,103,38,92,29,0.12503908082008883,3
am,shy,115,94,39,82,0.12483755678647185,7
dair,shcthy,93,30,76,36,0.12440333788202981,6
chdy,kchy,108,36,112,35,0.12439408271422456,8
kchy,dol,36,97,35,91,0.12408114112986977,8
shor,shcthy,91,30,87,36,0.12401353750547009,6
shy,lor,94,38,82,42,0.1239325167479584,5
ar,shcthy,449,30,400,36,0.1235579174560429,15
kchy,ckhy,36,38,35,29,0.12327841818038446,2
dy,chl,204,33,144,30,0.12316768503861267,6
cthy,key,100,33,71,36,0.1225859796402981,5
chal,shckhy,59,55,55,67,0.12242643660393257,7
shey,lor,344,38,382,42,0.12221447078718697,10
shar,chody,34,80,24,87,0.12213569122833508,5
chal,ckhy,59,38,55,29,0.12209353913347193,4
cthey,o,47,114,47,86,0.12181084679142179,10
shar,she,34,41,24,34,0.12171612389003691,2
shy,tar,94,43,82,36,0.12162819314183194,7
ckhey,ain,32,149,32,105,0.12146644952683738,7
qoky,sar,137,77,113,49,0.12135002401253758,9
chor,shedy,215,255,199,298,0.12032488746349933,29
shar,shey,34,344,24,382,0.11978156116031914,11
she,kal,41,30,34,27,0.11973686801784993,3
shy,ches,94,44,82,45,0.11952286093343935,9
kal,dor,30,63,27,69,0.1192082258421242,5
shy,chl,94,33,82,30,0.1190826279056167,7
chos,qoky,42,137,44,113,0.11906076147536357,6
or,shckhy,390,55,407,67,0.11893337163517109,21
sal,key,48,33,42,36,0.1187711373697344,4
cthy,d,100,53,71,32,0.11853911695403993,5
ckhey,o,32,114,32,86,0.11844461242957502,8
shey,tar,344,43,382,36,0.1182038002713025,13
r,chedy,196,341,180,408,0.11815820665143272,25
qoty,daly,84,33,72,25,0.11810771907149849,3
sheo,lor,46,38,35,42,0.11805626722019105,5
cthey,chl,47,33,47,30,0.11778571185788637,4
s,sho,328,118,285,124,0.11766097866962462,18
ckhy,l,38,156,29,144,0.11758452389849872,10
sheo,qol,46,147,35,143,0.11756020212351714,8
cthol,l,55,156,40,144,0.11742155150708132,7
ody,kar,38,58,29,47,0.11737660545701088,4
ches,shedy,44,255,45,298,0.11736787213925923,15
d,qoty,53,84,32,72,0.11716660671033248,3
qoty,cheo,84,75,72,58,0.11706113809298396,9
shar,ody,34,38,24,29,0.11694106924093725,3
s,shckhy,328,55,285,67,0.11693242071308152,19
ar,ckhy,449,38,400,29,0.11649152173660753,12
cthy,sal,100,48,71,42,0.11647740981969049,7
shcthy,air,30,95,36,76,0.11633501014942217,5
cho,kal,77,30,58,27,0.11620402679752966,6
am,ches,115,44,39,45,0.11605177063713189,6
r,daly,196,33,180,25,0.11604546878430562,6
sho,d,118,53,124,32,0.11602387022306425,6
ckhy,chl,38,33,29,30,0.11595420713048968,3
chody,chos,80,42,87,44,0.1149974061988677,7
ckhey,sol,32,63,32,76,0.11493915422653815,2
ckhey,air,32,95,32,76,0.11470786693528086,7
d,chckhy,53,141,32,156,0.1146721602054087,6
sar,daly,77,33,49,25,0.11428011702929944,4
qoty,o,84,114,72,86,0.11339099484476993,11
kol,key,35,33,32,36,0.11306675421666137,4
kchy,chedy,36,341,35,408,0.11298142209312893,12
chey,sar,510,77,581,49,0.11283358042527657,15
shey,kchy,344,36,382,35,0.11210306322237563,15
qo,sal,51,48,56,42,0.11197850219117085,8
s,shor,328,91,285,87,0.11188529980754952,16
cthy,lor,100,38,71,42,0.11175975124542249,5
chcthy,ches,84,44,88,45,0.11169437554445212,13
cho,shedy,77,255,58,298,0.11168402281619043,11
or,shey,390,344,407,382,0.11152980706600527,45
kol,air,35,95,32,76,0.11152722702739924,5
sho,lor,118,38,124,42,0.11134171734789262,7
kal,chos,30,42,27,44,0.1111492346706859,5
sho,oly,118,65,124,37,0.11094003924504582,7
kol,o,35,114,32,86,0.11084954379348298,5
shody,chos,50,42,44,44,0.11026356928399426,4
r,shey,196,344,180,382,0.1101739704443777,34
ar,kchy,449,36,400,35,0.11010016073854717,13
kchy,key,36,33,35,36,0.10994987428338562,3
chcthy,sol,84,63,88,76,0.10987021007226223,6
r,kchy,196,36,180,35,0.10944625665220754,5
kchy,cheo,36,75,35,58,0.10933043344278386,4
tar,daly,43,33,36,25,0.10890171046725802,3
chody,sar,80,77,87,49,0.1087777501232171,6
chos,qol,42,147,44,143,0.10869670052490935,7
chcthy,dor,84,63,88,69,0.1076701388453634,11
sheo,ches,46,44,35,45,0.10753037847273492,7
kol,chl,35,33,32,30,0.10718661571406804,2
dol,cthey,97,47,91,47,0.10710955430182839,8
r,kol,196,35,180,32,0.10681720503294993,9
am,o,115,114,39,86,0.10628941821109952,6
ckhy,sor,38,43,29,47,0.10583005244258363,4
o,chedy,114,341,86,408,0.10554869114295196,18
d,ckhy,53,38,32,29,0.10540925533894598,2
s,kol,328,35,285,32,0.10489472187445262,16
d,chy,53,197,32,151,0.10470271460030457,6
r,shckhy,196,55,180,67,0.10405145782011137,12
shey,cheo,344,75,382,58,0.10396909668402295,17
cthy,cho,100,77,71,58,0.10362596355540252,7
cho,ody,77,38,58,29,0.10360237735649559,3
chcthy,cheo,84,75,88,58,0.10335158140573195,7
chy,sar,197,77,151,49,0.10282469637043275,9
shey,o,344,114,382,86,0.10250780236287074,21
chody,ches,80,44,87,45,0.10235611910217725,8
ar,ckhey,449,32,400,32,0.10210493298462797,17
cthol,qol,55,147,40,143,0.10193200523007653,6
or,chedy,390,341,407,408,0.10158775625688876,46
ckhey,sor,32,43,32,47,0.10119288512538811,3
r,shedy,196,255,180,298,0.10109802794797361,26
shody,lor,50,38,44,42,0.10101525445522108,3
chor,sal,215,48,199,42,0.10072423865532351,10
s,cthy,328,100,285,71,0.10069015510135006,14
shor,tar,91,43,87,36,0.10065923990425821,6
tar,shedy,43,255,36,298,0.10047911585912213,9
shody,cheo,50,75,44,58,0.10016038502687546,7
dair,sheo,93,46,76,35,0.10003126465607108,7
ody,l,38,156,29,144,0.09966604027849266,9
shey,chl,344,33,382,30,0.09965630656729256,11
chy,am,197,115,151,39,0.09904712793080243,6
chcthy,air,84,95,88,76,0.09868421052631579,10
sal,cheo,48,75,42,58,0.09841833239736952,6
shar,daly,34,33,24,25,0.09837387536759293,2
sor,sheo,43,46,47,35,0.09778024140774097,6
ody,sol,38,63,29,76,0.09760722349103469,3
or,shy,390,94,407,82,0.0975984188971124,27
shody,air,50,95,44,76,0.09754987157146351,7
ody,tar,38,43,29,36,0.09709195467257718,3
ckhey,chl,32,33,32,30,0.09701425001453319,3
sheo,chos,46,42,35,44,0.0966485616720421,6
sor,shcthy,43,30,47,36,0.09621404708847278,6
shckhy,lor,55,38,67,42,0.09609277669950918,4
cthol,kal,55,30,40,27,0.09600307214746387,4
ckhy,air,38,95,29,76,0.09597148699373932,4
cthy,air,100,95,71,76,0.0959340200834714,7
o,air,114,95,86,76,0.09590490947133604,6
cthy,r,100,196,71,180,0.09552421666311983,10
shy,chos,94,42,82,44,0.09549105211188456,6
sal,chos,48,42,42,44,0.09480257123538015,5
shody,dol,50,97,44,91,0.09472823560945187,6
kol,cho,35,77,32,58,0.09435367655300861,4
cheo,daly,75,33,58,25,0.09423390576651827,2
d,air,53,95,32,76,0.09393691336511298,6
dor,sheo,63,46,69,35,0.09329054978315802,6
qoty,chos,84,42,72,44,0.09326053460359635,3
oly,sheo,65,46,37,35,0.09312403943594377,3
ckhy,cthey,38,47,29,47,0.09287269204251442,4
chl,daly,33,33,30,25,0.09240616554505461,2
ol,shcthy,588,30,628,36,0.09222818838973548,14
chcthy,chos,84,42,88,44,0.09202524119391,5
chos,air,42,95,44,76,0.09202524119391,3
chcthy,lor,84,38,88,42,0.09197090092274487,4
ckhy,qol,38,147,29,143,0.09161165453548854,5
shar,shedy,34,255,24,298,0.09139583279278747,8
or,cthey,390,47,407,47,0.09129966213285352,18
shckhy,o,55,114,67,86,0.09109372399069947,8
s,qoty,328,84,285,72,0.09097143945131467,13
ody,air,38,95,29,76,0.09091675835657295,5
ody,lor,38,38,29,42,0.09078412990032037,2
kchy,chos,36,42,35,44,0.090268950789772,1
shar,chedy,34,341,24,408,0.09026486465026878,11
sal,chl,48,33,42,30,0.090075469822209,2
r,kal,196,30,180,27,0.08984165325236564,10
or,chcthy,390,84,407,88,0.08956345661475831,35
cthy,sar,100,77,71,49,0.08936749392343686,5
shar,air,34,95,24,76,0.08885233166386386,3
or,ckhy,390,38,407,29,0.08879274321127321,7
char,daly,79,33,74,25,0.0885807893036239,3
or,kal,390,30,407,27,0.08857117383698491,9
o,daly,114,33,86,25,0.08848518130026098,4
shckhy,sar,55,77,67,49,0.08823682071944682,9
ckhey,d,32,53,32,32,0.08819171036881969,2
kchy,shedy,36,255,35,298,0.08812682814481593,8
tar,chedy,43,341,36,408,0.08793389855309397,14
ches,shckhy,44,55,45,67,0.08752515127148622,9
chcthy,daly,84,33,88,25,0.08740748201220974,6
kal,shcthy,30,30,27,36,0.08586775814821836,2
shar,sheo,34,46,24,35,0.08553989227683016,3
qoty,ches,84,44,72,45,0.08489527199560179,6
air,lor,95,38,76,42,0.08430665917918279,3
am,sheo,115,46,39,35,0.08423386302853227,3
or,shedy,390,255,407,298,0.0842007260267444,34
cthol,am,55,115,40,39,0.08408749651825216,5
cthy,o,100,114,71,86,0.08376328155103646,6
r,shy,196,94,180,82,0.08361728133160326,13
chcthy,chl,84,33,88,30,0.08346223261119859,6
am,chos,115,42,39,44,0.0834460874843213,4
or,ckhey,390,32,407,32,0.083385992632954,15
sho,tar,118,43,124,36,0.08272781516947568,6
cthey,dor,47,63,47,69,0.08205246754853726,7
ckhy,tar,38,43,29,36,0.08199200616907877,3
cthol,sal,55,48,40,42,0.08188394740675294,4
shey,d,344,53,382,32,0.08182638399197124,10
or,shody,390,50,407,44,0.08165753351937947,13
tol,ody,42,38,46,29,0.08087693101032829,3
cthol,key,55,33,40,36,0.08058229640253804,5
ain,sheo,149,46,105,35,0.08048235232885186,6
sheo,chl,46,33,35,30,0.08035073760083704,2
ckhey,dol,32,97,32,91,0.08020075313873368,4
r,cthey,196,47,180,47,0.08016179563648097,10
o,shedy,114,255,86,298,0.07994075939368901,8
ar,sheo,449,46,400,35,0.07944175241980331,11
shody,o,50,114,44,86,0.07900209797245851,6
shcthy,l,30,156,36,144,0.07876877135799801,7
kchy,am,36,115,35,39,0.07867372576486599,2
kchy,daly,36,33,35,25,0.07859437755933692,3
s,sal,328,48,285,42,0.07824860707271966,11
kal,ches,30,44,27,45,0.07728981596002805,4
sheo,o,46,114,35,86,0.0769412900349512,5
qo,shcthy,51,30,56,36,0.07644707871564384,6
shy,cheo,94,75,82,58,0.07517591283462406,5
sho,ches,118,44,124,45,0.0747264717757073,10
dor,ody,63,38,69,29,0.07439655196673148,4
ckhey,cheo,32,75,32,58,0.07419985160044519,2
d,cthey,53,47,32,47,0.07342230982143523,4
qoty,sar,84,77,72,49,0.073223199469733,6
kchy,she,36,41,35,34,0.07293249574894727,3
cho,ckhy,77,38,58,29,0.07290826165764891,3
kal,air,30,95,27,76,0.07283956834350812,3
tol,shcthy,42,30,46,36,0.07244179326244428,3
shody,r,50,196,44,180,0.07241468982855873,8
cthol,air,55,95,40,76,0.07225916412700999,4
cthey,cheo,47,75,47,58,0.07206926684851944,3
shody,daly,50,33,44,25,0.0720023041105979,3
char,kchy,79,36,74,35,0.07194017065667525,4
chcthy,o,84,114,88,86,0.07192868210350203,11
kol,sar,35,77,32,49,0.071582035834775,5
shey,sar,344,77,382,49,0.07156247064627014,12
s,kchy,328,36,285,35,0.07095869084934979,10
am,cheo,115,75,39,58,0.0707467826285992,2
s,shey,328,344,285,382,0.07044263023514803,32
d,sal,53,48,32,42,0.07018624063435965,3
dor,key,63,33,69,36,0.07004203783783974,4
kchy,shcthy,36,30,35,36,0.06973680437544065,4
cheo,shckhy,75,55,58,67,0.06929422916050526,5
shody,ches,50,44,44,45,0.06900655593423542,5
ody,ches,38,44,29,45,0.0689081858828936,5
kal,sar,30,77,27,49,0.06856807021757967,4
qo,ody,51,38,56,29,0.0682788741998919,4
chl,chedy,33,341,30,408,0.06783126105061384,10
d,shor,53,91,32,87,0.06778510444259911,4
shar,shckhy,34,55,24,67,0.06751595780557779,4
ody,qol,38,147,29,143,0.06750065327000643,4
ckhey,l,32,156,32,144,0.06731144850020472,8
r,ckhy,196,38,180,29,0.06693710403607074,7
oty,daly,114,33,79,25,0.065857564170497,4
shar,shcthy,34,30,24,36,0.06546536707079771,1
kchy,oly,36,65,35,37,0.06523280730534421,3
shody,tar,50,43,44,36,0.06482037235521643,2
cthol,shedy,55,255,40,298,0.06458817923045304,7
d,shedy,53,255,32,298,0.06458817923045303,5
kal,daly,30,33,27,25,0.06451612903225806,1
daly,shcthy,33,30,25,36,0.06440081861116377,3
dol,key,97,33,91,36,0.06412071758039059,5
s,chedy,328,341,285,408,0.06353483438105792,30
d,chedy,53,341,32,408,0.06313079973110217,9
sal,ody,48,38,42,29,0.06307757002967702,2
cheo,shcthy,75,30,58,36,0.06271032028034078,4
shy,air,94,95,82,76,0.06257827179021985,5
ckhey,r,32,196,32,180,0.06189871494829451,7
shey,chos,344,42,382,44,0.06186835995810815,13
d,shy,53,94,32,82,0.06185895741317418,3
chl,shcthy,33,30,30,36,0.061494004626809075,2
d,am,53,115,32,39,0.06006249751303726,3
cho,shor,77,91,58,87,0.05967159112288674,7
kchy,sal,36,48,35,42,0.05745903513810687,2
s,shy,328,94,285,82,0.057236059460450295,14
sheo,tar,46,43,35,36,0.056816551430892766,3
chcthy,sar,84,77,88,49,0.05677046017157959,6
s,ckhey,328,32,285,32,0.056757527695939176,6
dol,ody,97,38,91,29,0.05675591931255517,2
tar,shckhy,43,55,36,67,0.05605606616635936,3
chos,daly,42,33,44,25,0.05557461733534295,2
sho,sar,118,77,124,49,0.05524498818920061,5
ody,o,38,114,29,86,0.05522263537089161,5
or,ody,390,38,407,29,0.05493297130335667,13
shor,o,91,114,87,86,0.05452532107015683,7
chos,chedy,42,341,44,408,0.0543931436324433,8
r,chcthy,196,84,180,88,0.05409729186860075,15
chl,shedy,33,255,30,298,0.053287098143710535,8
ckhy,sheo,38,46,29,35,0.05279636773484547,2
ches,shcthy,44,30,45,36,0.05143444998736396,5
ody,sar,38,77,29,49,0.05094355219480938,3
shcthy,qol,30,147,36,143,0.0503838394560381,6
shar,cthey,34,47,24,47,0.05015698625755192,2
chos,shedy,42,255,44,298,0.04985206222852867,9
ody,chos,38,42,29,44,0.049547873987628825,2
cthol,shckhy,55,55,40,67,0.049416621110740085,3
s,ckhy,328,38,285,29,0.04933688792529142,5
am,shcthy,115,30,39,36,0.04834937784152281,1
d,daly,53,33,32,25,0.04800153607373192,3
ckhy,lor,38,38,29,42,0.04791574237499549,3
chos,shckhy,42,55,44,67,0.04767746397421859,5
shody,d,50,53,44,32,0.04761904761904762,2
dor,shcthy,63,30,69,36,0.04759806544238717,4
shor,chl,91,33,87,30,0.047451220750256345,3
sar,chedy,77,341,49,408,0.04718697586929829,14
sal,shcthy,48,30,42,36,0.04708236154307584,3
kchy,ody,36,38,35,29,0.04671418358670517,2
shor,cheo,91,75,87,58,0.04666157193639651,3
d,chody,53,80,32,87,0.046352533880859,2
shody,chl,50,33,44,30,0.045834924851410566,2
sal,o,48,114,42,86,0.045283025447799524,6
shcthy,lor,30,38,36,42,0.04517539514526256,2
sar,shedy,77,255,49,298,0.04393397905212188,9
she,sal,41,48,34,42,0.04376881095324085,2
tar,shcthy,43,30,36,36,0.043482827673933626,1
cheo,chedy,75,341,58,408,0.04323307746948367,6
ckhy,sar,38,77,29,49,0.043020701971832345,2
s,ody,328,38,285,29,0.04284349674995851,10
ckhey,qol,32,147,32,143,0.042582116285829114,3
cthey,chos,47,42,47,44,0.042502981216430265,3
cheo,shedy,75,255,58,298,0.041402732159404904,9
kchy,shckhy,36,55,35,67,0.04045566970313674,1
ckhey,lor,32,38,32,42,0.04008918628686365,2
sheo,sar,46,77,35,49,0.03974839402653091,3
s,shody,328,50,285,44,0.039004234627095034,8
cho,daly,77,33,58,25,0.03873467559917655,2
cho,shcthy,77,30,58,36,0.03866544466698503,3
ckhey,am,32,115,32,39,0.038138503569823685,1
sheo,air,46,95,35,76,0.038002094395360494,3
kchy,ches,36,44,35,45,0.037662178857735464,3
s,shedy,328,255,285,298,0.037368318703148266,27
chos,shcthy,42,30,44,36,0.03698352545411534,1
or,sheo,390,46,407,35,0.036833769678892105,9
ody,cheo,38,75,29,58,0.036006337673194805,2
o,shcthy,114,30,86,36,0.035330812286303095,5
sheo,cheo,46,75,35,58,0.03511715505756132,3
s,kal,328,30,285,27,0.034948912608975057,8
s,chcthy,328,84,285,88,0.03452556404670391,18
dol,shcthy,97,30,91,36,0.0338910038738161,4
or,shcthy,390,30,407,36,0.03331499432583722,12
d,shckhy,53,55,32,67,0.032944414073826714,3
sol,shcthy,63,30,76,36,0.03238043840981863,2
d,kal,53,30,32,27,0.03200102404915463,2
sar,shcthy,77,30,49,36,0.03042023009568812,2
s,cthey,328,47,285,47,0.030069700490954508,10
shy,sar,94,77,82,49,0.029454261137099445,3
r,sheo,196,46,180,35,0.02929529808776606,4
ckhy,ches,38,44,29,45,0.029095718698132315,2
cho,am,77,115,58,39,0.029080336345115258,2
d,chcthy,53,84,32,88,0.028903665650804,4
s,sheo,328,46,285,35,0.0284900927258997,6
ody,chl,38,33,29,30,0.02746175181905449,1
kal,cheo,30,75,27,58,0.02692397307614808,2
s,shcthy,328,30,285,36,0.026164836010960695,9
shody,sar,50,77,44,49,0.025508138394428843,2
ckhy,o,38,114,29,86,0.02498265695247391,2
d,shcthy,53,30,32,36,0.021295885499997995,2
kchy,sar,36,77,35,49,0.018562334308340332,1
ckhey,sar,32,77,32,49,0.017996850826633902,1
ckhey,tar,32,43,32,36,0.017149858514250882,1
r,shcthy,196,30,180,36,0.014946846371651069,3
kar,shcthy,58,30,47,36,0.014602041508114226,1
d,ody,53,38,32,29,0.014265349750363766,1
r,ody,196,38,180,29,0.010012356197002381,2
cthey,sar,47,77,47,49,0.008740043387431076,1
ckhy,daly,38,33,29,25,0.0,0
d,sheo,53,46,32,35,0.0,0
