a,b,count_a,count_b,family_obs_a,family_obs_b,family_cosine,shared_min_count,shared_families
or,s,390,328,406,291,0.9613169780683087,227,54
s,r,328,196,291,176,0.954321562422668,127,34
or,r,390,196,406,176,0.951182345645611,143,42
r,sar,196,77,176,48,0.9251405059515082,35,11
s,sar,328,77,291,48,0.9156913089871604,43,19
or,sar,390,77,406,48,0.9115997113925397,42,18
r,d,196,53,176,32,0.9088710003593926,29,13
ar,or,449,390,388,406,0.9078029501660702,225,77
s,d,328,53,291,32,0.9047925479698834,28,12
ar,r,449,196,388,176,0.8949560826419293,145,45
or,d,390,53,406,32,0.892463318321844,26,10
ar,s,449,328,388,291,0.8842442771466738,176,57
ar,sar,449,77,388,48,0.8755651222038463,43,19
qol,l,147,156,132,137,0.8660968136523995,76,33
d,sar,53,77,32,48,0.8576373085011271,20,7
ol,l,588,156,609,137,0.848320740291291,115,56
r,ches,196,44,176,43,0.8410684651314443,27,12
s,o,328,114,291,83,0.836672419914037,37,10
s,ches,328,44,291,43,0.8302087837505475,28,15
chol,cthol,367,55,362,43,0.8293478268577533,33,17
y,ol,210,588,176,609,0.8275971000495604,142,66
ol,qol,588,147,609,132,0.8233119071268928,112,49
ol,sol,588,63,609,69,0.818354918985977,55,31
or,sor,390,43,406,45,0.8179245144330917,37,19
ches,sar,44,77,43,48,0.8168527973521609,21,8
chol,kol,367,35,362,33,0.8127061416035903,27,19
ar,d,449,53,388,32,0.8102617203134396,27,11
or,o,390,114,406,83,0.80957296790982,46,18
shey,chey,344,510,374,580,0.8077214355974531,258,95
r,o,196,114,176,83,0.8037937197633183,42,16
or,ches,390,44,406,43,0.8013699373890112,32,19
d,ches,53,44,32,43,0.7991784102357001,19,6
sol,qol,63,147,69,132,0.7873491596407478,43,20
ar,ches,449,44,388,43,0.7813934831241715,36,21
chor,chol,215,367,199,362,0.7794237873864706,116,48
d,o,53,114,32,83,0.779111982380938,19,7
ol,sor,588,43,609,45,0.7694758327754578,37,19
r,sor,196,43,176,45,0.7693876226577933,29,12
kol,cthol,35,55,33,43,0.7673824148975219,16,8
ol,al,588,311,609,245,0.7652992926092167,165,80
d,chos,53,42,32,43,0.7633651969423904,14,5
chol,cthy,367,100,362,67,0.7625791636288359,42,21
s,sor,328,43,291,45,0.7622548215427608,33,17
or,chos,390,42,406,43,0.7613059383551517,31,22
y,l,210,156,176,137,0.7608238623836037,77,39
dar,ol,287,588,242,609,0.753579784039544,163,77
al,l,311,156,245,137,0.7525895361622633,92,50
or,tar,390,43,406,35,0.7502358539797626,26,16
s,cheo,328,75,291,62,0.7483122396009538,32,17
s,chos,328,42,291,43,0.7471852175085405,21,12
ar,sor,449,43,388,45,0.7468061819049849,37,19
r,chos,196,42,176,43,0.743796135581929,20,11
ar,o,449,114,388,83,0.7422964475627358,48,19
cthy,kol,100,35,67,33,0.7409434820605564,20,12
y,al,210,311,176,245,0.7394671015014113,100,50
cthy,cthol,100,55,67,43,0.7386494492371307,26,12
o,sar,114,77,83,48,0.7339332928599324,20,3
or,cheo,390,75,406,62,0.7321737537602026,32,16
r,tar,196,43,176,35,0.7318449456658163,20,11
r,cheo,196,75,176,62,0.730978314789885,28,14
or,lor,390,38,406,39,0.7303493572756832,31,16
tar,lor,43,38,35,39,0.7264450270622261,16,7
ches,o,44,114,43,83,0.7259526839058266,17,5
sor,sar,43,77,45,48,0.7253437067180021,21,10
r,lor,196,38,176,39,0.7233141814245944,23,10
y,tol,210,42,176,48,0.7223675494745445,31,20
tar,sar,43,77,35,48,0.7223587352604365,15,7
dar,sor,287,43,242,45,0.7222841491009832,40,23
sor,lor,43,38,45,39,0.7199910911826023,21,8
s,tar,328,43,291,35,0.7192184517571361,22,13
ar,dar,449,287,388,242,0.717435160708038,150,78
sol,l,63,156,69,137,0.7121560063460798,40,23
ol,dor,588,63,609,68,0.7112966246554465,56,30
chos,sar,42,77,43,48,0.7080465544536302,16,8
ar,tar,449,43,388,35,0.7075241007421234,27,17
sar,lor,77,38,48,39,0.707360583305657,17,7
sor,tar,43,43,45,35,0.7062881957579754,17,8
tol,dor,42,63,48,68,0.703589553081995,25,16
y,qol,210,147,176,132,0.7018112347640384,68,33
d,cheo,53,75,32,62,0.6980100608965332,18,5
chor,dal,215,190,199,139,0.6959137043187701,69,42
cheo,o,75,114,62,83,0.6957496506274927,27,12
ar,chos,449,42,388,43,0.6944142839343853,26,17
al,qol,311,147,245,132,0.6905806976205533,76,36
y,dor,210,63,176,68,0.6897345661698981,42,19
or,ol,390,588,406,609,0.6887039553667685,229,82
shey,chckhy,344,141,374,153,0.6882313197114114,96,52
chor,dor,215,63,199,68,0.6880511563033935,43,23
chol,dal,367,190,362,139,0.6880281194687177,80,49
s,lor,328,38,291,39,0.6878461835431968,24,11
shey,shckhy,344,55,374,64,0.6858590265536175,42,29
or,dar,390,287,406,242,0.685381512515138,130,65
cheo,sar,75,77,62,48,0.6792781199936146,20,7
sor,sol,43,63,45,69,0.677643028055341,24,12
chey,chckhy,510,141,580,153,0.6748453130010805,113,63
ar,lor,449,38,388,39,0.6732419300474106,27,12
tol,ol,42,588,48,609,0.6728958238758592,32,21
d,sor,53,43,32,45,0.6696611419850345,15,7
tol,l,42,156,48,137,0.6682238651911909,23,16
y,chor,210,215,176,199,0.6664937259059439,82,34
y,sol,210,63,176,69,0.6612373529331926,41,20
chor,kol,215,35,199,33,0.6611771863820949,25,17
ar,cheo,449,75,388,62,0.6586038995758545,33,17
cthy,cthor,100,45,67,42,0.65799949970305,23,13
chos,ches,42,44,43,43,0.6579435022942695,11,3
dor,l,63,156,68,137,0.657782385706956,36,17
chos,o,42,114,43,83,0.6575410278762805,11,3
chos,lor,42,38,43,39,0.6545123378758663,18,10
ain,qol,149,147,107,132,0.6534485335339995,40,19
cthol,cthor,55,45,43,42,0.6525499268059114,20,13
d,lor,53,38,32,39,0.6485076010622413,14,6
chey,dy,510,204,580,144,0.6473000918427295,104,58
ar,ol,449,588,388,609,0.6469941353564002,219,95
chol,chy,367,197,362,157,0.6429790602634301,85,52
ches,lor,44,38,43,39,0.6382944528020494,13,5
ain,l,149,156,107,137,0.6368155547821897,43,22
tol,qol,42,147,48,132,0.6363119682046128,22,15
ain,ol,149,588,107,609,0.6359912859594086,82,49
chol,cthor,367,45,362,42,0.6352934541940506,31,21
chor,cthol,215,55,199,43,0.6350999569416319,31,15
y,dar,210,287,176,242,0.6342356800262348,84,46
kol,shy,35,94,33,77,0.6334618262770997,20,13
d,tar,53,43,32,35,0.6327646278863236,10,4
cheo,ches,75,44,62,43,0.6322125135685912,17,5
sor,l,43,156,45,137,0.6313322036110924,26,12
sor,qol,43,147,45,132,0.6306462523747771,21,9
sor,o,43,114,45,83,0.6286053806296038,16,5
tar,ches,43,44,35,43,0.6274007103340102,10,4
dar,sol,287,63,242,69,0.62725004818718,43,23
ar,char,449,79,388,75,0.6271647045388522,56,37
sor,ches,43,44,45,43,0.6265507046027982,16,8
shol,chy,176,197,181,157,0.6241904165669874,75,48
al,sol,311,63,245,69,0.6228204254289609,46,23
y,chol,210,367,176,362,0.6224000932046061,108,53
y,dal,210,190,176,139,0.6221342617936602,62,38
chor,ol,215,588,199,609,0.6216925230519449,121,52
dy,chckhy,204,141,144,153,0.621197827149785,59,36
chol,shy,367,94,362,77,0.6207703713083885,50,34
cheo,tar,75,43,62,35,0.6200932485670062,14,8
ckhey,chol,32,367,32,362,0.6161969858548427,20,14
dar,ain,287,149,242,107,0.6161500001195274,70,40
dar,al,287,311,242,245,0.6154574548966637,100,60
shol,chol,176,367,181,362,0.6153809092546063,104,56
chor,cthor,215,45,199,42,0.6127589230290632,30,18
chol,dor,367,63,362,68,0.6125092359538591,52,28
tar,o,43,114,35,83,0.6101661556659209,11,5
chor,tol,215,42,199,48,0.6090676042156351,27,18
shey,dy,344,204,374,144,0.608416588482956,84,43
chor,cthy,215,100,199,67,0.6078523625830169,46,24
chey,shckhy,510,55,580,64,0.6059232638455798,51,37
cheo,chos,75,42,62,43,0.6059048960307679,15,6
ckhey,kol,32,35,32,33,0.6057921483348285,11,6
kol,chy,35,197,33,157,0.605292024920322,23,16
r,dar,196,287,176,242,0.6048801859305418,79,36
s,dar,328,287,291,242,0.6022615082726984,102,51
shar,or,34,390,24,406,0.6015887884145412,17,13
chdy,chey,108,510,113,580,0.6015138666219614,75,52
dar,dor,287,63,242,68,0.6011610082358378,48,28
dal,ol,190,588,139,609,0.6007035815494968,91,54
dor,sol,63,63,68,69,0.6003677575763856,31,16
y,sor,210,43,176,45,0.5996414886600915,32,16
kol,dy,35,204,33,144,0.5992812934134313,24,16
dal,dor,190,63,139,68,0.5992541323309714,40,23
s,ol,328,588,291,609,0.5978103353051065,162,56
kol,dal,35,190,33,139,0.597458829216898,25,17
dar,lor,287,38,242,39,0.5966562398740015,31,16
dor,qol,63,147,68,132,0.5965788002812389,33,14
dal,dy,190,204,139,144,0.5960154309883228,59,35
shar,sar,34,77,24,48,0.5944718152532001,9,6
chdy,chcthy,108,84,113,94,0.5944454429259128,44,31
ain,am,149,115,107,38,0.5944206543446519,20,14
dar,l,287,156,242,137,0.59247945765622,64,35
dar,qol,287,147,242,132,0.5914618894223137,61,27
ckhey,cthol,32,55,32,43,0.591398398810567,11,6
shol,chey,176,510,181,580,0.5912532100570019,124,66
ckhey,cthy,32,100,32,67,0.5909497075777495,16,11
chol,tol,367,42,362,48,0.5883042933808812,33,22
dar,dal,287,190,242,139,0.588080875412091,69,47
tol,dal,42,190,48,139,0.5875506444979073,31,21
shol,dy,176,204,181,144,0.5868499174742361,66,37
cthy,shy,100,94,67,77,0.5866992641427419,25,14
sor,chos,43,42,45,43,0.5866364826939114,16,8
shy,dy,94,204,77,144,0.5863048148725898,40,23
r,ol,196,588,176,609,0.5862471263863104,126,47
ol,lor,588,38,609,39,0.5847261516005197,32,15
shol,y,176,210,181,176,0.5839999149153345,75,41
dar,tar,287,43,242,35,0.5837187639488561,23,14
chckhy,shckhy,141,55,153,64,0.583378797165569,40,28
chal,al,59,311,57,245,0.5827035086520705,43,37
ol,tar,588,43,609,35,0.5813561731391519,25,16
o,lor,114,38,83,39,0.580656203323673,12,4
chor,dar,215,287,199,242,0.5796440988386636,84,45
chey,qo,510,51,580,59,0.5779560500338259,51,40
sor,dor,43,63,45,68,0.5776355918011563,21,12
dar,sar,287,77,242,48,0.5772648812916227,37,16
shar,tar,34,43,24,35,0.5745981582621553,11,8
chos,tar,42,43,43,35,0.5745378809452787,10,4
chy,shy,197,94,157,77,0.5731260378763444,41,30
shar,r,34,196,24,176,0.5726529629096523,11,7
chey,chcthy,510,84,580,94,0.5721473122517401,72,53
ol,am,588,115,609,38,0.5719136517531438,29,23
shar,s,34,328,24,291,0.5711631379580038,14,10
chal,ol,59,588,57,609,0.5705363456919911,45,38
kol,cthor,35,45,33,42,0.5704356452719496,13,9
shy,chckhy,94,141,77,153,0.5702625402084077,37,23
ol,o,588,114,609,83,0.5693396712889123,67,29
chol,dy,367,204,362,144,0.5676131553810133,67,40
chol,oky,367,103,362,90,0.5669868099011574,49,33
shar,d,34,53,24,32,0.566946709513841,7,4
shol,kol,176,35,181,33,0.5665118467557584,26,18
sol,lor,63,38,69,39,0.5664364511319013,20,11
ar,shar,449,34,388,24,0.565878408754015,19,15
sor,cheo,43,75,45,62,0.5652865398896838,17,8
shol,shor,176,91,181,85,0.5640127639921676,43,28
cthy,chy,100,197,67,157,0.5635284906475497,33,17
tol,sol,42,63,48,69,0.5632699981036576,20,12
chor,al,215,311,199,245,0.5632573527594793,87,47
tol,al,42,311,48,245,0.5613309071194185,31,20
chy,cthol,197,55,157,43,0.5608913815068107,24,12
shar,lor,34,38,24,39,0.5587605057198419,10,7
y,chal,210,59,176,57,0.5580601436837687,29,24
am,qol,115,147,38,132,0.556009299799396,18,13
al,dor,311,63,245,68,0.5557670423366193,43,23
l,air,156,95,137,70,0.5541684968947473,27,20
shey,she,344,41,374,39,0.5538314404904651,28,25
ckhey,shy,32,94,32,77,0.5530459950234383,15,9
ol,sar,588,77,609,48,0.5519813422884349,44,21
y,dy,210,204,176,144,0.5477360196439328,65,38
cthol,dal,55,190,43,139,0.546770481131718,26,15
tol,sor,42,43,48,45,0.5466550354776553,16,11
ckhey,dy,32,204,32,144,0.5456276177089131,21,15
ain,sol,149,63,107,69,0.5454356493666395,25,12
chdy,chckhy,108,141,113,153,0.5450616331713825,56,41
kol,oky,35,103,33,90,0.5444210483401237,21,15
cthol,shy,55,94,43,77,0.5441501485006514,19,9
chal,dar,59,287,57,242,0.543855298224413,34,30
dal,al,190,311,139,245,0.5436272219086546,70,47
d,dar,53,287,32,242,0.5429489651957946,28,12
kol,tol,35,42,33,48,0.5426095162342934,16,13
am,l,115,156,38,137,0.5417369277307681,19,14
shar,dar,34,287,24,242,0.5416666666666666,17,13
ol,dol,588,97,609,89,0.5396218287215431,54,30
chey,chy,510,197,580,157,0.5365771955379683,103,66
dar,am,287,115,242,38,0.5361109642475097,23,17
chor,dy,215,204,199,144,0.5352905759949825,61,34
y,chy,210,197,176,157,0.5340765156599143,67,45
am,sol,115,63,38,69,0.5331549489170535,13,8
dar,kar,287,58,242,47,0.5302802418897309,31,26
or,dor,390,63,406,68,0.5301388780505654,52,27
or,char,390,79,406,75,0.5288351353469183,46,30
dar,dy,287,204,242,144,0.5285433870174403,69,43
dol,al,97,311,89,245,0.5283473288108492,44,25
dol,sol,97,63,89,69,0.5266733484382655,24,13
y,kol,210,35,176,33,0.5262506640488077,25,17
shol,chor,176,215,181,199,0.5260606261800406,72,46
chdy,shey,108,344,113,374,0.5255041852258266,60,43
dol,sal,97,48,89,44,0.5248062950174999,20,15
qol,air,147,95,132,70,0.522752819196441,26,18
shol,al,176,311,181,245,0.5223648837453901,81,52
dar,chos,287,42,242,43,0.5222666352627332,27,18
ain,al,149,311,107,245,0.5219943400216868,56,35
chy,dy,197,204,157,144,0.5212003747961809,55,38
am,al,115,311,38,245,0.5211573066470478,23,18
y,ain,210,149,176,107,0.521031687220669,43,25
shol,shy,176,94,181,77,0.5199860747510119,40,25
cthy,dal,100,190,67,139,0.5191156948891755,31,19
shar,chos,34,42,24,43,0.517701367471975,8,5
al,dy,311,204,245,144,0.5170562978713674,75,48
cthy,oky,100,103,67,90,0.5167770076554393,24,14
chor,chal,215,59,199,57,0.516417538731334,28,22
cthy,dy,100,204,67,144,0.515312641077622,34,20
shol,dal,176,190,181,139,0.5121237418678086,55,34
chor,oky,215,103,199,90,0.5121127475176543,37,23
char,dar,79,287,75,242,0.5103220122726003,39,24
chey,al,510,311,580,245,0.510201399002466,140,78
ar,kar,449,58,388,47,0.5099926708220228,35,28
dar,tol,287,42,242,48,0.5094239375890246,30,23
y,or,210,390,176,406,0.5091644681579106,81,37
dol,dor,97,63,89,68,0.5088057082334715,31,21
dal,sol,190,63,139,69,0.5087282118339087,31,16
shey,chcthy,344,84,374,94,0.5082096940380427,57,41
cho,cheo,77,75,59,62,0.5078333750770081,16,11
she,chey,41,510,39,580,0.5075832450645326,32,28
tar,sol,43,63,35,69,0.5072531649411728,14,9
dar,o,287,114,242,83,0.5069683232968353,37,14
char,chos,79,42,75,43,0.5064916133968793,19,13
chy,dal,197,190,157,139,0.5059669276580958,54,41
shol,cthol,176,55,181,43,0.5047146145152358,25,12
dal,cthor,190,45,139,42,0.5045271838623335,24,17
oky,cthor,103,45,90,42,0.5032265660855085,22,13
dy,shckhy,204,55,144,64,0.5030737186916883,34,23
chor,l,215,156,199,137,0.5029972405968265,54,28
kol,dor,35,63,33,68,0.5027933178237151,17,13
shol,dar,176,287,181,242,0.5021139225475983,66,39
ar,y,449,210,388,176,0.5018930889743866,97,50
oky,shy,103,94,90,77,0.5016290204294225,28,20
shey,qo,344,51,374,59,0.5010977732835069,34,27
chal,dal,59,190,57,139,0.5008811587770591,27,22
cheo,lor,75,38,62,39,0.5003137595945112,12,4
oky,dal,103,190,90,139,0.4998038345113799,38,26
or,l,390,156,406,137,0.49956507904397784,84,39
s,char,328,79,291,75,0.4994202598569617,31,22
chy,qo,197,51,157,59,0.49853949167476397,39,32
shar,ches,34,44,24,43,0.498400726997396,7,5
al,sor,311,43,245,45,0.4978793838120408,32,20
ol,cheo,588,75,609,62,0.4974170504737308,51,27
or,sol,390,63,406,69,0.4968396854204861,51,29
chor,sor,215,43,199,45,0.4933338070240168,31,17
r,char,196,79,176,75,0.49285444680090373,25,16
cthol,oky,55,103,43,90,0.4928319990088058,18,10
chey,shy,510,94,580,77,0.491341675899132,58,39
tol,dy,42,204,48,144,0.49026495085104177,22,16
shol,chdy,176,108,181,113,0.48957829770287664,56,42
ol,air,588,95,609,70,0.48867165443566474,36,28
chor,chy,215,197,199,157,0.4885375458340738,60,36
char,sor,79,43,75,45,0.4881426356672706,17,9
dar,dol,287,97,242,89,0.48699963113121575,38,21
ain,sor,149,43,107,45,0.48699901226479514,22,13
ar,l,449,156,388,137,0.48680925534913067,86,46
shar,sor,34,43,24,45,0.4861527926641233,9,6
char,oly,79,65,75,33,0.4853737513923664,18,15
shol,chckhy,176,141,181,153,0.4846508142361934,61,38
ol,dy,588,204,609,144,0.4839667358301494,92,51
shol,ol,176,588,181,609,0.4833880446885155,108,60
chol,ol,367,588,362,609,0.4824924036953068,174,77
chy,al,197,311,157,245,0.48243100329920396,75,55
ckhey,chey,32,510,32,580,0.4816415184333888,28,21
al,air,311,95,245,70,0.48133194447423683,33,26
ol,qo,588,51,609,59,0.48049519154549264,43,39
dar,oty,287,114,242,79,0.4804554710901244,46,31
cho,o,77,114,59,83,0.48034052849995484,13,8
ain,dor,149,63,107,68,0.47940433537105476,26,14
ckhey,chy,32,197,32,157,0.47918302170094146,18,12
chcthy,chckhy,84,141,94,153,0.4789293521979864,51,39
ain,dal,149,190,107,139,0.4779159150194314,37,24
dal,sor,190,43,139,45,0.47712638604818225,24,14
dal,qol,190,147,139,132,0.4766169493977507,39,22
am,dor,115,63,38,68,0.47638495872919123,16,11
char,o,79,114,75,83,0.47628314854075265,18,10
ain,tol,149,42,107,48,0.4758553819416337,18,10
cthol,dy,55,204,43,144,0.47566478032352094,25,12
chal,dor,59,63,57,68,0.47528212354854377,18,13
chol,al,367,311,362,245,0.4752389202509875,111,60
dal,l,190,156,139,137,0.4742604909958485,42,28
char,tar,79,43,75,35,0.4733948814085332,15,9
s,cho,328,77,291,59,0.4727942691047324,23,18
shol,sho,176,118,181,124,0.4723616263763119,51,30
shol,oky,176,103,181,90,0.4722445815139977,38,24
shol,cthy,176,100,181,67,0.47222241790923897,34,20
r,cho,196,77,176,59,0.4721224372564311,20,16
y,qo,210,51,176,59,0.4719983783007848,28,25
dar,ches,287,44,242,43,0.4717905871721381,29,16
she,shckhy,41,55,39,64,0.47176741885924267,17,14
y,dol,210,97,176,89,0.4716645486781954,34,19
dar,cheo,287,75,242,62,0.4714614808391303,30,14
ar,dor,449,63,388,68,0.47077320015318774,49,28
chal,l,59,156,57,137,0.4705927846680314,29,25
chol,chal,367,59,362,57,0.4701269841862089,37,31
shor,sal,91,48,85,44,0.47011390219664034,15,11
dor,dy,63,204,68,144,0.46994509809552365,33,19
chor,ain,215,149,199,107,0.4695961103768285,43,24
chdy,dy,108,204,113,144,0.4693133045172246,42,31
ckhey,chckhy,32,141,32,153,0.46864129660045595,22,17
dor,air,63,95,68,70,0.46729013610523357,15,10
chor,sol,215,63,199,69,0.46700845315698974,32,16
chy,chckhy,197,141,157,153,0.46609796598176256,53,40
al,chckhy,311,141,245,153,0.4650914072101175,72,52
char,sar,79,77,75,48,0.46455955715259484,17,10
kol,chckhy,35,141,33,153,0.4631627865001539,22,16
y,o,210,114,176,83,0.4621059470462694,36,20
char,ches,79,44,75,43,0.46194526272935765,15,9
or,chor,390,215,406,199,0.4617664525577457,100,49
shol,oty,176,114,181,79,0.4616941358912438,36,27
d,ol,53,588,32,609,0.46166515991580137,29,14
y,am,210,115,176,38,0.461167440662914,18,13
dar,cthor,287,45,242,42,0.46108443986159886,28,19
shol,ckhey,176,32,181,32,0.46070883601136564,19,13
oky,chckhy,103,141,90,153,0.4596915496167667,35,22
chey,key,510,33,580,36,0.4568590503652776,27,26
s,dor,328,63,291,68,0.45669681669896023,50,24
ar,ain,449,149,388,107,0.4558901437114536,82,48
chal,chy,59,197,57,157,0.4557649427881209,29,26
chdy,dar,108,287,113,242,0.4557327151876499,57,43
dal,chckhy,190,141,139,153,0.4551489842701259,51,38
chal,chckhy,59,141,57,153,0.45451206645560877,35,29
kol,al,35,311,33,245,0.45179349720570805,26,21
chol,shor,367,91,362,85,0.451722031469017,49,33
ar,cho,449,77,388,59,0.4516531472671796,30,25
she,chckhy,41,141,39,153,0.4512086108255481,23,20
dol,l,97,156,89,137,0.4509717439582857,28,17
shor,dy,91,204,85,144,0.45034089523822696,36,25
ain,air,149,95,107,70,0.45024893688173173,24,17
qo,al,51,311,59,245,0.4502335488976196,34,31
chal,sol,59,63,57,69,0.4499003890383852,17,12
ckhey,dal,32,190,32,139,0.44982345106024185,17,11
ar,sol,449,63,388,69,0.4494746597463688,45,25
chal,ain,59,149,57,107,0.44906683084718346,20,16
shar,cheo,34,75,24,62,0.4488655290372549,9,6
y,s,210,328,176,291,0.44873839338550203,74,31
chey,cthey,510,47,580,50,0.4485443924552664,33,30
oky,dy,103,204,90,144,0.44846105565116146,33,20
shey,shy,344,94,374,77,0.4483199747021255,43,26
dal,shy,190,94,139,77,0.44769919542522035,30,21
dal,qo,190,51,139,59,0.447499199357973,28,25
shar,ol,34,588,24,609,0.4469706047318518,20,16
or,cho,390,77,406,59,0.4466568873624073,24,18
chol,kchy,367,36,362,36,0.446092312208669,22,17
ar,chal,449,59,388,57,0.4460231460169146,37,33
am,dol,115,97,38,89,0.4459927908250817,12,7
shol,chal,176,59,181,57,0.4457279392390754,29,23
dol,dy,97,204,89,144,0.4443317845534842,39,26
shor,sol,91,63,85,69,0.44401329658429056,19,11
or,kar,390,58,406,47,0.4434886031813199,33,28
chey,dal,510,190,580,139,0.4431551931728224,82,50
shol,qo,176,51,181,59,0.4425879486080757,33,26
kol,chal,35,59,33,57,0.4423739552038088,12,10
ol,ches,588,44,609,43,0.441770331870264,34,20
y,chey,210,510,176,580,0.4400348012147667,116,70
chal,sor,59,43,57,45,0.4398949192731172,16,13
y,air,210,95,176,70,0.4395887662983152,21,16
or,qol,390,147,406,132,0.43934183857683035,76,27
chal,dy,59,204,57,144,0.4391929957177869,24,20
char,d,79,53,75,32,0.4378978809844386,10,4
shol,dor,176,63,181,68,0.4368949450182002,31,18
chcthy,oty,84,114,94,79,0.4368739446767396,29,25
cho,ches,77,44,59,43,0.4366716917219,10,6
chy,cthor,197,45,157,42,0.43561146121719974,25,17
d,cho,53,77,32,59,0.435536838672099,8,4
chol,qo,367,51,362,59,0.4347971069626069,38,34
qo,l,51,156,59,137,0.43463784802959343,26,23
char,cthor,79,45,75,42,0.4342513497222962,15,11
ckhey,oky,32,103,32,90,0.43333333333333335,15,9
shar,dor,34,63,24,68,0.4331895500522951,15,11
chor,qol,215,147,199,132,0.4330673732517537,38,18
tol,dol,42,97,48,89,0.43273562521726566,18,13
dal,dol,190,97,139,89,0.43263394509880954,31,20
chor,qo,215,51,199,59,0.43226822194700926,21,18
cthor,dy,45,204,42,144,0.43190007574972733,25,17
char,lor,79,38,75,39,0.4315750269409381,12,6
ar,oly,449,65,388,33,0.43122221836919794,23,20
kol,shor,35,91,33,85,0.43117033650123804,16,11
y,chckhy,210,141,176,153,0.4305118456788521,47,34
dol,qol,97,147,89,132,0.4304334993933729,25,13
shol,shey,176,344,181,374,0.4301808883926908,81,50
chol,chckhy,367,141,362,153,0.43006095261598354,72,49
ar,al,449,311,388,245,0.4298697280586715,122,72
chal,qol,59,147,57,132,0.429161686030372,21,17
chol,dar,367,287,362,242,0.4275325069268161,104,56
char,ol,79,588,75,609,0.42733977888541796,44,28
dar,air,287,95,242,70,0.42699324622671997,32,24
chor,shy,215,94,199,77,0.4268336387040572,31,21
chal,tol,59,42,57,48,0.4265260724478417,14,10
or,tol,390,42,406,48,0.42630894329256064,26,18
dar,shor,287,91,242,85,0.42566442141327543,40,27
cthor,dor,45,63,42,68,0.4252464331814255,19,14
qol,lor,147,38,132,39,0.42479905875863194,25,16
ol,chos,588,42,609,43,0.423726508365876,33,24
kar,chos,58,42,47,43,0.42362536520690697,11,9
chey,oky,510,103,580,90,0.4232373385806221,60,39
qo,shckhy,51,55,59,64,0.42211999154132823,20,16
char,cheo,79,75,75,62,0.42197664418468944,15,8
shar,o,34,114,24,83,0.42163702135578396,4,2
y,shy,210,94,176,77,0.42141698775035685,35,23
tol,qo,42,51,48,59,0.4214058606907359,17,14
tol,air,42,95,48,70,0.42116931514266137,14,10
shol,tol,176,42,181,48,0.42055651130865623,26,19
dar,chckhy,287,141,242,153,0.4201731863121648,62,43
shar,chor,34,215,24,199,0.4195385200817707,14,10
al,shckhy,311,55,245,64,0.4193163321315116,32,24
chdy,key,108,33,113,36,0.4182090212143938,20,19
ar,qol,449,147,388,132,0.4181660747819466,72,34
tol,chckhy,42,141,48,153,0.4174087204258318,21,15
chol,chey,367,510,362,580,0.41718817582448375,169,91
dal,am,190,115,139,38,0.41710307877406566,21,15
char,chckhy,79,141,75,153,0.41569856525527965,28,21
y,cthol,210,55,176,43,0.41554912328970756,29,14
ody,shcthy,38,30,24,33,0.41533930532093194,8,7
cthey,chckhy,47,141,50,153,0.41514787664051317,24,23
or,dal,390,190,406,139,0.41513841550806946,66,41
chdy,dal,108,190,113,139,0.4141399246601273,39,34
chal,am,59,115,57,38,0.41410935155849693,13,10
cthol,dor,55,63,43,68,0.41371911573554837,17,10
ain,kal,149,30,107,27,0.41346886483960327,12,11
r,kar,196,58,176,47,0.41342820710167716,19,15
ar,dal,449,190,388,139,0.41334545382980387,64,43
chy,oky,197,103,157,90,0.4132258230256874,32,22
chdy,shcthy,108,30,113,33,0.4131369603904238,21,15
kol,ol,35,588,33,609,0.41182489765462876,30,22
y,oky,210,103,176,90,0.41176667929178856,37,26
chdy,kal,108,30,113,27,0.41157769036069836,15,14
chor,ckhey,215,32,199,32,0.4112659295449469,13,8
r,dor,196,63,176,68,0.4108988255914859,39,20
qo,chcthy,51,84,59,94,0.4106209329318194,24,20
dar,chey,287,510,242,580,0.4101892052592047,112,60
cthy,tol,100,42,67,48,0.41018150630839484,13,9
shol,chcthy,176,84,181,94,0.4098940813121566,44,34
dy,oty,204,114,144,79,0.40975821845393723,30,22
cho,chos,77,42,59,43,0.4097575314352394,9,5
kar,tar,58,43,47,35,0.40951417967396103,9,6
chcthy,dy,84,204,94,144,0.40947234065973626,35,28
s,l,328,156,291,137,0.4091684897946521,65,28
ain,kar,149,58,107,47,0.40902651923206357,18,14
she,qo,41,51,39,59,0.4088563251453103,15,14
kar,key,58,33,47,36,0.40875955965664384,13,12
cthy,chey,100,510,67,580,0.40798408324926827,53,30
chy,tol,197,42,157,48,0.4076876496007125,25,19
y,r,210,196,176,176,0.40699056265394545,54,28
dy,sol,204,63,144,69,0.40631820488604886,28,17
qo,chckhy,51,141,59,153,0.40614611235136117,30,25
or,chal,390,59,406,57,0.40577091540436605,32,28
char,oky,79,103,75,90,0.4054991124544446,23,19
tol,shy,42,94,48,77,0.40541618192356454,13,9
ar,chor,449,215,388,199,0.4053571270607917,89,48
r,l,196,156,176,137,0.40529986814001684,55,31
chdy,char,108,79,113,75,0.40479827286438697,25,20
sol,sar,63,77,69,48,0.4045652994165971,15,10
kol,chey,35,510,33,580,0.4043257313001009,25,17
r,sol,196,63,176,69,0.404290543855839,35,20
sor,kar,43,58,45,47,0.40422604172722165,12,9
o,l,114,156,83,137,0.40354128835029524,33,20
cho,sar,77,77,59,48,0.40295473374186985,7,3
tar,l,43,156,35,137,0.4025687518236817,23,16
chor,cheo,215,75,199,62,0.4025499433914182,32,20
char,kar,79,58,75,47,0.40253272944471113,18,14
tol,cthor,42,45,48,42,0.40243902439024387,14,10
dar,sal,287,48,242,44,0.4019737712027819,27,22
chcthy,shcthy,84,30,94,33,0.4017943245558392,17,13
chol,sol,367,63,362,69,0.4013559860462507,39,22
ckhy,chcthy,38,84,27,94,0.4008918628686366,14,12
kol,sol,35,63,33,69,0.400472441962764,13,11
y,cthor,210,45,176,42,0.4003482804316754,21,14
kal,al,30,311,27,245,0.40019545566766235,17,16
cthol,shor,55,91,43,85,0.4000100784862129,14,8
kal,chckhy,30,141,27,153,0.399883231248289,18,17
chdy,oky,108,103,113,90,0.3994694170163352,24,15
chdy,ckhy,108,38,113,27,0.39945017156140955,14,13
chcthy,shckhy,84,55,94,64,0.39929182594206825,23,19
dar,kal,287,30,242,27,0.399143256286313,20,18
chal,chey,59,510,57,580,0.3986093568508585,45,40
s,sol,328,63,291,69,0.39836943589094165,37,19
dal,oly,190,65,139,33,0.398199360206775,20,17
chal,qo,59,51,57,59,0.3970027772845142,21,19
shol,sol,176,63,181,69,0.3968382374629281,28,18
cthy,chckhy,100,141,67,153,0.3966637772179512,26,18
shey,al,344,311,374,245,0.39665696484403623,101,59
sho,dy,118,204,124,144,0.39660408491579496,43,31
dal,shor,190,91,139,85,0.3958344156015217,31,22
chy,chcthy,197,84,157,94,0.3958100567482058,39,31
chdy,oty,108,114,113,79,0.39572986749890315,29,25
chdy,cthor,108,45,113,42,0.3954082919253554,22,17
sol,air,63,95,69,70,0.3946991031366681,15,10
cthor,chckhy,45,141,42,153,0.3945370097175671,25,18
y,shckhy,210,55,176,64,0.3942224552116895,29,23
dal,kar,190,58,139,47,0.39344849728917675,24,20
qo,dor,51,63,59,68,0.39333788892847676,16,13
shol,she,176,41,181,39,0.3932841152066774,27,23
ol,kar,588,58,609,47,0.3931708082138268,34,29
chdy,ain,108,149,113,107,0.3931195975242803,32,26
dol,shor,97,91,89,85,0.3931126757465486,20,12
chey,oty,510,114,580,79,0.3929885578049683,52,36
sho,al,118,311,124,245,0.39296850054965277,50,35
ol,chckhy,588,141,609,153,0.39275415701967165,95,60
cthor,cheo,45,75,42,62,0.3925657022104577,13,10
shol,dol,176,97,181,89,0.39228466221813335,34,25
chor,shor,215,91,199,85,0.3922119606808336,33,24
qo,dy,51,204,59,144,0.3921584012395958,29,27
tar,qol,43,147,35,132,0.3909772404438254,13,8
tol,am,42,115,48,38,0.3907235083558874,8,5
chey,ol,510,588,580,609,0.3906884646468307,236,105
chal,air,59,95,57,70,0.39058024338863995,18,15
kar,sar,58,77,47,48,0.3904484159187277,11,8
shar,cthor,34,45,24,42,0.39043440472151525,8,7
chdy,shckhy,108,55,113,64,0.3895092616678223,29,22
s,chor,328,215,291,199,0.3892074458567295,73,34
dar,qo,287,51,242,59,0.38904263857404225,27,22
dar,oky,287,103,242,90,0.38888888888888884,35,25
y,shor,210,91,176,85,0.38806032981070343,33,21
chdy,kar,108,58,113,47,0.3879545727385496,19,16
dor,sar,63,77,68,48,0.38779328477109426,15,10
ar,tol,449,42,388,48,0.38716824322533616,32,23
am,sor,115,43,38,45,0.38671528075864525,11,6
d,dor,53,63,32,68,0.3867152807586452,13,9
or,al,390,311,406,245,0.38654340601490816,102,61
kar,lor,58,38,47,39,0.38615926093653147,7,4
shey,chy,344,197,374,157,0.38611662483370957,72,49
oky,kar,103,58,90,47,0.3860440160957241,17,14
sho,chey,118,510,124,580,0.38587132535053564,73,49
oky,al,103,311,90,245,0.3856866717352426,46,34
she,dy,41,204,39,144,0.38506196502380263,19,16
chy,shor,197,91,157,85,0.3850004070844347,29,21
y,tar,210,43,176,35,0.38425324150250834,21,12
y,cthy,210,100,176,67,0.38421062955433166,33,16
s,kar,328,58,291,47,0.38402457757296476,19,16
chdy,chy,108,197,113,157,0.38388414979218616,44,35
dar,chcthy,287,84,242,94,0.383325938999964,48,35
ckhey,shey,32,344,32,374,0.3832261536221547,24,18
chal,cthol,59,55,57,43,0.3830437544600636,13,11
chor,chckhy,215,141,199,153,0.38249550881615846,49,32
ol,cthor,588,45,609,42,0.38235575786590875,33,21
char,chcthy,79,84,75,94,0.3821192231112443,26,21
chor,am,215,115,199,38,0.3820945898664546,20,15
tol,oky,42,103,48,90,0.38175808461659266,19,14
chy,ol,197,588,157,609,0.38130332107390524,92,58
sho,qo,118,51,124,59,0.38128201156396613,27,23
dal,ckhy,190,38,139,27,0.38123695375295436,16,13
dor,oly,63,65,68,33,0.38118124993124375,13,12
oky,kal,103,30,90,27,0.38100038100057154,12,11
y,char,210,79,176,75,0.3809306689937369,32,23
al,o,311,114,245,83,0.38059948381230013,36,20
chal,tar,59,43,57,35,0.38043265548626803,13,12
ain,oky,149,103,107,90,0.38029043018129977,22,14
chey,shcthy,510,30,580,33,0.3800969230326419,28,21
ody,dy,38,204,24,144,0.3795448191618399,13,11
cthor,shy,45,94,42,77,0.37897599614594085,13,9
sho,chol,118,367,124,362,0.3789416842619818,65,45
chor,dol,215,97,199,89,0.3786626706498322,34,20
shar,dal,34,190,24,139,0.37826062930065796,15,11
ain,cthor,149,45,107,42,0.3780768788029419,16,13
qo,qol,51,147,59,132,0.3775706627524636,21,19
she,oty,41,114,39,79,0.37704507375649027,16,14
chdy,cthy,108,100,113,67,0.37681950215257976,23,18
shar,char,34,79,24,75,0.37653489013626995,7,5
shor,dor,91,63,85,68,0.3765292428004541,21,15
chckhy,oty,141,114,153,79,0.37581108749231207,35,30
ckhy,dy,38,204,27,144,0.37520943872060025,13,11
chor,char,215,79,199,75,0.37515947142220457,37,24
cho,ol,77,588,59,609,0.3745848244111931,39,31
cho,tar,77,43,59,35,0.3745337651557264,8,4
sor,dy,43,204,45,144,0.3730574618812288,21,15
char,ain,79,149,75,107,0.3723545307178087,23,18
cthy,cthey,100,47,67,50,0.3722633246659683,15,13
chcthy,shy,84,94,94,77,0.37225641802973825,27,25
oky,ckhy,103,38,90,27,0.3718489006818113,12,10
y,cheo,210,75,176,62,0.3716409984241635,28,19
y,sar,210,77,176,48,0.3715601981191702,22,13
tol,cthol,42,55,48,43,0.37145149679721107,10,7
cthy,chal,100,59,67,57,0.3713335513375352,15,13
ain,dy,149,204,107,144,0.3712483222866523,37,27
dy,qol,204,147,144,132,0.37097754074952305,42,25
dor,cheo,63,75,68,62,0.37079252972949606,14,10
chckhy,qol,141,147,153,132,0.37067433659072013,39,26
char,dal,79,190,75,139,0.3695437608560422,29,23
kar,o,58,114,47,83,0.36936371132579615,9,6
dal,cheo,190,75,139,62,0.3692072984384352,24,17
ol,shor,588,91,609,85,0.3690982849341819,49,32
sho,shor,118,91,124,85,0.3681758695505784,31,26
ar,shol,449,176,388,181,0.36757895988954553,74,50
kchy,cthor,36,45,36,42,0.3675383350990134,11,9
shey,dal,344,190,374,139,0.36718845134568073,70,42
chor,sho,215,118,199,124,0.3669231174643823,33,22
kol,kchy,35,36,33,36,0.36689969285267143,7,6
ain,chckhy,149,141,107,153,0.3667633085131522,36,25
am,kal,115,30,38,27,0.3666177875533833,10,9
s,tol,328,42,291,48,0.3662277628181833,28,18
sal,sol,48,63,44,69,0.3661366616406447,14,10
kar,ches,58,44,47,43,0.36597242077502173,9,7
kchy,cthol,36,55,36,43,0.36559785660299193,8,7
chy,cthey,197,47,157,50,0.36493151293645276,27,26
she,shy,41,94,39,77,0.3648397186137702,13,12
al,tar,311,43,245,35,0.3646428758079202,22,17
shey,ckhy,344,38,374,27,0.36442826298778874,19,16
chdy,cthey,108,47,113,50,0.36364052611670256,19,18
oly,kar,65,58,33,47,0.36313651960128146,9,8
chal,sar,59,77,57,48,0.3627208411113616,13,10
dor,chckhy,63,141,68,153,0.3625187721612066,27,21
chol,l,367,156,362,137,0.3624964091693262,90,49
y,shar,210,34,176,24,0.3622308381739794,19,15
cho,lor,77,38,59,39,0.36184548552799056,7,3
shor,chckhy,91,141,85,153,0.3616334991128977,29,21
dar,oly,287,65,242,33,0.3612502918461329,21,19
oty,shckhy,114,55,79,64,0.36049638477345697,17,13
oky,chcthy,103,84,90,94,0.36025539637496606,24,19
shol,l,176,156,181,137,0.3598361087908734,53,36
chey,ckhy,510,38,580,27,0.3597948264217781,18,15
qo,sor,51,43,59,45,0.35952843147832053,12,10
char,dy,79,204,75,144,0.359371344834884,28,22
ckhey,cthor,32,45,32,42,0.3591996523437939,8,5
chal,oky,59,103,57,90,0.3586292183943594,17,14
chcthy,kar,84,58,94,47,0.3585685828003181,18,16
shol,kar,176,58,181,47,0.35840545406996965,22,16
char,chey,79,510,75,580,0.3581489739125597,52,34
shol,sor,176,43,181,45,0.3575185993374057,24,15
ain,dol,149,97,107,89,0.3574743328109763,23,13
chol,sor,367,43,362,45,0.3572947280236525,29,16
shol,char,176,79,181,75,0.3570949152865242,37,28
oky,ol,103,588,90,609,0.35703958215817583,58,39
shol,shar,176,34,181,24,0.3568871264876776,14,10
shey,cthey,344,47,374,50,0.3568283323287475,25,22
y,ckhey,210,32,176,32,0.3566580560482258,20,14
dol,cheo,97,75,89,62,0.3566474943307417,18,9
kol,dar,35,287,33,242,0.3563483225498992,22,20
shol,sal,176,48,181,44,0.35545709351631966,23,18
dal,tar,190,43,139,35,0.35506677582867147,20,15
kal,chcthy,30,84,27,94,0.3549761464044156,14,13
chor,r,215,196,199,176,0.35437640591504377,50,26
qo,cheo,51,75,59,62,0.35374151207132504,17,15
ar,chl,449,33,388,28,0.3532997472644114,17,17
shar,sol,34,63,24,69,0.3528281521052888,9,6
ar,dy,449,204,388,144,0.3526882710851846,65,44
s,chal,328,59,291,57,0.35247215140432514,28,21
sor,oly,43,65,45,33,0.3522941710200615,10,9
oky,oly,103,65,90,33,0.3522639661783187,14,13
char,l,79,156,75,137,0.3522215643872239,24,16
cthy,dor,100,63,67,68,0.35216000984961143,18,13
shol,shckhy,176,55,181,64,0.3520686490790533,32,22
oky,dor,103,63,90,68,0.3520524597250398,19,14
dal,chcthy,190,84,139,94,0.35204253505548777,39,35
r,qol,196,147,176,132,0.3518636209816855,47,24
kal,dy,30,204,27,144,0.3512201013044115,15,13
shey,shcthy,344,30,374,33,0.3504865453849562,25,18
al,oty,311,114,245,79,0.35032746703321105,40,29
al,shy,311,94,245,77,0.35010131712471587,38,27
kal,key,30,33,27,36,0.349629928048839,10,9
r,chal,196,59,176,57,0.3496010229641884,23,18
shckhy,qol,55,147,64,132,0.3493633681433418,18,11
sal,dy,48,204,44,144,0.349032594505717,21,17
shey,kol,344,35,374,33,0.3488810142348662,27,19
shol,o,176,114,181,83,0.3488326397089524,31,19
am,oly,115,65,38,33,0.3486509069123272,10,8
ckhy,oty,38,114,27,79,0.3485357403387618,9,7
chor,d,215,53,199,32,0.3484087645262718,15,7
or,ain,390,149,406,107,0.34839890347450353,67,39
cthol,chckhy,55,141,43,153,0.34832497825280756,21,13
d,kar,53,58,32,47,0.34794143201242816,5,3
dar,cho,287,77,242,59,0.34794143201242805,27,23
ar,oty,449,114,388,79,0.34783797038896547,49,42
ckhey,chal,32,59,32,57,0.3475944732129945,12,10
dar,chy,287,197,242,157,0.3473821479281878,55,42
shey,dar,344,287,374,242,0.3469948314861706,88,51
dol,oty,97,114,89,79,0.34670510083995637,21,15
shol,shcthy,176,30,181,33,0.34663942041478996,20,16
cho,sor,77,43,59,45,0.34630832109954646,7,3
or,chl,390,33,406,28,0.3459135533383611,14,14
y,cho,210,77,176,59,0.3458929005160497,29,22
chckhy,kar,141,58,153,47,0.34574123499307263,23,19
shar,shor,34,91,24,85,0.34570535882735637,10,8
chal,shy,59,94,57,77,0.34561331672502194,16,14
chol,ckhy,367,38,362,27,0.3452326249121853,20,17
kchy,dal,36,190,36,139,0.3448507617097775,13,9
chol,dol,367,97,362,89,0.3443894457203462,52,33
ckhey,chdy,32,108,32,113,0.34433138480844666,16,15
sor,cthor,43,45,45,42,0.34419020752296814,9,8
ain,qo,149,51,107,59,0.34413333068088386,18,15
oky,key,103,33,90,36,0.34412360080584264,14,13
chdy,oly,108,65,113,33,0.34401045807689073,17,16
y,lor,210,38,176,39,0.34346715255221927,23,10
chdy,shy,108,94,113,77,0.34291313324583284,25,21
s,dal,328,190,291,139,0.3426809492518637,52,31
chy,oty,197,114,157,79,0.34203205230607325,27,21
dal,air,190,95,139,70,0.3418690245077904,22,18
chcthy,oly,84,65,94,33,0.34179953639073746,17,16
o,sol,114,63,83,69,0.34160946253543123,21,16
chdy,qo,108,51,113,59,0.3415861117452692,22,20
shol,ckhy,176,38,181,27,0.3412493631049718,18,15
sar,l,77,156,48,137,0.3412437883532003,19,11
shy,shckhy,94,55,77,64,0.3410750234391089,17,11
y,oly,210,65,176,33,0.34073639373323994,17,16
kol,ckhy,35,38,33,27,0.34073416799996786,10,9
ar,key,449,33,388,36,0.3406953416465651,19,18
cthor,chcthy,45,84,42,94,0.34048476918766934,16,12
ckhy,qo,38,51,27,59,0.34042745295042137,10,9
sor,chl,43,33,45,28,0.34030695486488627,7,7
ain,oly,149,65,107,33,0.340274378071606,12,10
shor,shy,91,94,85,77,0.340018915848811,21,16
oty,shcthy,114,30,79,33,0.3398792510220617,12,11
dar,cthol,287,55,242,43,0.33977858316756177,24,18
y,sho,210,118,176,124,0.3396919011003888,36,24
chy,sheo,197,46,157,33,0.3396160046702127,17,16
shol,cthor,176,45,181,42,0.3394853765985539,20,15
kal,kar,30,58,27,47,0.3394221166510653,9,8
cthey,cthor,47,45,50,42,0.3394117682580493,13,12
l,lor,156,38,137,39,0.3393611149734303,20,9
cthey,dy,47,204,50,144,0.33900469312870585,22,20
she,chcthy,41,84,39,94,0.3388154635894693,16,14
chdy,ody,108,38,113,24,0.33833247622547924,15,14
ckhey,oty,32,114,32,79,0.3382628692414866,12,11
kchy,al,36,311,36,245,0.33796318470968734,19,14
cheo,l,75,156,62,137,0.3379048160246239,23,17
chdy,she,108,41,113,39,0.3375970120471613,20,17
ar,air,449,95,388,70,0.3375096947248716,43,33
ol,shckhy,588,55,609,64,0.3374021796758267,44,33
dal,chl,190,33,139,28,0.3373675882951813,14,14
chal,oly,59,65,57,33,0.33734849075542495,11,11
chor,oly,215,65,199,33,0.33720711399818376,17,16
dal,shckhy,190,55,139,64,0.33702547044534725,25,20
char,al,79,311,75,245,0.33655953488297236,36,30
ain,chey,149,510,107,580,0.33634415095336945,63,39
chey,kar,510,58,580,47,0.3362504806220226,31,25
ain,chcthy,149,84,107,94,0.33599402682595086,25,22
oky,cthey,103,47,90,50,0.3359684204526464,17,16
shy,oty,94,114,77,79,0.3357079936684094,22,20
sho,kchy,118,36,124,36,0.3354101966249684,14,11
chey,kal,510,30,580,27,0.3352506190911042,22,20
chal,shor,59,91,57,85,0.33515484051895716,17,14
shol,key,176,33,181,36,0.3349453174041541,18,17
dol,tar,97,43,89,35,0.33450833881291886,9,7
dy,key,204,33,144,36,0.3343730721323787,17,16
shar,kar,34,58,24,47,0.3340765523905306,8,5
kol,qo,35,51,33,59,0.3338679500895849,13,12
shor,al,91,311,85,245,0.33313223793667546,40,27
dol,sor,97,43,89,45,0.3330915245722141,12,6
chor,chdy,215,108,199,113,0.3327254161463743,43,35
cthy,kchy,100,36,67,36,0.33266092167100336,9,7
dy,l,204,156,144,137,0.3324305238840979,42,31
al,chl,311,33,245,28,0.3323470256441983,17,15
qo,o,51,114,59,83,0.331831824197984,20,17
shol,cthey,176,47,181,50,0.3310952433218816,24,23
shar,chal,34,59,24,57,0.33104235544094723,9,8
ol,oly,588,65,609,33,0.33010131053075004,23,20
r,tol,196,42,176,48,0.3298581345803758,22,16
chckhy,l,141,156,153,137,0.3298001790807729,38,32
s,qol,328,147,291,132,0.3295515211836322,59,25
ar,cthor,449,45,388,42,0.3291865256408656,29,21
dal,oty,190,114,139,79,0.3291204204807019,25,19
chey,cthor,510,45,580,42,0.329086484192737,34,21
dor,tar,63,43,68,35,0.32871912932571284,14,10
tol,cheo,42,75,48,62,0.3284733426658932,12,10
chol,she,367,41,362,39,0.328246674542581,29,26
ain,lor,149,38,107,39,0.32792444804791443,17,11
chol,cheo,367,75,362,62,0.32721535849297945,37,23
dar,shckhy,287,55,242,64,0.32704896178259285,28,20
dor,o,63,114,68,83,0.3270282409000226,16,10
dy,shcthy,204,30,144,33,0.32668791237884054,16,11
y,d,210,53,176,32,0.32647861720012933,18,10
sho,oky,118,103,124,90,0.3264604849642831,25,19
sho,dal,118,190,124,139,0.3263766828841098,28,20
shol,cheo,176,75,181,62,0.3262139059963171,27,19
r,dal,196,190,176,139,0.32602055341496666,40,25
char,chal,79,59,75,57,0.32600506891060826,14,13
shol,ain,176,149,181,107,0.32500758218807135,40,30
chy,ckhy,197,38,157,27,0.32483378735048085,17,14
shol,kchy,176,36,181,36,0.3245052291176467,19,16
am,air,115,95,38,70,0.3243745600673012,10,8
char,oty,79,114,75,79,0.3243317278905614,19,17
chol,chdy,367,108,362,113,0.3242118896301368,59,45
dal,sar,190,77,139,48,0.3241301375699891,19,14
ol,sal,588,48,609,44,0.32400607320774405,34,27
chey,l,510,156,580,137,0.32395694381090595,82,57
ar,chdy,449,108,388,113,0.32383983108558073,61,47
y,shey,210,344,176,374,0.32346309543654383,80,48
chor,chey,215,510,199,580,0.32346071880662824,99,51
am,shor,115,91,38,85,0.3231507041569138,15,12
kol,dol,35,97,33,89,0.323146244425708,11,11
cheo,oty,75,114,62,79,0.32311587211073645,13,9
chor,chos,215,42,199,43,0.3226777545625309,21,14
kchy,chy,36,197,36,157,0.32260253903223585,15,12
chol,ain,367,149,362,107,0.32249923628699534,50,28
or,oly,390,65,406,33,0.3218505424095106,21,18
tol,shckhy,42,55,48,64,0.32178174010510807,9,6
chdy,al,108,311,113,245,0.3216217645629093,45,39
chdy,am,108,115,113,38,0.3215879404125774,15,14
ckhey,cthey,32,47,32,50,0.3212698020578431,10,10
s,chl,328,33,291,28,0.3211445568141229,11,11
chor,o,215,114,199,83,0.3205666064469414,27,13
chy,shcthy,197,30,157,33,0.3195446260469984,16,13
tar,chl,43,33,35,28,0.3192211990345306,8,8
chy,cheo,197,75,157,62,0.31919352540908014,25,18
shol,or,176,390,181,406,0.3191212233909154,58,42
al,cthor,311,45,245,42,0.3191127759651489,27,21
sho,chcthy,118,84,124,94,0.31868871959954903,27,22
cthor,shcthy,45,30,42,33,0.3185476706864609,8,5
oky,shor,103,91,90,85,0.31826842558708995,21,15
al,cheo,311,75,245,62,0.3182487967781147,29,20
ar,am,449,115,388,38,0.3180669285639253,26,20
chor,tar,215,43,199,35,0.3179003662516388,19,10
shar,dy,34,204,24,144,0.3176599144195727,12,8
ain,shor,149,91,107,85,0.31744818348339404,24,19
ar,dol,449,97,388,89,0.31736493738084015,50,32
shey,chal,344,59,374,57,0.31716022140413086,32,27
or,cthor,390,45,406,42,0.3170892966638881,30,21
kar,sol,58,63,47,69,0.31665262852869713,11,8
chey,tol,510,42,580,48,0.3164293117237855,30,21
chor,air,215,95,199,70,0.3155203204639891,20,16
ain,cthey,149,47,107,50,0.315518645928133,15,13
dar,chl,287,33,242,28,0.31547619047619047,12,12
chal,kal,59,30,57,27,0.3153181588758187,11,11
oly,chckhy,65,141,33,153,0.31506261782676254,17,16
sho,cthor,118,45,124,42,0.31503893562042135,18,12
shey,oty,344,114,374,79,0.31486052618265153,40,29
ckhey,qo,32,51,32,59,0.3148033093782618,12,10
sor,air,43,95,45,70,0.3146535801122621,11,7
or,qo,390,51,406,59,0.31450962781127406,23,20
shol,qol,176,147,181,132,0.31405256176836616,38,23
chy,sol,197,63,157,69,0.31402582300996396,21,16
char,shy,79,94,75,77,0.31383276052966447,18,17
ckhey,kchy,32,36,32,36,0.3137858162210944,9,8
qo,air,51,95,59,70,0.3133071802123678,15,13
shckhy,l,55,156,64,137,0.3131968652630628,17,15
oly,dy,65,204,33,144,0.3131323283135985,14,12
ckhy,dol,38,97,27,89,0.31311668665751313,8,6
dy,kar,204,58,144,47,0.31295800878256974,19,15
shy,dor,94,63,77,68,0.3129126475003129,17,14
s,al,328,311,291,245,0.31284541882925804,80,45
ain,tar,149,43,107,35,0.3126706977113331,13,10
shey,tol,344,42,374,48,0.3123551612895622,29,19
ckhey,tol,32,42,32,48,0.31234752377721214,8,4
char,am,79,115,75,38,0.31215336230897067,12,9
cthor,l,45,156,42,137,0.31213088439851683,19,17
or,dy,390,204,406,144,0.31194369673283334,58,39
sho,shy,118,94,124,77,0.31182005891631986,24,20
oly,key,65,33,33,36,0.3117146000796786,9,8
chy,dor,197,63,157,68,0.31158691386904963,20,15
y,kchy,210,36,176,36,0.3114800603539316,19,14
cthor,chos,45,42,42,43,0.31142749961738125,9,8
dar,key,287,33,242,36,0.31134992453861954,17,16
shey,key,344,33,374,36,0.31124294158200977,17,16
sho,dar,118,287,124,242,0.311146773516065,38,24
sho,l,118,156,124,137,0.31107792365011994,33,23
she,chy,41,197,39,157,0.31065763870342095,17,16
chal,cthor,59,45,57,42,0.3102007799620667,12,10
ol,chl,588,33,609,28,0.31006068976894213,16,15
al,sal,311,48,245,44,0.30951038179976736,26,21
chdy,sal,108,48,113,44,0.3092187118290936,15,14
d,dal,53,190,32,139,0.30912233386759314,11,7
char,kal,79,30,75,27,0.30899063268107396,10,9
sho,ol,118,588,124,609,0.3086709369026896,63,41
am,kar,115,58,38,47,0.30860669992418394,9,7
dal,sal,190,48,139,44,0.30847349318443995,19,15
she,al,41,311,39,245,0.3083661334072362,19,18
cthy,shcthy,100,30,67,33,0.30824910729071103,10,8
chal,o,59,114,57,83,0.30823853219201475,15,13
shar,al,34,311,24,245,0.30772872744833185,20,16
shey,qol,344,147,374,132,0.3073779147692319,57,31
dal,chos,190,42,139,43,0.3073626012392636,15,12
sho,chy,118,197,124,157,0.30736260123926357,39,29
ain,sal,149,48,107,44,0.3073597990677202,16,13
chor,chl,215,33,199,28,0.3072676485105925,13,13
cthey,al,47,311,50,245,0.30705978943149537,29,26
dol,cthor,97,45,89,42,0.30684889788133385,17,14
chor,sar,215,77,199,48,0.3063651522441715,25,16
chor,kchy,215,36,199,36,0.30593611406208443,12,8
cthor,tar,45,43,42,35,0.3057710499039266,9,8
char,key,79,33,75,36,0.30566302267925005,12,11
chey,qol,510,147,580,132,0.3053373379553345,74,44
kchy,oky,36,103,36,90,0.30506954354828636,11,8
r,chl,196,33,176,28,0.3049191101207239,7,7
y,chdy,210,108,176,113,0.3047638955182631,41,37
kchy,ckhy,36,38,36,27,0.304724700110022,6,4
oky,oty,103,114,90,79,0.30456618494923116,18,16
qo,cthor,51,45,59,42,0.3043486771655314,13,12
sar,qol,77,147,48,132,0.30395065737861265,17,10
or,dol,390,97,406,89,0.30307605315574815,42,26
chl,sar,33,77,28,48,0.30306406267810193,9,9
kol,cthey,35,47,33,50,0.30304576336566325,10,10
am,chckhy,115,141,38,153,0.3029822314078876,15,11
chol,oly,367,65,362,33,0.30252082894833693,24,21
chol,cthey,367,47,362,50,0.3024978093827196,31,30
chal,d,59,53,57,32,0.30237876942676295,10,9
chol,qol,367,147,362,132,0.3019405157713956,65,30
sho,oty,118,114,124,79,0.3017912683451895,27,21
chdy,chal,108,59,113,57,0.30173366297443593,21,21
cheo,kar,75,58,62,47,0.301624673408895,6,4
kar,oty,58,114,47,79,0.301348515087799,12,10
shol,oly,176,65,181,33,0.30123452693196445,16,14
she,ol,41,588,39,609,0.3010056624732803,26,23
cthy,ckhy,100,38,67,27,0.30083999879664003,11,10
tol,shor,42,91,48,85,0.30080202133308975,14,11
tol,oly,42,65,48,33,0.3006143386681398,9,8
cthy,shey,100,344,67,374,0.29999734489155827,43,26
chal,ches,59,44,57,43,0.29998500112490617,13,12
ar,qo,449,51,388,59,0.2998180508491334,32,29
sho,dor,118,63,124,68,0.299603810788371,18,11
d,chl,53,33,32,28,0.29922187446563825,5,5
shor,kar,91,58,85,47,0.2991794171641243,12,10
cthey,shy,47,94,50,77,0.2986167686555679,14,14
shol,r,176,196,181,176,0.29823420711174237,43,27
dy,chos,204,42,144,43,0.29809340473984325,18,15
r,al,196,311,176,245,0.29806653253444804,65,40
shey,ol,344,588,374,609,0.29736817233681057,148,79
chal,cheo,59,75,57,62,0.2971870040174795,12,11
ain,key,149,33,107,36,0.296844459348713,11,10
kchy,cthey,36,47,36,50,0.29649972666444047,10,9
ckhey,shor,32,91,32,85,0.29631887899487686,14,9
tol,o,42,114,48,83,0.29631887899487686,12,8
dor,chos,63,42,68,43,0.2961693147099789,11,8
cthol,chos,55,42,43,43,0.29581426066180383,12,11
sho,chckhy,118,141,124,153,0.29542465529134687,29,22
chal,kar,59,58,57,47,0.2949159701358725,13,12
am,tar,115,43,38,35,0.2948839123097943,9,7
am,dy,115,204,38,144,0.29488009886810373,14,9
shar,cho,34,77,24,59,0.2946278254943948,7,5
chdy,ol,108,588,113,609,0.2944359758020743,70,50
ckhy,al,38,311,27,245,0.29424494316824984,17,14
kol,shcthy,35,30,33,33,0.2941986746023269,7,7
chckhy,key,141,33,153,36,0.29398273784043616,14,13
am,sal,115,48,38,44,0.2938029801736205,8,5
shor,oty,91,114,85,79,0.2937883554701507,17,15
cthey,shcthy,47,30,50,33,0.2936892392857409,10,9
sho,shey,118,344,124,374,0.2931776114122521,53,38
kchy,dy,36,204,36,144,0.29316816331431955,15,13
or,air,390,95,406,70,0.29303955415015004,40,32
ar,chckhy,449,141,388,153,0.2929060617053326,68,49
y,ches,210,44,176,43,0.29289774990303974,21,15
char,shcthy,79,30,75,33,0.29257841237888377,11,9
cthy,ody,100,38,67,24,0.2924776902870617,6,6
tol,tar,42,43,48,35,0.29247665642984283,8,7
r,qo,196,51,176,59,0.2920936211286153,24,21
cthy,cheo,100,75,67,62,0.29192299603317406,16,11
chal,dol,59,97,57,89,0.2918592762723751,10,7
cthy,shor,100,91,67,85,0.2918492581529816,16,11
char,qol,79,147,75,132,0.2918099602015164,18,13
shar,oky,34,103,24,90,0.2916666666666667,10,9
chckhy,shcthy,141,30,153,33,0.2916026765952627,15,10
ches,key,44,33,43,36,0.29104973811640134,7,7
cthy,al,100,311,67,245,0.29096352239818346,31,22
shol,s,176,328,181,291,0.2909014091306726,47,29
s,oly,328,65,291,33,0.2908996850569405,15,14
kol,l,35,156,33,137,0.29089954315966154,17,17
chdy,dol,108,97,113,89,0.2908201116983066,21,16
o,key,114,33,83,36,0.2901905000440047,8,7
y,kal,210,30,176,27,0.2901750554631868,18,17
al,lor,311,38,245,39,0.29012090890665,22,13
ar,oky,449,103,388,90,0.29009169455232275,44,32
qo,sol,51,63,59,69,0.28992200262495804,14,12
chy,l,197,156,157,137,0.28990748861008253,45,37
char,tol,79,42,75,48,0.2895008998148641,12,10
r,ain,196,149,176,107,0.2893082065601123,45,26
shar,cthol,34,55,24,43,0.2892709559399513,6,5
sho,kol,118,35,124,33,0.2890977924120721,13,11
ches,oty,44,114,43,79,0.2889115510049513,14,12
chey,cthol,510,55,580,43,0.28877169953817977,33,20
kol,sor,35,43,33,45,0.2887328869480154,8,8
shar,am,34,115,24,38,0.2886751345948129,8,7
she,dar,41,287,39,242,0.2886150127292031,17,14
shol,kal,176,30,181,27,0.28842997520061525,14,13
dal,lor,190,38,139,39,0.2880411263460363,15,8
kchy,shy,36,94,36,77,0.2877543184223317,10,9
ar,chey,449,510,388,580,0.28758130430857637,144,80
cthy,chcthy,100,84,67,94,0.2875276607365329,17,15
oly,ches,65,44,33,43,0.28729410028078933,7,7
y,she,210,41,176,39,0.2870973622728153,11,11
chey,sal,510,48,580,44,0.28696493061026757,30,28
kal,shy,30,94,27,77,0.2866812718568302,11,11
shol,ches,176,44,181,43,0.2861645099882164,18,14
kal,l,30,156,27,137,0.28599896718809453,17,17
kol,qol,35,147,33,132,0.2859803252304129,12,12
kchy,oty,36,114,36,79,0.2859431317947984,11,10
shar,chol,34,367,24,362,0.28583356277446326,18,14
s,qo,328,51,291,59,0.285618646334703,19,16
cthey,chcthy,47,84,50,94,0.28523956097087433,16,16
oly,sar,65,77,33,48,0.2850805202219777,8,8
chey,shor,510,91,580,85,0.28475279831789624,39,31
chdy,tol,108,42,113,48,0.2846939701862559,18,17
oky,sol,103,63,90,69,0.28458567001085017,21,18
shey,oky,344,103,374,90,0.28438923808943356,38,25
ches,sol,44,63,43,69,0.2842017091142201,10,8
cho,oty,77,114,59,79,0.28409298960124435,14,12
chol,oty,367,114,362,79,0.28356805772864613,43,31
chor,ches,215,44,199,43,0.282724466585464,23,17
cho,qo,77,51,59,59,0.28266610133502934,15,15
cho,al,77,311,59,245,0.2823926418836876,31,26
chcthy,key,84,33,94,36,0.28214404682341737,14,13
cheo,chl,75,33,62,28,0.28214404682341737,6,6
sho,cthol,118,55,124,43,0.2818971240663829,16,9
cthey,key,47,33,50,36,0.28181074009533896,10,10
chor,she,215,41,199,39,0.2817360711244834,13,13
char,chy,79,197,75,157,0.2817263053347975,26,23
oky,l,103,156,90,137,0.2814947649497878,29,27
or,chol,390,367,406,362,0.2814619839431843,110,53
chy,dol,197,97,157,89,0.2810432188686144,26,18
al,chcthy,311,84,245,94,0.28074576010722196,40,37
chey,o,510,114,580,83,0.2806966099429815,54,32
chdy,cheo,108,75,113,62,0.2805431400717108,16,11
oly,l,65,156,33,137,0.2804824506744268,9,8
kchy,dar,36,287,36,242,0.28016590734026287,17,13
chdy,shor,108,91,113,85,0.280087541036999,24,23
sor,chckhy,43,141,45,153,0.28004260897714156,19,15
ckhy,cthor,38,45,27,42,0.27999502235495904,7,6
cho,kar,77,58,59,47,0.2799736837105387,12,10
chdy,kol,108,35,113,33,0.2796881803463962,13,13
r,oly,196,65,176,33,0.2795706455600461,11,10
oky,cheo,103,75,90,62,0.2792941069565142,14,11
dar,cthey,287,47,242,50,0.27897377769728676,26,23
cthy,dar,100,287,67,242,0.27879902429814457,29,22
y,chl,210,33,176,28,0.2786391062876764,12,12
dol,air,97,95,89,70,0.2785187267060882,13,10
oly,o,65,114,33,83,0.2784891176820017,8,7
sho,ain,118,149,124,107,0.27821847765373225,21,16
oky,am,103,115,90,38,0.2779834629431532,11,10
shey,ain,344,149,374,107,0.2778789082673141,55,38
y,chos,210,42,176,43,0.2778183707602797,18,11
shol,ody,176,38,181,24,0.2774751902477184,12,10
ckhey,dor,32,63,32,68,0.2772413120334688,9,6
shar,dol,34,97,24,89,0.2770859970229332,7,6
ckhy,kar,38,58,27,47,0.2768465114999739,7,7
dar,shy,287,94,242,77,0.2767917273440921,28,25
al,kar,311,58,245,47,0.276339711883103,26,22
kal,qol,30,147,27,132,0.2759719252759586,11,11
kal,shor,30,91,27,85,0.27597192527595854,10,9
cthey,oty,47,114,50,79,0.2755416963608784,17,16
al,sar,311,77,245,48,0.2754801772600728,22,17
char,dor,79,63,75,68,0.2753169942006792,15,11
char,chl,79,33,75,28,0.2751601120226588,8,8
cthol,sor,55,43,43,45,0.27500954910846337,8,8
she,shcthy,41,30,39,33,0.27472112789737807,8,6
cthol,shcthy,55,30,43,33,0.274721127897378,7,5
oty,o,114,114,79,83,0.2745924700485682,12,9
cthol,ol,55,588,43,609,0.2743810829916142,32,17
ckhy,key,38,33,27,36,0.27420424855354086,7,7
ol,kal,588,30,609,27,0.274110030914732,21,19
am,lor,115,38,38,39,0.27372166045202123,8,6
kal,sal,30,48,27,44,0.27371875400769585,7,7
chol,shey,367,344,362,374,0.2736999558338399,103,64
char,cthey,79,47,75,50,0.27368617561527414,14,14
dar,ckhy,287,38,242,27,0.27319511070500424,16,13
char,cho,79,77,75,59,0.2730773068396801,12,8
y,oty,210,114,176,79,0.273009453115974,27,20
dol,chckhy,97,141,89,153,0.27298839851376855,25,20
chey,dol,510,97,580,89,0.27297842797381694,45,31
char,sol,79,63,75,69,0.27251714767168833,14,10
chl,o,33,114,28,83,0.2723072429589437,4,4
chor,lor,215,38,199,39,0.27214111454015216,22,9
s,cthor,328,45,291,42,0.27197797091644493,24,17
chckhy,air,141,95,153,70,0.2715263183467852,22,17
chor,ckhy,215,38,199,27,0.2712037545029648,12,10
chey,cho,510,77,580,59,0.27107492299145286,44,38
dy,ches,204,44,144,43,0.2709252317170406,15,13
ol,shy,588,94,609,77,0.27087405863712505,50,35
qo,shy,51,94,59,77,0.27071052979089927,14,13
o,qol,114,147,83,132,0.27070118727358383,21,13
cthy,qo,100,51,67,59,0.2706828253753317,12,11
y,sal,210,48,176,44,0.27024332854285127,21,16
dal,o,190,114,139,83,0.2701249800584219,20,13
cho,dal,77,190,59,139,0.2698803015842455,22,18
cho,l,77,156,59,137,0.2698190730452223,28,21
ckhy,shy,38,94,27,77,0.26980261042033477,9,8
ckhy,cheo,38,75,27,62,0.26978130937338496,8,5
r,key,196,33,176,36,0.2695759059580906,11,10
s,oty,328,114,291,79,0.26950412250343764,23,18
tol,sar,42,77,48,48,0.2694206501818906,9,8
chal,chl,59,33,57,28,0.2689719137957695,11,11
chy,sor,197,43,157,45,0.26888472683451664,16,14
y,cthey,210,47,176,50,0.26855499156784834,19,17
sho,qol,118,147,124,132,0.26855181073101014,29,22
she,ches,41,44,39,43,0.26851240671098203,8,8
chdy,sheo,108,46,113,33,0.26841204917549644,13,12
ckhey,chcthy,32,84,32,94,0.2683281572999747,12,12
s,she,328,41,291,39,0.26823285181300005,13,13
she,tol,41,42,39,48,0.2681908490389131,9,9
cho,sal,77,48,59,44,0.2681113792226244,13,12
she,sheo,41,46,39,33,0.2677264489518962,7,6
chy,ody,197,38,157,24,0.26760278996477393,8,7
chal,she,59,41,57,39,0.26752262216258416,11,11
chl,l,33,156,28,137,0.26742002670229836,9,9
shar,kol,34,35,24,33,0.2672612419124244,7,6
dy,tar,204,43,144,35,0.2672287816898097,14,10
ol,oty,588,114,609,79,0.26678453444789296,46,33
oky,qo,103,51,90,59,0.2665001560874174,15,14
sho,chdy,118,108,124,113,0.2664693550105965,25,18
sho,she,118,41,124,39,0.2657887169768753,14,11
kchy,chey,36,510,36,580,0.2656622056422449,22,17
d,tol,53,42,32,48,0.26562660124542986,6,5
d,cthor,53,45,32,42,0.26562660124542986,6,4
al,key,311,33,245,36,0.2654477725207054,18,18
chey,air,510,95,580,70,0.26539831602088576,42,34
kchy,ol,36,588,36,609,0.26534358168333566,19,14
chy,shckhy,197,55,157,64,0.26524820187730025,29,25
shey,shor,344,91,374,85,0.2652429646547979,47,34
s,dol,328,97,291,89,0.2649451735210779,37,23
r,dy,196,204,176,144,0.2645947508218107,39,29
she,dal,41,190,39,139,0.26437254032742413,14,13
s,dy,328,204,291,144,0.264199279891943,48,31
chckhy,sol,141,63,153,69,0.2641004431690698,19,13
cthol,cheo,55,75,43,62,0.2638095454945497,10,9
shol,chos,176,42,181,43,0.2637664789505229,16,11
ain,shckhy,149,55,107,64,0.26373268162137864,17,14
chol,chcthy,367,84,362,94,0.26373069940309896,51,42
d,sol,53,63,32,69,0.26342025989786655,9,7
dy,lor,204,38,144,39,0.263237999294292,14,8
dor,ches,63,44,68,43,0.26319480280227187,12,10
y,kar,210,58,176,47,0.2631253320244039,18,15
sal,chckhy,48,141,44,153,0.263032692556701,16,15
shey,kal,344,30,374,27,0.26288780973035064,19,17
cheo,sol,75,63,62,69,0.2627808630703034,11,8
she,o,41,114,39,83,0.2626492544999753,8,8
ckhey,she,32,41,32,39,0.26263966158357477,5,5
d,l,53,156,32,137,0.262441050539787,13,8
kol,oly,35,65,33,33,0.26226526415648105,6,6
shor,cthor,91,45,85,42,0.26223765962371925,16,13
cthol,oly,55,65,43,33,0.2620278880446881,7,7
or,am,390,115,406,38,0.2619427844033329,24,18
kol,ody,35,38,33,24,0.26190476190476186,5,5
dal,ches,190,44,139,43,0.26186652906957164,13,11
shol,d,176,53,181,32,0.2616061181802521,15,9
sho,key,118,33,124,36,0.26157418189029846,13,13
dor,lor,63,38,68,39,0.2615388888749735,12,7
ckhey,shckhy,32,55,32,64,0.26098507150250916,9,8
shor,qol,91,147,85,132,0.2609756097560975,18,12
cthy,ain,100,149,67,107,0.2603608446155401,19,15
r,cthor,196,45,176,42,0.26016979628874704,16,12
shol,cho,176,77,181,59,0.2600044983866367,23,17
dy,o,204,114,144,83,0.25999570258588595,22,16
cthy,char,100,79,67,75,0.2599156841017891,12,10
dor,chl,63,33,68,28,0.25991373003137697,7,7
sal,tar,48,43,44,35,0.2599133167256224,9,7
dal,kal,190,30,139,27,0.25967107005597595,13,12
dol,lor,97,38,89,39,0.2593207294469636,8,4
cthy,dol,100,97,67,89,0.2591233258917777,15,11
dar,shcthy,287,30,242,33,0.2590095632952704,21,17
kal,oly,30,65,27,33,0.25883878884437284,6,5
cthor,sheo,45,46,42,33,0.2586976028731272,8,8
ches,l,44,156,43,137,0.25848695412768696,22,16
cthy,ol,100,588,67,609,0.25823218021857297,44,22
dy,sar,204,77,144,48,0.25788512260032825,14,9
chal,lor,59,38,57,39,0.2578417006448509,8,7
chey,cheo,510,75,580,62,0.25776771247366176,46,29
chey,oly,510,65,580,33,0.2569445179867327,18,16
chor,kar,215,58,199,47,0.2568904991675655,17,12
ches,chl,44,33,43,28,0.25675188966532514,5,5
shey,l,344,156,374,137,0.25669800633498097,62,42
or,oty,390,114,406,79,0.2561232056224257,27,24
dol,shckhy,97,55,89,64,0.25604463383529635,12,10
sal,kar,48,58,44,47,0.25600819239323697,9,8
shol,am,176,115,181,38,0.2560001218323297,18,12
sho,shcthy,118,30,124,33,0.2555622163859946,11,6
cthol,oty,55,114,43,79,0.2549338850967178,11,10
chol,air,367,95,362,70,0.2547815153470121,32,24
d,dy,53,204,32,144,0.25425351984652944,12,8
shol,tar,176,43,181,35,0.25408936126640946,18,12
cthor,lor,45,38,42,39,0.2538581241397752,6,5
ckhy,chckhy,38,141,27,153,0.2538104854868824,10,10
cthy,sheo,100,46,67,33,0.25378685904948123,6,6
ar,chol,449,367,388,362,0.2533901859164823,118,69
chey,sheo,510,46,580,33,0.25315636453167983,19,18
chl,qol,33,147,28,132,0.25310570914145725,6,6
dy,cheo,204,75,144,62,0.25306123416824094,16,10
chal,sal,59,48,57,44,0.25269208948866173,11,10
chor,ody,215,38,199,24,0.2526791795090808,12,12
kchy,chcthy,36,84,36,94,0.25215418055077093,13,11
shy,shcthy,94,30,77,33,0.2521390284202071,9,7
kol,she,35,41,33,39,0.2519763153394849,7,7
or,key,390,33,406,36,0.25187542842292393,15,14
dor,shckhy,63,55,68,64,0.25161336605701684,9,7
r,oty,196,114,176,79,0.25156783677072403,18,15
sal,oty,48,114,44,79,0.2513950543223199,10,9
ckhey,al,32,311,32,245,0.25110664159783874,20,14
shey,air,344,95,374,70,0.2508273406464361,35,28
chos,oty,42,114,43,79,0.25048971643405976,9,7
cthol,al,55,311,43,245,0.25003881491818414,23,16
kchy,qo,36,51,36,59,0.24989193861608827,11,10
shor,sor,91,43,85,45,0.24969750094026716,12,10
chol,char,367,79,362,75,0.24958846107233496,36,25
shy,sheo,94,46,77,33,0.2492804621225318,9,8
chos,chl,42,33,43,28,0.24926362137539532,4,4
dol,qo,97,51,89,59,0.24922168241484152,13,11
ain,sar,149,77,107,48,0.24910079157436515,19,13
chy,qol,197,147,157,132,0.24901402476562068,33,29
ckhy,dor,38,63,27,68,0.24852506087385423,9,8
or,oky,390,103,406,90,0.2481553752209983,36,28
shol,sar,176,77,181,48,0.24808649853458117,19,12
cthy,oly,100,65,67,33,0.24782177119435198,6,6
cthor,oly,45,65,42,33,0.24756474949140925,8,8
dal,cthey,190,47,139,50,0.2472978670940745,17,16
sho,shckhy,118,55,124,64,0.2469700275028541,15,11
chcthy,sheo,84,46,94,33,0.24693239916239743,11,10
oky,dol,103,97,90,89,0.24629866402038494,19,17
ckhy,shckhy,38,55,27,64,0.2462659137386694,6,6
cthol,ckhy,55,38,43,27,0.24586305592102298,6,5
char,she,79,41,75,39,0.24576957615571215,12,12
d,qo,53,51,32,59,0.24552350319036517,7,6
kol,ain,35,149,33,107,0.24541591153923814,11,10
al,oly,311,65,245,33,0.24529765626874664,14,13
oky,sor,103,43,90,45,0.24487696223081765,9,8
chey,ches,510,44,580,43,0.2448067279392941,29,21
s,ain,328,149,291,107,0.24469621678399117,50,30
or,she,390,41,406,39,0.24459781926988972,11,11
oky,qol,103,147,90,132,0.24418870583837074,22,19
sal,qol,48,147,44,132,0.24392702472467181,16,12
chol,chl,367,33,362,28,0.24371072194454224,15,15
tol,lor,42,38,48,39,0.24328070230061782,6,5
oly,chos,65,42,33,43,0.24315671600215616,5,5
chor,chcthy,215,84,199,94,0.24311755438757743,35,29
ckhy,kal,38,30,27,27,0.24287069628756652,5,5
ckhey,dar,32,287,32,242,0.24285714285714285,14,13
d,oly,53,65,32,33,0.24251094575618395,4,4
cthol,sol,55,63,43,69,0.24192696140331477,10,7
chol,sheo,367,46,362,33,0.241887858963713,15,14
dy,air,204,95,144,70,0.24188190563210674,18,17
chy,cho,197,77,157,59,0.24162260788043846,21,18
chdy,tar,108,43,113,35,0.24138828005220678,13,13
chal,chos,59,42,57,43,0.2412030016263346,9,9
s,chol,328,367,291,362,0.2411348718725097,84,38
shey,dol,344,97,374,89,0.24098087255930456,44,24
cthol,qo,55,51,43,59,0.24090860909235454,8,7
shckhy,air,55,95,64,70,0.24078203063740672,10,8
cho,dy,77,204,59,144,0.2407685925094365,21,18
chos,sol,42,63,43,69,0.24053941310619656,8,6
am,cthor,115,45,38,42,0.24044523591131534,8,8
sal,dor,48,63,44,68,0.24007826048498285,14,10
kal,cthey,30,47,27,50,0.24000768036865966,8,8
sho,tol,118,42,124,48,0.2397035379720598,13,8
dol,sar,97,77,89,48,0.23959245910031393,11,8
sheo,dy,46,204,33,144,0.23936715401002315,13,12
oty,sar,114,77,79,48,0.2392930532541626,8,6
al,shcthy,311,30,245,33,0.2391140499294052,20,18
kol,chcthy,35,84,33,94,0.23904572186687872,13,13
chcthy,ody,84,38,94,24,0.23904572186687872,10,9
ckhey,ckhy,32,38,32,27,0.2390457218668787,5,4
kol,oty,35,114,33,79,0.239000546448944,9,9
kal,sol,30,63,27,69,0.23898250734194243,7,7
she,l,41,156,39,137,0.2388562285974099,14,13
she,cheo,41,75,39,62,0.2383707678932896,7,7
char,cthol,79,55,75,43,0.23832201324190266,8,7
tar,oty,43,114,35,79,0.23830218749379972,10,8
chey,ody,510,38,580,24,0.2382633773732737,15,13
dor,kar,63,58,68,47,0.23816525581123343,11,8
oky,o,103,114,90,83,0.23814683613613727,16,14
chol,kar,367,58,362,47,0.2380221153509196,32,27
oty,sol,114,63,79,69,0.23778277701823533,17,14
kol,cheo,35,75,33,62,0.23764368207973544,10,9
sal,l,48,156,44,137,0.23762237570548445,22,19
kar,qol,58,147,47,132,0.23758365480680457,13,10
cho,dol,77,97,59,89,0.23749016662636546,15,14
char,kol,79,35,75,33,0.23739109685200913,10,10
kchy,qol,36,147,36,132,0.23729439604423078,7,4
cthol,chcthy,55,84,43,94,0.23717082451262841,12,11
chey,sor,510,43,580,45,0.2371533098807831,29,16
ar,she,449,41,388,39,0.23711790231526939,16,16
chl,lor,33,38,28,39,0.23704991151750868,3,3
oly,sol,65,63,33,69,0.23674027474281162,8,7
cthor,sol,45,63,42,69,0.23673666586965325,10,7
ol,key,588,33,609,36,0.2364934672216252,21,20
shckhy,key,55,33,64,36,0.2363450593737204,9,9
chy,o,197,114,157,83,0.23621744258332586,22,18
chy,kal,197,30,157,27,0.2361587940180925,14,13
ckhy,sal,38,48,27,44,0.23613633490760047,7,7
qo,oty,51,114,59,79,0.23605330938252597,14,14
cthor,ches,45,44,42,43,0.23587004988848326,8,8
kchy,sol,36,63,36,69,0.23577655583010976,7,5
she,sor,41,43,39,45,0.2357224706643972,7,7
am,oty,115,114,38,79,0.2357022603955158,10,10
chdy,dor,108,63,113,68,0.23564892805850654,17,17
cthor,qol,45,147,42,132,0.2352426064271599,11,10
chl,sol,33,63,28,69,0.23521876807019246,7,7
d,cthol,53,55,32,43,0.23486593986243354,5,3
chol,ody,367,38,362,24,0.23480560027860983,9,9
shar,qol,34,147,24,132,0.2345857792042775,14,11
chor,shckhy,215,55,199,64,0.23375884144210646,20,16
shey,sal,344,48,374,44,0.2336182030337799,27,23
dol,kar,97,58,89,47,0.23338339875190026,9,8
shar,oty,34,114,24,79,0.23328473740792172,9,7
ckhey,shcthy,32,30,32,33,0.2331086069657434,6,6
lor,key,38,33,39,36,0.23306991177746142,4,4
r,air,196,95,176,70,0.2326523411148637,26,19
sho,sheo,118,46,124,33,0.23245165326781791,13,12
sho,chal,118,59,124,57,0.23227468205581647,14,13
sho,cthey,118,47,124,50,0.23204774044612855,18,17
kchy,l,36,156,36,137,0.2318637945270525,10,7
shey,kar,344,58,374,47,0.2317566737417326,19,17
char,shey,79,344,75,374,0.23171944440380973,33,26
chal,oty,59,114,57,79,0.23168138687982368,14,14
am,ody,115,38,38,24,0.23145502494313788,7,7
oly,tar,65,43,33,35,0.23132597278649608,6,6
y,key,210,33,176,36,0.2301271021944891,19,19
shy,sol,94,63,77,69,0.23008549241664905,12,10
shy,oly,94,65,77,33,0.23003312289453753,7,7
cthy,oty,100,114,67,79,0.229765912255939,13,12
kchy,tol,36,42,36,48,0.22971145943688337,7,5
cthor,ody,45,38,42,24,0.22956556456066263,5,5
she,shor,41,91,39,85,0.2294842400385757,15,15
ckhey,key,32,33,32,36,0.2294157338705618,8,8
chy,kar,197,58,157,47,0.22937381996980627,18,18
kchy,ain,36,149,36,107,0.22920042107430322,8,5
d,she,53,41,32,39,0.2290810644963638,5,5
chol,chos,367,42,362,43,0.22891635852972222,19,14
chckhy,chl,141,33,153,28,0.22882875810569137,19,19
chor,oty,215,114,199,79,0.22882733745498784,27,22
kchy,sor,36,43,36,45,0.22882177628141467,8,6
chos,key,42,33,43,36,0.2287399865002807,4,4
shy,qol,94,147,77,132,0.22853730409510245,18,13
chey,dor,510,63,580,68,0.2281306179048138,37,24
ckhey,sho,32,118,32,124,0.22803508501982758,9,7
chdy,cthol,108,55,113,43,0.22785473264891046,12,11
chor,cthey,215,47,199,50,0.2278057306517931,18,16
oty,key,114,33,79,36,0.22745655424126848,8,8
s,key,328,33,291,36,0.22745491626055186,8,8
sho,cho,118,77,124,59,0.2273970134135488,15,14
or,cthol,390,55,406,43,0.22719560287914656,21,14
cthol,sheo,55,46,43,33,0.2271618354743361,5,5
qo,kar,51,58,59,47,0.2270302060609178,10,10
sor,oty,43,114,45,79,0.22682405315355555,11,9
shckhy,shcthy,55,30,64,33,0.2268078354749303,10,8
dol,o,97,114,89,83,0.22657884013410354,15,10
sheo,chckhy,46,141,33,153,0.2264183843481138,12,11
she,sar,41,77,39,48,0.22607330516426988,7,7
chol,d,367,53,362,32,0.22592568219561512,16,10
am,chcthy,115,84,38,94,0.22592402852876597,10,9
char,qo,79,51,75,59,0.22577986573576764,14,13
shar,l,34,156,24,137,0.22519581195983024,14,11
chal,shcthy,59,30,57,33,0.2250757317768682,9,9
sar,key,77,33,48,36,0.22462783866629302,5,5
tol,sal,42,48,48,44,0.22439708538128578,9,8
tol,ckhy,42,38,48,27,0.22399601788396722,8,7
chey,sol,510,63,580,69,0.22391942365610412,37,23
ar,sal,449,48,388,44,0.2237040275455735,31,26
al,ody,311,38,245,24,0.22370357628632148,14,14
qo,sar,51,77,59,48,0.22366140925347977,6,5
cthol,ody,55,38,43,24,0.2233426431418161,3,3
shol,air,176,95,181,70,0.22311410602250162,23,21
cthy,sol,100,63,67,69,0.2230903714447436,10,7
kol,am,35,115,33,38,0.22288261661191056,8,8
cho,cthey,77,47,59,50,0.22271770159368695,12,12
ar,chy,449,197,388,157,0.22270054399032782,64,49
r,she,196,41,176,39,0.22237167129616914,7,7
ol,cthey,588,47,609,50,0.2222080659814516,30,27
kal,oty,30,114,27,79,0.2222039345850911,8,8
shol,sheo,176,46,181,33,0.22213805280900575,13,12
s,air,328,95,291,70,0.2220374908062604,29,22
chy,key,197,33,157,36,0.22150502714250297,15,15
chal,cho,59,77,57,59,0.22107772248157992,10,10
cho,cthor,77,45,59,42,0.22086305214969312,10,9
shor,lor,91,38,85,39,0.22076171557535207,8,5
chol,o,367,114,362,83,0.2207382535793904,36,21
oly,cheo,65,75,33,62,0.22072142786315227,6,6
kar,l,58,156,47,137,0.2206824120521571,19,16
cthey,shckhy,47,55,50,64,0.22064900595174514,8,6
shey,cthor,344,45,374,42,0.2206144845471733,28,17
d,oty,53,114,32,79,0.2204333570887027,6,4
sho,sol,118,63,124,69,0.22005387394931467,15,12
sar,air,77,95,48,70,0.22004311471167604,12,10
chol,cho,367,77,362,59,0.21937144010582363,42,34
shar,sho,34,118,24,124,0.21926450482675733,6,5
shar,ain,34,149,24,107,0.21913076617154156,9,7
chal,cthey,59,47,57,50,0.218963936481449,11,11
cthey,kar,47,58,50,47,0.218866384652979,8,8
shey,dor,344,63,374,68,0.21880718480771433,32,19
sho,air,118,95,124,70,0.21878558651596058,15,14
chy,oly,197,65,157,33,0.21864677801265167,9,9
chy,sal,197,48,157,44,0.21837086459073196,16,14
s,cthol,328,55,291,43,0.2183548421783513,22,13
cho,oky,77,103,59,90,0.21824283369955172,16,15
chol,am,367,115,362,38,0.21771862364433708,24,19
oky,tar,103,43,90,35,0.21754333563834685,11,10
qo,ches,51,44,59,43,0.21734815342727185,10,10
r,dol,196,97,176,89,0.21731047924924551,24,18
shor,shckhy,91,55,85,64,0.21708015107935805,12,12
qo,tar,51,43,59,35,0.21693487339124318,8,8
she,chos,41,42,39,43,0.21693045781865622,4,4
chor,shey,215,344,199,374,0.2168612223209784,62,33
d,key,53,33,32,36,0.21677749238103,3,3
sho,dol,118,97,124,89,0.21650916892010375,19,14
cho,key,77,33,59,36,0.21629522817435004,8,8
kal,tar,30,43,27,35,0.21621937503220529,7,7
chor,kal,215,30,199,27,0.21612755289541935,13,11
chal,shckhy,59,55,57,64,0.21599278201278657,11,9
y,ody,210,38,176,24,0.215961357416256,9,9
chor,shcthy,215,30,199,33,0.21579849198508744,14,11
dal,key,190,33,139,36,0.2157746612868186,12,11
chor,cho,215,77,199,59,0.2154140204831266,21,15
shckhy,sol,55,63,64,69,0.21539855088958348,9,7
shol,lor,176,38,181,39,0.21534561174163397,12,6
cheo,qol,75,147,62,132,0.21534520157370948,15,12
shar,chdy,34,108,24,113,0.21520711550527918,10,10
ain,chy,149,197,107,157,0.21493303406066708,29,25
chol,shckhy,367,55,362,64,0.21490920922784104,35,28
r,oky,196,103,176,90,0.21484815347259686,23,17
char,shckhy,79,55,75,64,0.21484126324582217,12,11
shar,tol,34,42,24,48,0.21473892259683341,6,5
tol,chl,42,33,48,28,0.2147389225968333,5,5
cthey,shor,47,91,50,85,0.21466285047213526,15,15
cthey,qol,47,147,50,132,0.21466285047213518,12,11
sheo,shcthy,46,30,33,33,0.21452116007007208,6,5
dol,chcthy,97,84,89,94,0.21403780680318313,16,14
shey,sor,344,43,374,45,0.2139577892655009,27,18
oky,shckhy,103,55,90,64,0.21367198836462736,13,11
oky,chos,103,42,90,43,0.2130458302353807,7,6
chal,chcthy,59,84,57,94,0.2128170479318115,13,13
cthy,sor,100,43,67,45,0.2128087782688666,8,7
chckhy,ches,141,44,153,43,0.21233742084242685,17,16
chckhy,tar,141,43,153,35,0.2119336685420175,15,14
cheo,key,75,33,62,36,0.21183801892103274,4,4
chy,ches,197,44,157,43,0.21171294713066222,16,15
shor,ody,91,38,85,24,0.21118547093938184,6,6
sho,cthy,118,100,124,67,0.211158110385937,16,11
shy,ody,94,38,77,24,0.21115394209236654,5,5
sho,kar,118,58,124,47,0.21096325392232293,11,11
or,chckhy,390,141,406,153,0.21089636910579312,56,45
chdy,sor,108,43,113,45,0.21006765719407836,14,14
she,cthey,41,47,39,50,0.20999097578833348,7,6
d,oky,53,103,32,90,0.20998026278290405,8,6
chdy,chos,108,42,113,43,0.20971862209276668,10,10
shy,l,94,156,77,137,0.20969082564869232,21,20
chol,r,367,196,362,176,0.20944319436503356,61,33
kal,shckhy,30,55,27,64,0.20933770879561553,7,7
chal,key,59,33,57,36,0.20885239351824167,10,10
y,chcthy,210,84,176,94,0.20872375425442627,31,29
cthor,kar,45,58,42,47,0.20869596778242056,7,7
tol,cho,42,77,48,59,0.20859288258582126,8,8
sor,key,43,33,45,36,0.20819138611089075,3,3
dal,sheo,190,46,139,33,0.20773052250749832,13,12
dal,ody,190,38,139,24,0.2076533735692877,8,8
chy,air,197,95,157,70,0.20734030559695985,23,22
oly,qol,65,147,33,132,0.20690095457277846,7,6
chdy,cho,108,77,113,59,0.2068776302780584,12,11
tol,cthey,42,47,48,50,0.20659846763533432,9,8
cthol,cthey,55,47,43,50,0.20652005056869158,6,6
shar,chy,34,197,24,157,0.20561958020749357,12,11
oty,lor,114,38,79,39,0.20540046934060868,7,5
dol,kal,97,30,89,27,0.20474156690552384,6,6
char,sheo,79,46,75,33,0.20470804941869772,7,7
oty,air,114,95,79,70,0.20446469923775268,14,14
she,air,41,95,39,70,0.20431341198119837,8,8
s,oky,328,103,291,90,0.2040381524277649,33,24
cthey,air,47,95,50,70,0.20385887657505025,11,11
ar,kal,449,30,388,27,0.20381224106474138,18,17
kol,kal,35,30,33,27,0.20365326999063918,9,9
tol,chos,42,42,48,43,0.20362567282674932,7,6
char,air,79,95,75,70,0.20308781691398814,13,12
chey,am,510,115,580,38,0.20276364815030418,21,17
chey,chl,510,33,580,28,0.20261361953327653,21,19
chdy,l,108,156,113,137,0.20240738936575567,23,22
cthey,l,47,156,50,137,0.20215053892929538,17,16
dor,oty,63,114,68,79,0.20211302086361074,19,16
shar,sal,34,48,24,44,0.2020559647801218,4,3
cthol,ches,55,44,43,43,0.20193908273305256,5,5
shor,tar,91,43,85,35,0.20179470474520023,8,6
ar,cthol,449,55,388,43,0.20170418963182,18,14
chy,tar,197,43,157,35,0.20090975118662743,15,14
shcthy,key,30,33,33,36,0.20054543301971392,5,5
kar,chl,58,33,47,28,0.20044593143431824,7,7
cthor,oty,45,114,42,79,0.20038125267704918,12,11
she,dor,41,63,39,68,0.2000400120040014,8,8
ain,ckhy,149,38,107,27,0.19955151307702235,11,10
al,ches,311,44,245,43,0.19929093506019976,19,15
kchy,kal,36,30,36,27,0.19925419255468715,4,4
sho,ckhy,118,38,124,27,0.19917411897716444,8,7
chal,ody,59,38,57,24,0.19906827984171396,6,6
dol,shy,97,94,89,77,0.19901467653325913,15,15
chol,shcthy,367,30,362,33,0.19872183893350492,14,12
qo,sheo,51,46,59,33,0.19865262781744858,8,8
tol,kal,42,30,48,27,0.19834087593950483,7,7
kal,cthor,30,45,27,42,0.19834087593950483,4,4
qo,cthey,51,47,59,50,0.1983074448845257,12,12
am,shckhy,115,55,38,64,0.19826289642953604,7,5
ar,chcthy,449,84,388,94,0.19817005626249912,49,41
oly,chl,65,33,33,28,0.19814848097530421,6,6
tol,ches,42,44,48,43,0.19813084190632596,6,6
ol,chcthy,588,84,609,94,0.19809050842109382,60,47
chol,ches,367,44,362,43,0.19776217565538562,23,17
kal,sor,30,43,27,45,0.197572692511491,6,6
cthor,o,45,114,42,83,0.19754591932991794,7,7
sor,shy,43,94,45,77,0.19753336282213718,10,10
dar,ody,287,38,242,24,0.1972642499829799,13,13
cho,sol,77,63,59,69,0.19712567225455271,11,9
kol,sheo,35,46,33,33,0.19676044536698512,4,4
ckhey,kar,32,58,32,47,0.19599157740244455,7,7
d,al,53,311,32,245,0.1954016841836789,14,11
tar,key,43,33,35,36,0.19529164171612673,3,3
cthor,chl,45,33,42,28,0.19521720236075757,6,6
ar,shor,449,91,388,85,0.19518359926172893,40,29
y,shcthy,210,30,176,33,0.19485952173869991,14,13
or,chey,390,510,406,580,0.19485000233767763,102,65
she,cthol,41,55,39,43,0.19480519480519481,6,6
tol,kar,42,58,48,47,0.19478290326359252,8,8
shey,sheo,344,46,374,33,0.19461136390555855,14,13
kchy,dor,36,63,36,68,0.19418390934515434,7,6
shey,am,344,115,374,38,0.19380063324460373,24,18
sal,air,48,95,44,70,0.1937437918785931,10,10
r,chey,196,510,176,580,0.1935653780422645,72,44
or,chdy,390,108,406,113,0.19343771600148418,46,40
shor,air,91,95,85,70,0.19311887588148782,13,13
shey,sol,344,63,374,69,0.19300473405743984,36,22
kol,sal,35,48,33,44,0.19200614429492774,7,7
shor,l,91,156,85,137,0.19184809034354922,22,18
cheo,chckhy,75,141,62,153,0.19157505535519123,16,15
shar,cthy,34,100,24,67,0.19151147930760404,6,5
sal,chcthy,48,84,44,94,0.1907645906143435,11,11
cho,chckhy,77,141,59,153,0.1898528034621158,15,15
d,qol,53,147,32,132,0.18977440404058332,11,8
ain,ody,149,38,107,24,0.1896395680075931,10,10
oky,sal,103,48,90,44,0.18958337436159572,9,8
sho,kal,118,30,124,27,0.18935701572549798,8,8
r,cthol,196,55,176,43,0.18931642286025208,13,8
kal,lor,30,38,27,39,0.18923374717096159,5,5
chdy,o,108,114,113,83,0.18859538114821373,14,12
ain,shy,149,94,107,77,0.18843831699527874,15,13
am,sar,115,77,38,48,0.18843366572035794,10,7
chol,sal,367,48,362,44,0.18805635508716645,27,23
cthy,she,100,41,67,39,0.187928499329719,6,6
cthey,sheo,47,46,50,33,0.18782637100417848,8,8
shor,chcthy,91,84,85,94,0.1877335943272391,16,15
am,qo,115,51,38,59,0.18752167304343004,7,5
shar,chl,34,33,24,28,0.1875,3,3
kal,o,30,114,27,83,0.18741784341058304,8,6
shar,qo,34,51,24,59,0.18738292224896538,6,5
ckhey,ol,32,588,32,609,0.18684176630232358,22,16
sor,sal,43,48,45,44,0.18627332086954657,7,4
char,ody,79,38,75,24,0.18578433666678973,6,6
she,key,41,33,39,36,0.18539590986372864,7,7
chey,tar,510,43,580,35,0.18528868209996316,24,16
oly,oty,65,114,33,79,0.18490006540840967,10,10
she,qol,41,147,39,132,0.1845851495962457,10,10
s,am,328,115,291,38,0.18416851447088398,22,17
oky,sheo,103,46,90,33,0.18405254345807762,7,7
am,ckhy,115,38,38,27,0.18401748249129446,4,4
ody,key,38,33,24,36,0.18394180184548975,4,4
chdy,ches,108,44,113,43,0.18354546793213894,15,15
cho,shckhy,77,55,59,64,0.1834651073341499,11,10
cthol,kar,55,58,43,47,0.18325550206507984,7,7
shar,chckhy,34,141,24,153,0.18306300648455315,10,9
ol,ckhy,588,38,609,27,0.1828902528258212,18,15
dal,shcthy,190,30,139,33,0.18270662994811013,10,9
chckhy,o,141,114,153,83,0.182673866499843,19,15
ar,shckhy,449,55,388,64,0.18260234679714382,32,28
sal,lor,48,38,44,39,0.18246608980081036,5,3
cthor,sal,45,48,42,44,0.1823226318722947,9,8
r,chckhy,196,141,176,153,0.18188958650849055,36,27
oly,ody,65,38,33,24,0.1815682598006407,6,6
shor,key,91,33,85,36,0.18128056822483168,12,11
al,chos,311,42,245,43,0.18126117889184665,20,17
ckhey,oly,32,65,32,33,0.18116432546313532,3,3
l,key,156,33,137,36,0.1808221186286952,11,11
sheo,oty,46,114,33,79,0.18033392693348643,8,7
kol,air,35,95,33,70,0.18018749253911182,9,9
kar,air,58,95,47,70,0.1801874925391118,10,10
cheo,air,75,95,62,70,0.17984576060517943,11,10
shor,sar,91,77,85,48,0.17960720663281657,13,11
she,oky,41,103,39,90,0.1795826745870597,10,10
shor,ches,91,44,85,43,0.1790127814716364,14,12
cthor,air,45,95,42,70,0.17899695893563106,7,7
sho,o,118,114,124,83,0.17873672989479605,21,13
chol,tar,367,43,362,35,0.17826222122860477,22,16
sor,shckhy,43,55,45,64,0.17807525804153082,7,5
kchy,dol,36,97,36,89,0.17784338673942984,9,8
sho,char,118,79,124,75,0.1778231242000267,16,14
ain,chl,149,33,107,28,0.17739157261505747,4,4
chol,kal,367,30,362,27,0.17730123190314756,22,20
she,ain,41,149,39,107,0.17708440083028662,11,11
chos,l,42,156,43,137,0.17703523599345186,12,8
cthy,sal,100,48,67,44,0.17689616785356002,11,10
cho,chl,77,33,59,28,0.17677669529663684,4,4
ckhey,sheo,32,46,32,33,0.17669044171975448,3,3
ar,cthey,449,47,388,50,0.17653746978896173,25,23
dol,ches,97,44,89,43,0.17652434196600844,7,7
cthol,o,55,114,43,83,0.1761750527727107,6,6
ches,qol,44,147,43,132,0.17602923511377574,14,11
qol,key,147,33,132,36,0.1756155504678056,9,9
she,am,41,115,39,38,0.17496355305594133,7,7
cthor,sar,45,77,42,48,0.17475934065852364,4,4
chckhy,chos,141,42,153,43,0.17409961674122132,13,13
ckhey,char,32,79,32,75,0.17378533390904766,8,8
s,chckhy,328,141,291,153,0.1736071326045557,40,30
oky,lor,103,38,90,39,0.1730840623778635,7,6
or,kol,390,35,406,33,0.17283996921568057,21,19
qo,chos,51,42,59,43,0.17245936904743847,5,4
tar,air,43,95,35,70,0.17217511078754547,6,6
she,tar,41,43,39,35,0.17197979012252745,4,4
qo,key,51,33,59,36,0.17195436249022722,9,9
chdy,r,108,196,113,176,0.17172492132620956,21,20
kchy,chl,36,33,36,28,0.171601618245911,4,4
kar,shckhy,58,55,47,64,0.1713187229166822,8,8
kol,shckhy,35,55,33,64,0.1713187229166822,6,6
dol,oly,97,65,89,33,0.17112987867934093,8,7
ches,air,44,95,43,70,0.1710655935383687,14,13
or,chy,390,197,406,157,0.17102653066853815,45,36
shar,chey,34,510,24,580,0.1707743364637617,17,13
cho,qol,77,147,59,132,0.17072740563256353,13,11
ain,oty,149,114,107,79,0.17039954414774924,14,13
qo,shor,51,91,59,85,0.17027696555503258,15,14
dol,chos,97,42,89,43,0.1700122068931651,7,7
shar,oly,34,65,24,33,0.16984155512168936,4,4
cho,air,77,95,59,70,0.1695044603103275,10,10
she,sol,41,63,39,69,0.16896486193247381,7,7
oly,lor,65,38,33,39,0.16871245019029255,3,3
qo,chl,51,33,59,28,0.1686446300240688,6,6
shy,key,94,33,77,36,0.1683068251594085,6,6
shey,ody,344,38,374,24,0.1682104890060962,12,11
ar,cthy,449,100,388,67,0.16775985523320266,30,22
shor,oly,91,65,85,33,0.16775753073468525,9,8
sal,sar,48,77,44,48,0.16748280772542135,7,5
chor,sheo,215,46,199,33,0.16705002012777498,12,12
shar,ody,34,38,24,24,0.16703827619526526,4,4
cho,chcthy,77,84,59,94,0.1668979876199978,14,14
shor,chos,91,42,85,43,0.16666188419728545,9,8
ain,cthol,149,55,107,43,0.1663520129011783,9,7
ody,chckhy,38,141,24,153,0.1663471979683651,7,7
sal,cheo,48,75,44,62,0.16584403661926825,7,6
shey,cthol,344,55,374,43,0.1654301705361129,25,15
chdy,chl,108,33,113,28,0.1645701471510958,13,13
ar,kol,449,35,388,33,0.164307262147681,20,18
char,dol,79,97,75,89,0.1634300012601516,12,10
cho,dor,77,63,59,68,0.1633660098032678,11,9
al,sheo,311,46,245,33,0.16311817434811104,19,17
sal,oly,48,65,44,33,0.16269036695641684,5,4
or,shor,390,91,406,85,0.16266418030148072,34,25
ckhy,oly,38,65,27,33,0.16239958858823,4,4
chal,kchy,59,36,57,36,0.16230686829029886,6,6
cthol,dol,55,97,43,89,0.16192511360888553,10,9
dol,ody,97,38,89,24,0.16157312221285403,4,4
tol,key,42,33,48,36,0.1612292318775042,7,7
ar,shey,449,344,388,374,0.1611391098570662,107,69
kchy,cheo,36,75,36,62,0.1609687273171068,9,7
chy,chl,197,33,157,28,0.16091967146673405,11,11
oty,l,114,156,79,137,0.16088765919138892,22,20
shy,kar,94,58,77,47,0.16087919397513645,10,10
cthey,tar,47,43,50,35,0.16087236302194674,8,7
cthol,chl,55,33,43,28,0.1607060866333062,5,5
chcthy,cheo,84,75,94,62,0.16059101370939327,11,9
sal,shckhy,48,55,44,64,0.1603594562347207,7,7
ckhey,ody,32,38,32,24,0.16035674514745463,2,2
she,oly,41,65,39,33,0.16012815380508716,7,7
y,ckhy,210,38,176,27,0.15985796712691092,11,9
chey,chos,510,42,580,43,0.15983748251554092,23,16
sor,chcthy,43,84,45,94,0.1594370348044233,9,9
kchy,lor,36,38,36,39,0.1593919285085565,3,1
shar,kal,34,30,24,27,0.15875015875023815,4,4
kal,chl,30,33,27,28,0.15875015875023812,4,4
chal,ckhy,59,38,57,27,0.1582685176497861,5,5
kchy,key,36,33,36,36,0.15747244473304667,3,3
kchy,kar,36,58,36,47,0.15724272550828777,4,4
ar,sho,449,118,388,124,0.15545738213727117,39,26
ain,o,149,114,107,83,0.15545597166371164,11,6
shey,oly,344,65,374,33,0.15519701064866273,15,13
shar,shy,34,94,24,77,0.15519147819535262,7,6
shckhy,chl,55,33,64,28,0.15453063444227513,6,6
am,key,115,33,38,36,0.1545287749909218,5,4
chcthy,l,84,156,94,137,0.15421315028582244,23,22
ain,cheo,149,75,107,62,0.15416463248080148,12,10
shar,chcthy,34,84,24,94,0.15372967345311053,7,7
ody,sol,38,63,24,69,0.15366965796245594,3,3
ain,chos,149,42,107,43,0.15366000057862597,12,11
r,chy,196,197,176,157,0.15318628846690593,29,24
cthy,kal,100,30,67,27,0.15288103093409183,7,7
ol,ody,588,38,609,24,0.15282004041887795,13,13
s,chdy,328,108,291,113,0.15279531184376485,23,21
oky,chl,103,33,90,28,0.15277777777777776,6,6
qo,oly,51,65,59,33,0.15276195320645222,7,7
cthey,sal,47,48,50,44,0.1527399524929794,8,8
s,chey,328,510,291,580,0.15272013715170044,64,41
she,dol,41,97,39,89,0.1526722499740921,9,9
ckhey,kal,32,30,32,27,0.15240015240022858,4,4
kchy,shcthy,36,30,36,33,0.15238786355189188,6,6
sho,ody,118,38,124,24,0.152362350055011,6,4
d,dol,53,97,32,89,0.1523326004989225,6,6
qo,lor,51,38,59,39,0.15229407476231813,4,4
chor,key,215,33,199,36,0.1518289943212849,14,13
d,chey,53,510,32,580,0.15170281891169984,20,11
sheo,shckhy,46,55,33,64,0.15168936699355276,5,4
kol,tar,35,43,33,35,0.15167191839776337,7,7
shey,cho,344,77,374,59,0.15164432299143682,25,23
oky,shcthy,103,30,90,33,0.15108891192224108,5,4
s,chy,328,197,291,157,0.15106609110914662,34,25
cthy,l,100,156,67,137,0.1509465407880644,18,16
chdy,lor,108,38,113,39,0.1509010029104166,8,8
kchy,chckhy,36,141,36,153,0.1507867591378129,11,11
chdy,air,108,95,113,70,0.15021352323976214,14,14
chdy,qol,108,147,113,132,0.1500468969841066,17,15
ar,shy,449,94,388,77,0.1500408311288738,31,28
cthey,oly,47,65,50,33,0.1497861723788195,6,6
oty,qol,114,147,79,132,0.1497744557298807,21,15
dy,chl,204,33,144,28,0.14948701855038715,7,7
chol,key,367,33,362,36,0.14909619767208426,21,20
cthy,tar,100,43,67,35,0.1490517919779354,8,7
chdy,kchy,108,36,113,36,0.1489608979310545,10,9
chor,sal,215,48,199,44,0.14858011219100511,16,13
oky,ody,103,38,90,24,0.14847846772912465,4,4
cthey,ches,47,44,50,43,0.14841884761520144,9,9
cthey,sol,47,63,50,69,0.1481738961925499,5,4
qo,sal,51,48,59,44,0.14808185191881448,10,10
sho,chos,118,42,124,43,0.14798801467918873,10,9
oky,ches,103,44,90,43,0.14767428948070993,6,6
sheo,ody,46,38,33,24,0.1475703340252388,5,5
cthey,sor,47,43,50,45,0.14699878726500756,6,5
chdy,d,108,53,113,32,0.14673214211726593,8,8
cthy,cho,100,77,67,59,0.1461666105897814,9,7
kol,d,35,53,33,32,0.145910923101986,7,5
tol,oty,42,114,48,79,0.145731820128763,9,8
or,sho,390,118,406,124,0.14509777458114756,37,26
oky,sar,103,77,90,48,0.1450563035040488,7,7
chol,sar,367,77,362,48,0.14477394165065433,18,12
kchy,o,36,114,36,83,0.14470719035407653,9,7
chy,am,197,115,157,38,0.14452202432768343,9,8
r,sal,196,48,176,44,0.1442592584788427,24,20
sal,ody,48,38,44,24,0.14400460822119582,3,3
she,kar,41,58,39,47,0.14398646590827704,6,6
ckhey,sal,32,48,32,44,0.14368424162141993,7,7
shar,key,34,33,24,36,0.14338483366910112,3,3
chl,key,33,33,28,36,0.1433848336691011,5,5
chdy,sol,108,63,113,69,0.14292918378096392,10,10
kol,kar,35,58,33,47,0.14285714285714288,6,6
she,cho,41,77,39,59,0.14285714285714285,4,4
cthy,chos,100,42,67,43,0.14268595388869135,8,7
or,shckhy,390,55,406,64,0.14254464229215663,25,22
cho,oly,77,65,59,33,0.142336136715633,4,4
oky,air,103,95,90,70,0.14233108207557335,8,8
cthol,tar,55,43,43,35,0.1422741900104545,5,5
am,o,115,114,38,83,0.14200214453837642,8,5
she,cthor,41,45,39,42,0.1419833906676599,7,7
ckhey,ain,32,149,32,107,0.141913258092046,9,8
ckhy,shor,38,91,27,85,0.14166752066422925,8,7
chdy,sar,108,77,113,48,0.1416576493949657,11,11
am,shy,115,94,38,77,0.14118762936439952,8,8
chey,lor,510,38,580,39,0.14114803763051376,19,9
sal,ches,48,44,44,43,0.14105459034369808,7,7
r,am,196,115,176,38,0.14026359975859828,13,8
chckhy,sar,141,77,153,48,0.1399798496813743,14,12
kol,ches,35,44,33,43,0.1399306314728024,7,7
cho,kal,77,30,59,27,0.13969301268749157,7,7
tol,chcthy,42,84,48,94,0.13968605915391566,11,11
r,shor,196,91,176,85,0.1395701210574535,24,17
cthol,lor,55,38,43,39,0.13932018694125836,4,4
ckhy,shcthy,38,30,27,33,0.13930903806377162,2,2
air,key,95,33,70,36,0.13920485060019283,9,9
chckhy,lor,141,38,153,39,0.1388642223657358,8,7
cho,sheo,77,46,59,33,0.13882112167876096,6,6
kchy,cho,36,77,36,59,0.1386750490563073,4,4
sor,ody,43,38,45,24,0.1385917857350474,6,6
dol,chl,97,33,89,28,0.13854299851146656,6,6
char,ckhy,79,38,75,27,0.1384754686472162,7,7
kal,dor,30,63,27,68,0.13832375007766062,6,6
shol,chl,176,33,181,28,0.13788820796114815,8,8
cthol,sar,55,77,43,48,0.1378704626191191,3,3
shey,cheo,344,75,374,62,0.13775710513373093,30,18
oly,air,65,95,33,70,0.13740858372430334,3,3
char,shor,79,91,75,85,0.13732233421247833,15,14
chy,chos,197,42,157,43,0.13713306003534023,13,12
cthy,am,100,115,67,38,0.13689520511475545,8,8
she,lor,41,38,39,39,0.1368323264601645,2,2
d,ain,53,149,32,107,0.13672474656885764,7,5
ckhey,sol,32,63,32,69,0.13590417710722233,5,3
kal,ody,30,38,27,24,0.13576884666042613,3,3
chy,lor,197,38,157,39,0.13563020047152313,9,8
ckhy,cthey,38,47,27,50,0.13552618543578768,6,6
sheo,chos,46,42,33,43,0.13551538266302843,7,7
y,sheo,210,46,176,33,0.13539038361850972,10,10
she,ody,41,38,39,24,0.13498731178900975,5,5
ckhey,air,32,95,32,70,0.1348399724926484,9,9
chl,air,33,95,28,70,0.1348399724926484,4,4
d,chckhy,53,141,32,153,0.13376987136194313,9,9
s,kol,328,35,291,33,0.1336405529953917,23,19
kchy,tar,36,43,36,35,0.13355611265883555,4,3
dol,cthey,97,47,89,50,0.13329102543655716,8,8
chcthy,tar,84,43,94,35,0.13324272283470417,9,9
kol,lor,35,38,33,39,0.1327422459469327,4,4
kchy,air,36,95,36,70,0.13222147133698628,6,6
oly,shcthy,65,30,33,33,0.13197176106437508,4,4
sol,key,63,33,69,36,0.1319092776147732,5,5
shey,kchy,344,36,374,36,0.13166160373532665,14,10
cho,ckhy,77,38,59,27,0.13146843962443588,4,4
dar,sheo,287,46,242,33,0.13146610247005538,12,11
cho,cthol,77,55,59,43,0.13131313131313133,7,6
ar,ody,449,38,388,24,0.1312324236634075,16,14
oty,chl,114,33,79,28,0.13122266479195596,7,7
ain,cho,149,77,107,59,0.13117363024465672,9,9
sho,sor,118,43,124,45,0.13075782299380356,6,4
sho,cheo,118,75,124,62,0.1304771684930958,13,11
chol,lor,367,38,362,39,0.13041914372700542,15,7
kchy,sheo,36,46,36,33,0.129944424547263,5,5
ain,shcthy,149,30,107,33,0.1297302035443406,8,7
or,sal,390,48,406,44,0.12965824324693828,25,20
ckhy,chos,38,42,27,43,0.12833778958394956,5,4
cthey,lor,47,38,50,39,0.12799492126228443,4,3
o,air,114,95,83,70,0.12792042981336627,9,6
ckhy,l,38,156,27,137,0.1278512266494218,10,10
cthy,shckhy,100,55,67,64,0.12777260617308084,9,7
am,cthey,115,47,38,50,0.1272937693043289,5,5
sheo,key,46,33,33,36,0.126673647984535,4,4
sho,am,118,115,124,38,0.12659242088545833,7,6
she,chl,41,33,39,28,0.12626906806902632,5,5
sho,sal,118,48,124,44,0.12601941636211517,7,6
or,cthy,390,100,406,67,0.1259093378359508,29,20
cthor,key,45,33,42,36,0.12540051368250327,5,5
tol,ody,42,38,48,24,0.12521758066945235,4,4
shar,ckhey,34,32,24,32,0.125,3,2
chos,qol,42,147,43,132,0.12499641314796406,9,7
char,sal,79,48,75,44,0.12485106953823376,9,8
shor,shcthy,91,30,85,33,0.12471781309748661,5,5
oly,shckhy,65,55,33,64,0.12442416956500055,5,5
shey,tar,344,43,374,35,0.12382215936844934,16,13
sal,key,48,33,44,36,0.12361284651454936,5,5
chey,sar,510,77,580,48,0.12307972505709683,23,15
kol,key,35,33,33,36,0.12262786789699315,6,6
shar,kchy,34,36,24,36,0.12257258446136504,3,2
shar,shey,34,344,24,374,0.1223806147516005,13,11
chcthy,dor,84,63,94,68,0.12177204676176309,13,13
shy,cheo,94,75,77,62,0.12158854684316606,9,8
shar,shcthy,34,30,24,33,0.12141073279465804,2,2
shy,chos,94,42,77,43,0.12119054725863837,10,9
ain,ches,149,44,107,43,0.12103473112923174,9,8
ckhey,dol,32,97,32,89,0.12091025324637081,5,5
she,ckhy,41,38,39,27,0.1207363221040738,5,5
tol,sheo,42,46,48,33,0.12072554800745934,5,5
sho,chl,118,33,124,28,0.12059547765471651,5,5
am,chl,115,33,38,28,0.12028130608117203,3,3
ar,ckhy,449,38,388,27,0.12024072240843037,13,12
kal,air,30,95,27,70,0.1198728554188798,5,5
shar,ckhy,34,38,24,27,0.11952286093343936,2,1
dor,ody,63,38,68,24,0.11908262790561669,5,5
cthy,ches,100,44,67,43,0.11900192479824198,7,7
shy,o,94,114,77,83,0.11897176837470828,10,10
kol,o,35,114,33,83,0.11894763585068012,6,6
d,air,53,95,32,70,0.11891767800211263,6,5
cthy,qol,100,147,67,132,0.11890154961788141,9,8
cthey,chl,47,33,50,28,0.11811389781538349,4,4
shar,air,34,95,24,70,0.11798497593106737,4,4
kal,chos,30,42,27,43,0.11688558118597887,5,5
shey,ches,344,44,374,43,0.11660263973730715,15,14
qo,shcthy,51,30,59,33,0.11648152526567071,6,6
kchy,shor,36,91,36,85,0.11622582663390894,6,5
sho,r,118,196,124,176,0.11610451618853475,28,21
shckhy,o,55,114,64,83,0.11583259807015185,11,9
cho,shy,77,94,59,77,0.11527921664532322,10,10
s,shor,328,91,291,85,0.1149598329710345,25,16
cthol,kal,55,30,43,27,0.11429428310794766,5,5
kal,qo,30,51,27,59,0.11422874363177002,6,6
ol,shcthy,588,30,609,33,0.11420520625718446,19,14
ar,shcthy,449,30,388,33,0.11399727074524442,15,12
r,kol,196,35,176,33,0.11395777503443665,14,12
ody,tar,38,43,24,35,0.11375393879832252,3,3
sheo,cheo,46,75,33,62,0.1133003551405198,6,6
shy,chl,94,33,77,28,0.11286652959662005,7,7
ckhy,air,38,95,27,70,0.11281521496355322,4,4
s,shckhy,328,55,291,64,0.11250192633929597,18,15
sal,shy,48,94,44,77,0.11149284925303184,6,6
chcthy,chos,84,42,94,43,0.11147408034263075,6,6
kol,chl,35,33,33,28,0.11135885079684349,3,3
sho,d,118,53,124,32,0.11049892402196597,7,5
s,sho,328,118,291,124,0.11039654147906511,28,18
cthy,d,100,53,67,32,0.1103002443454721,6,4
sal,chos,48,42,44,43,0.11020078277271522,5,5
ckhey,cho,32,77,32,59,0.10999438818457405,6,6
chal,sheo,59,46,57,33,0.1096725375202667,4,4
cheo,shcthy,75,30,62,33,0.10961700953114054,5,5
cthy,chl,100,33,67,28,0.10943513103291656,3,3
kol,chos,35,42,33,43,0.10932267489210504,4,3
ody,oty,38,114,24,79,0.1091089451179962,6,6
shor,sheo,91,46,85,33,0.1090764867073068,5,5
ckhey,ches,32,44,32,43,0.10874197679943183,5,5
shey,chl,344,33,374,28,0.108394258779989,9,9
kchy,shckhy,36,55,36,64,0.10775449168807305,4,4
ckhey,chos,32,42,32,43,0.10737509843863186,5,4
cthy,kar,100,58,67,47,0.10724181977192264,5,5
or,shey,390,344,406,374,0.10706859465344461,73,47
ar,kchy,449,36,388,36,0.1056932252218885,18,14
ckhey,o,32,114,32,83,0.105409255338946,7,6
d,ckhy,53,38,32,27,0.10540925533894596,3,2
chcthy,sol,84,63,94,69,0.1051930309977415,8,8
shcthy,air,30,95,33,70,0.10477452717020143,5,5
dol,key,97,33,89,36,0.10402017930371861,6,6
s,cthy,328,100,291,67,0.10378240623089291,24,16
ckhey,sor,32,43,32,45,0.1037125957683463,3,3
d,chy,53,197,32,157,0.10362252836467177,6,5
chy,sar,197,77,157,48,0.10337354197508035,10,9
am,chos,115,42,38,43,0.10332173664634445,4,4
cthy,air,100,95,67,70,0.10329361040745492,8,8
or,kchy,390,36,406,36,0.10323360961053225,15,12
cthol,key,55,33,43,36,0.10323181344684886,6,6
cthey,dor,47,63,50,68,0.10291616342770396,9,9
she,kal,41,30,39,27,0.10263160115815712,3,3
ckhey,cheo,32,75,32,62,0.10259783520851541,4,3
shy,ches,94,44,77,43,0.1022777461902337,7,7
shar,she,34,41,24,39,0.10101525445522108,2,2
cthey,ody,47,38,50,24,0.10101525445522107,4,4
sor,shcthy,43,30,45,33,0.1007345780181686,6,6
air,lor,95,38,70,39,0.10045766829498907,4,4
cthy,key,100,33,67,36,0.10042456358855058,6,6
ckhy,qol,38,147,27,132,0.10034782713716235,7,7
dol,sheo,97,46,89,33,0.10014227838069674,5,5
oly,sheo,65,46,33,33,0.10003126465607108,4,4
ckhy,sol,38,63,27,69,0.09996096037329259,5,5
or,shy,390,94,406,77,0.09930263673415501,30,28
kchy,she,36,41,36,39,0.09905360646879094,3,3
cthol,am,55,115,43,38,0.09896928253669407,6,6
shy,air,94,95,77,70,0.09892297834996812,7,7
kchy,d,36,53,36,32,0.09883324222148017,4,3
am,cheo,115,75,38,62,0.09872481295984872,4,3
kal,shcthy,30,30,27,33,0.09868274229828967,2,2
cthol,l,55,156,43,137,0.09771391169894039,9,8
cthy,r,100,196,67,176,0.09766496420634657,16,12
cthey,cheo,47,75,50,62,0.09694584179118515,4,4
chcthy,qol,84,147,94,132,0.09662758531549073,10,10
cthy,lor,100,38,67,39,0.09635447019067941,5,4
shy,tar,94,43,77,35,0.09607837042319843,7,7
ckhy,ody,38,38,27,24,0.09583148474999097,2,2
ar,ckhey,449,32,388,32,0.09581010095306072,18,16
ody,kar,38,58,24,47,0.09523809523809525,3,3
chos,shckhy,42,55,43,64,0.09481566905727729,6,6
kchy,am,36,115,36,38,0.09435641951204966,2,2
ol,sheo,588,46,609,33,0.09427247702811449,14,12
sheo,l,46,156,33,137,0.09325768942645589,9,8
ckhy,sor,38,43,27,45,0.09297019620799551,4,4
cthol,sal,55,48,43,44,0.09236372872741128,6,5
cheo,shckhy,75,55,62,64,0.0916038272770162,6,5
r,shey,196,344,176,374,0.09153517928517058,50,36
ody,lor,38,38,24,39,0.09050607678199955,2,2
kchy,chos,36,42,36,43,0.090248525639428,4,3
r,shckhy,196,55,176,64,0.08989706735103718,15,13
sal,chl,48,33,44,28,0.08980265101338744,2,2
shckhy,sar,55,77,64,48,0.08966257044132753,7,6
sho,oly,118,65,124,33,0.08937653875863269,6,6
kchy,oly,36,65,36,33,0.08882311833686551,4,4
ckhey,d,32,53,32,32,0.08819171036881969,3,2
r,kchy,196,36,176,36,0.0875115474243669,6,3
r,kal,196,30,176,27,0.08689459622757965,12,11
chcthy,o,84,114,94,83,0.08642416214502248,12,10
cthey,o,47,114,50,83,0.08632206622970619,8,8
shey,chos,344,42,374,43,0.08581636281425886,13,12
shey,lor,344,38,374,39,0.08525480002773125,14,9
kal,sheo,30,46,27,33,0.08414890701798215,3,3
kol,cho,35,77,33,59,0.08399210511316162,5,5
chcthy,chl,84,33,94,28,0.08385254915624209,6,6
kol,sar,35,77,33,48,0.08307413104653781,5,5
chcthy,air,84,95,94,70,0.08291561975888499,7,7
shey,d,344,53,374,32,0.08281941540469696,11,9
chos,air,42,95,43,70,0.08273403039920306,5,5
ody,cheo,38,75,24,62,0.08226127456606228,3,3
sho,tar,118,43,124,35,0.08212615034683854,7,6
s,sal,328,48,291,44,0.08206714231960624,17,13
shey,o,344,114,374,83,0.08157745568897196,24,17
am,ches,115,44,38,43,0.08138434574843484,4,4
or,ckhy,390,38,406,27,0.08089156473388591,8,7
sheo,sol,46,63,33,69,0.08081287672713655,4,4
char,kchy,79,36,75,36,0.07952491873652953,5,5
dor,key,63,33,68,36,0.07950439882424457,4,4
r,cthey,196,47,176,50,0.07870635467029792,13,12
or,kal,390,30,406,27,0.0783118988438009,11,10
dor,sheo,63,46,68,33,0.0765404529471217,5,5
cthol,qol,55,147,43,132,0.07619239590213579,7,6
s,shy,328,94,291,77,0.07589865199633454,21,17
chcthy,lor,84,38,94,39,0.07572281660192283,3,3
or,ckhey,390,32,406,32,0.07519859855181764,15,14
cthor,shckhy,45,55,42,64,0.07508240602452523,4,4
am,shcthy,115,30,38,33,0.07476962054560592,2,2
chos,shcthy,42,30,43,33,0.07449422505904478,2,2
sheo,air,46,95,33,70,0.07445291969126748,2,2
or,chcthy,390,84,406,94,0.07314489250594294,41,36
cthy,o,100,114,67,83,0.07305801257729819,6,6
chl,shcthy,33,30,28,33,0.07284643967679481,2,2
ody,qol,38,147,24,132,0.0725950056354125,3,3
cthey,chos,47,42,50,43,0.07247137945655605,5,5
sho,lor,118,38,124,39,0.0712822374419838,5,4
d,shy,53,94,32,77,0.07109923063227809,6,5
tar,shckhy,43,55,35,64,0.07015744627801575,2,2
cthol,air,55,95,43,70,0.0693427337633158,4,4
r,shy,196,94,176,77,0.0688303235340315,15,14
shar,shckhy,34,55,24,64,0.0686802819743445,3,3
or,cthey,390,47,406,50,0.06821375681440844,20,19
ody,l,38,156,24,137,0.06770937642509364,5,5
s,kchy,328,36,291,36,0.06763127978851087,13,10
ckhy,o,38,114,27,83,0.06719368409052928,3,2
s,shey,328,344,291,374,0.06704303361103192,50,33
ches,shckhy,44,55,43,64,0.06638604114695651,7,7
cthy,sar,100,77,67,48,0.06633171082109227,4,4
shcthy,l,30,156,33,137,0.0656188525255944,6,5
shey,sar,344,77,374,48,0.06521172096644168,15,12
kal,cheo,30,75,27,62,0.06514969050713038,3,3
r,ckhy,196,38,176,27,0.06400063210813002,8,7
cho,ody,77,38,59,24,0.0629940788348712,2,2
shor,o,91,114,85,83,0.062469504755442426,8,7
or,ody,390,38,406,24,0.062302779601001126,10,10
d,shor,53,91,32,85,0.06222111607887978,5,4
shy,lor,94,38,77,39,0.061154287666667584,4,4
ckhy,tar,38,43,27,35,0.061046769566735964,3,3
tol,shcthy,42,30,48,33,0.06067574679742111,2,2
d,am,53,115,32,38,0.06061608062110899,2,2
d,shckhy,53,55,32,64,0.06057031535930258,4,4
qo,ody,51,38,59,24,0.06009623101612528,3,3
s,ckhy,328,38,291,27,0.05976587220967181,9,7
ckhy,chl,38,33,27,28,0.059761430466719674,1,1
d,cthey,53,47,32,50,0.05952380952380952,4,4
sal,sheo,48,46,44,33,0.05950226278185145,2,2
kal,sar,30,77,27,48,0.05921411453740407,3,3
sheo,kar,46,58,33,47,0.059028133610095526,2,2
dol,shcthy,97,30,89,33,0.058719209796118235,3,3
ches,shcthy,44,30,43,33,0.05867752483892765,4,4
ckhey,am,32,115,32,38,0.057735026918962574,2,2
sor,sheo,43,46,45,33,0.05726570111941077,4,4
s,ckhey,328,32,291,32,0.05690078053619358,10,7
d,sal,53,48,32,44,0.05657035277517756,3,3
sheo,tar,46,43,33,35,0.0564033346637209,3,3
ckhey,l,32,156,32,137,0.05629895298995756,7,7
ain,sheo,149,46,107,33,0.05531187409891131,4,4
shar,sheo,34,46,24,33,0.055215763037423274,2,2
she,sal,41,48,39,44,0.05442862585722451,3,3
ckhey,qol,32,147,32,132,0.054325127815727424,5,4
ckhey,r,32,196,32,176,0.053546770557785665,8,7
sheo,ches,46,44,33,43,0.05337129976158585,4,4
sho,ches,118,44,124,43,0.05298501265957812,6,6
cthol,shckhy,55,55,43,64,0.05297922885585077,4,3
kchy,sal,36,48,36,44,0.052835246525726014,2,2
ckhy,sheo,38,46,27,33,0.05279636773484546,2,2
kchy,ody,36,38,36,24,0.05241424183609592,2,2
sal,shcthy,48,30,44,33,0.05233442719890388,3,3
r,chcthy,196,84,176,94,0.05155223315592481,18,17
sol,shcthy,63,30,69,33,0.050769925330593386,3,3
shor,cheo,91,75,85,62,0.050669459193813986,5,4
sal,o,48,114,44,83,0.05048549637751689,6,6
ar,sheo,449,46,388,33,0.050257164392750124,7,7
ckhey,chl,32,33,32,28,0.04999999999999999,1,1
ody,sar,38,77,24,48,0.049844478627922684,2,2
tar,shcthy,43,30,35,33,0.049608806013915846,1,1
shor,chl,91,33,85,28,0.04938647983247947,3,3
d,shcthy,53,30,32,33,0.04894820654762348,3,3
ody,ches,38,44,24,43,0.04843752627904699,3,3
s,ody,328,38,291,24,0.048387096774193554,10,10
dor,shcthy,63,30,68,33,0.04808581550705127,3,3
chcthy,ches,84,44,94,43,0.04728003235885117,7,7
shar,cthey,34,47,24,50,0.0472455591261534,2,2
ody,o,38,114,24,83,0.04695301415158425,3,3
cho,shor,77,91,59,85,0.04656201971797187,6,6
shckhy,lor,55,38,64,39,0.04651615647147404,2,2
cho,shcthy,77,30,59,33,0.045786854649563,3,3
cho,am,77,115,59,38,0.04536092116265144,3,3
sheo,lor,46,38,33,39,0.044876200259632855,3,3
am,sheo,115,46,38,33,0.04250511420422256,2,2
ody,chos,38,42,24,43,0.040996003084539386,2,2
o,shcthy,114,30,83,33,0.04095300778893008,4,4
or,shcthy,390,30,406,33,0.04090202795977756,15,13
shcthy,lor,30,38,33,39,0.03947026761085656,1,1
s,kal,328,30,291,27,0.037226941826245884,7,7
sho,sar,118,77,124,48,0.03680373690492888,3,2
ody,shckhy,38,55,24,64,0.036711154910717615,2,2
ody,air,38,95,24,70,0.036037498507822355,2,2
s,chcthy,328,84,291,94,0.03566407947207465,20,18
kchy,ches,36,44,36,43,0.03554342702865108,3,3
s,shcthy,328,30,291,33,0.033495105267817106,11,10
ckhy,sar,38,77,27,48,0.03343669275452117,2,2
ody,chl,38,33,24,28,0.03340765523905304,1,1
sheo,qol,46,147,33,132,0.03272294601219204,4,4
s,cthey,328,47,291,50,0.032585565953297126,13,12
shy,sar,94,77,77,48,0.03157457446147377,4,4
sheo,o,46,114,33,83,0.031041346478647924,3,3
kal,ches,30,44,27,43,0.030689433030621358,2,2
s,sheo,328,46,291,33,0.028562000133917197,7,7
ckhey,sar,32,77,32,48,0.027975144247209413,2,2
sheo,chl,46,33,33,28,0.027607881518711637,1,1
or,sheo,390,46,406,33,0.0265737471896543,9,9
chcthy,sar,84,77,94,48,0.026064301757134346,5,5
r,ody,196,38,176,24,0.01987635611065755,3,3
shcthy,qol,30,147,33,132,0.01918735586115179,2,2
kchy,sar,36,77,36,48,0.01828792389898638,1,1
cthey,sar,47,77,50,48,0.017622684421256033,1,1
kar,shcthy,58,30,47,33,0.01730580438837217,1,1
ckhey,tar,32,43,32,35,0.01702513061517497,1,1
d,kal,53,30,32,27,0.016000512024577314,1,1
ckhy,ches,38,44,27,43,0.014441280189584198,1,1
d,chcthy,53,84,32,94,0.014085904245475277,2,2
ckhey,lor,32,38,32,39,0.013545709229571927,1,1
r,sheo,196,46,176,33,0.01314055908683541,4,4
r,shcthy,196,30,176,33,0.011557604715036762,2,2
sar,shcthy,77,30,48,33,0.009057287368239884,1,1
d,sheo,53,46,32,33,0.0,0,0
d,ody,53,38,32,24,0.0,0,0
ckhy,lor,38,38,27,39,0.0,0,0
sheo,sar,46,77,33,48,0.0,0,0
